transaction_id,user_id,amount,location,merchant_category,timestamp,is_fraud
9ab8180f-5647-4889-81c4-f6187925b7d5,137,9491.57,Delhi,Food,2026-01-01 03:33:50,0
b8a87d84-1f3a-44ad-a8ef-04bd300c59bd,97,572.95,Delhi,Food,2026-01-01 03:57:59,0
83e44f13-2959-45c1-b77e-6309570e9fa3,157,28749.05,Bangalore,Utilities,2026-01-01 04:25:33,1
3340f08f-e798-4b29-94e5-ad258c744f88,22,20979.24,Delhi,Utilities,2026-01-01 05:40:44,1
e1ea1d2e-9874-4952-93ed-4b5c2c4276b2,31,11755.2,Bangalore,Groceries,2026-01-01 07:37:33,0
55c94df7-1081-49b5-8757-8291f3abbd8b,373,3785.7,Kolkata,Food,2026-01-01 08:11:33,0
582d1e50-fda6-4971-97bd-21248a994696,400,3442.78,Delhi,Groceries,2026-01-01 08:37:19,0
006707ac-8b11-437f-9b0a-292a8eeea480,485,2707.55,Mumbai,Clothing,2026-01-01 08:49:18,0
cf674365-a4c1-4966-a682-c0fb159e9c9f,9,5098.17,Mumbai,Clothing,2026-01-01 09:22:23,0
b6e0e668-451b-4473-8d35-67048b1ff501,265,9735.53,Chennai,Clothing,2026-01-01 09:23:06,0
46c3e497-3546-4cb1-a8c9-aa31a05ff5e6,215,2383.64,Hyderabad,Clothing,2026-01-01 09:39:23,0
c92215cd-8641-4c79-a90f-0aace82ae245,282,5234.24,Kolkata,Food,2026-01-01 09:41:50,0
dd75b114-eb59-4057-a876-d508da53be50,43,10585.51,Chennai,Clothing,2026-01-01 10:26:10,0
54f5e2f0-9e9a-4e40-ba49-ccd561853b1a,269,2316.22,Jaipur,Travel,2026-01-01 11:23:03,0
4c4b6f67-ba3c-4c84-8901-6a1b6d5606d3,275,1418.32,Hyderabad,Food,2026-01-01 11:23:13,0
ca3df68e-501f-4252-b4f4-a51051f514cc,347,215.52,Hyderabad,Food,2026-01-01 12:07:57,0
8b5af1d2-7256-4a3e-b5e8-ea6ea335edb8,272,11695.68,Pune,Groceries,2026-01-01 12:08:23,0
a6f20f6a-aaea-4217-9bc6-9d21cf055ebe,399,11280.62,Jaipur,Clothing,2026-01-01 12:09:03,0
7fc4bd3f-84c0-4bed-9732-bacd8090661f,379,9815.8,Kolkata,Groceries,2026-01-01 12:18:19,0
864a832a-b9e3-4584-9d2f-8c0900a62f7b,270,2282.8,Hyderabad,Groceries,2026-01-01 12:31:39,0
d92d9519-9e24-4724-a47a-7b03768ae6fb,110,6869.22,Hyderabad,Food,2026-01-01 12:59:59,0
58090bcf-c565-466a-8b5c-f4732dd7549e,31,5027.23,Pune,Groceries,2026-01-01 13:12:21,0
684f1e52-22f1-4aad-8752-d9fbe4cb277f,284,11823.25,Hyderabad,Food,2026-01-01 13:19:15,0
73cc9ff1-dbcf-4223-a478-4edc384e64f5,172,21417.0,Pune,Clothing,2026-01-01 13:30:50,0
356766ec-33c4-4cd1-b44f-8e12d18b621e,214,4908.57,Bangalore,Groceries,2026-01-01 13:41:51,0
17efbc92-ae21-4ba1-b9e6-142a10d1884d,370,11409.43,Kolkata,Travel,2026-01-01 13:54:09,0
9b5c4685-dff7-41b5-9994-37b73c37fd4e,232,6456.17,Chennai,Clothing,2026-01-01 14:17:26,0
af454efe-1bd9-4156-8bcb-c392e5952436,143,1928.26,Chennai,Utilities,2026-01-01 14:44:08,0
3979d5f5-6b5b-4975-a7dc-2bc0bd9c4693,261,32258.57,Bangalore,Clothing,2026-01-01 15:23:24,0
abf419aa-2777-4053-b8ef-b79093a7f3d1,475,4647.61,Bangalore,Food,2026-01-01 15:41:00,0
fcc6713a-7cbe-48bc-875b-ce8c47054796,84,6659.28,Jaipur,Groceries,2026-01-01 16:08:40,0
0e277ff4-e168-4d2b-98a1-e189a350c524,91,7789.8,Delhi,Food,2026-01-01 16:15:35,0
ca27b91a-3a36-4c4e-b7b2-99e622cd2c19,148,10699.13,Mumbai,Groceries,2026-01-01 16:22:32,0
9b62d6d2-c6cf-47bf-b73e-54c31ef8aca7,36,8216.08,Bangalore,Utilities,2026-01-01 16:30:55,0
9f6f4967-be87-4c4f-a0af-9f67ea4a973e,252,1059.47,Hyderabad,Clothing,2026-01-01 16:57:53,0
3fb15376-31d2-4c69-bb88-cfe72944e059,442,730.35,Pune,Food,2026-01-01 17:07:49,0
11724036-6b5b-4291-b227-8a6b65945e9d,478,1004.25,Hyderabad,Food,2026-01-01 17:39:41,0
64257024-d908-46fd-8b19-0bd718e185da,496,409.52,Mumbai,Clothing,2026-01-01 18:27:42,0
1163bec0-0628-44ff-a353-a060279efe29,306,23453.23,Pune,Travel,2026-01-01 19:11:38,1
c7eb7d43-ba4e-472f-9813-9af76766d37b,328,8008.81,Jaipur,Food,2026-01-01 19:21:57,0
ac35d192-d971-4bdb-a1c3-fa94e517f508,471,6141.73,Pune,Travel,2026-01-01 20:10:14,1
05b8d242-fa31-40f1-ab17-cab6ef094662,57,4069.98,Mumbai,Utilities,2026-01-01 20:38:10,0
118e7407-07fa-48fb-a260-039de03fa5f2,162,408.35,Bangalore,Food,2026-01-01 20:54:30,0
0b568722-a8b1-412f-a234-ce94cfb05d99,120,1333.48,Kolkata,Food,2026-01-01 21:28:13,0
e854d311-3df4-47d1-a683-4d0bc2663c3f,375,4085.89,Mumbai,Food,2026-01-01 21:30:24,0
f4f9877f-765d-4fe8-91b7-896400b397cf,4,4339.34,Kolkata,Food,2026-01-01 21:58:43,0
8ef01827-fb47-4a4c-956c-f7a2a6707895,453,3459.89,Kolkata,Clothing,2026-01-01 22:13:45,0
fade9c52-42e3-4199-8ee4-498827d30b16,151,3532.25,Chennai,Groceries,2026-01-01 22:44:50,0
1a7c6479-a61b-4785-b7a3-8c0d7ac307b6,226,1510.15,Bangalore,Groceries,2026-01-01 22:49:46,0
d8e0b0b4-0c05-4506-8234-6b4476398ba6,363,5614.32,Pune,Food,2026-01-01 22:56:28,0
d0a73b72-c05e-4ade-b303-0188f378cb94,52,8409.87,Hyderabad,Groceries,2026-01-01 22:59:08,0
51f63cea-e391-4b7f-b843-ddd851e3942f,225,3220.52,Chennai,Groceries,2026-01-01 23:45:05,0
b304f7e4-923a-44be-add9-73fc3cbf0e61,204,1605.27,Chennai,Food,2026-01-02 01:29:18,0
927a1f9a-76af-4875-9668-06685c722c55,298,1134.27,Pune,Groceries,2026-01-02 02:10:30,0
f5266edf-0267-4983-b763-6b4dcadac122,57,7769.34,Kolkata,Food,2026-01-02 03:49:05,0
54a91f62-e27c-4696-b229-69aaee8c3aa6,21,15867.75,Chennai,Food,2026-01-02 06:13:40,0
0a73c838-446f-4dd4-ad64-91bbd1945931,229,8351.74,Pune,Groceries,2026-01-02 08:31:37,0
fe74c352-5704-4077-8671-074bd6dfdca5,447,7887.18,Hyderabad,Clothing,2026-01-02 08:34:07,0
13262b91-13d1-4491-9f6c-70855172a5ba,83,10120.57,Hyderabad,Clothing,2026-01-02 08:38:27,0
d8294a39-372a-457d-8c59-c04d37590e76,268,7001.97,Delhi,Groceries,2026-01-02 09:17:41,0
f1dbdc6b-60e2-4de1-b7a6-0544971f0b98,98,830.83,Pune,Clothing,2026-01-02 09:57:48,0
11cfc867-958c-45ce-8194-d14a478b0dfb,269,7311.41,Jaipur,Groceries,2026-01-02 10:06:07,0
1f2cac5b-c4db-4e36-9980-de61b89376e5,435,3503.5,Kolkata,Clothing,2026-01-02 10:16:51,0
61f53bab-2c52-4dee-86b1-5cf8a205ebdc,385,4097.19,Pune,Groceries,2026-01-02 10:28:41,0
9ecc4181-f256-4a65-a7eb-7bae6e143f9d,342,10415.84,Chennai,Clothing,2026-01-02 10:46:42,0
7383f5ed-92ff-4ec1-8e0f-e7afb3a5d2cb,22,6031.85,Delhi,Food,2026-01-02 10:51:16,0
1a1b0257-dd4d-4474-8c4d-b74acaabdbd9,69,4049.4,Bangalore,Clothing,2026-01-02 10:52:36,0
12e184ce-f327-4dbb-9605-dfb39903b63f,82,11201.62,Delhi,Clothing,2026-01-02 11:05:38,0
a3fb6609-334b-42a2-b9fc-9c3f32063388,497,7926.35,Pune,Groceries,2026-01-02 11:32:52,0
a8f8687b-b766-4c85-a99c-37b3a4195fe4,344,1926.61,Mumbai,Clothing,2026-01-02 11:45:02,0
ed361cfd-b462-4d76-84d1-52f02b6ea77f,201,2751.77,Bangalore,Food,2026-01-02 11:45:54,0
5f942c43-b989-4884-9752-2610482a68ff,252,7614.95,Hyderabad,Clothing,2026-01-02 12:43:39,0
5bf14572-57e6-4ee7-bf9f-dac8b89f1b65,211,4550.7,Bangalore,Clothing,2026-01-02 13:12:45,0
82dc4b59-c770-407a-9fd3-5c48aac96e71,250,33275.44,Pune,Groceries,2026-01-02 13:41:32,0
4b475a0b-8baa-4659-a06f-da4bdba1586f,255,6062.91,Pune,Clothing,2026-01-02 14:26:34,0
37f39aac-e2ad-428b-913c-9f250b3f953a,89,3863.26,Kolkata,Food,2026-01-02 15:14:04,0
84c11826-d910-498c-afa1-7fe6698e0981,75,11578.63,Mumbai,Food,2026-01-02 15:53:28,0
f0ef857c-5dbf-4152-b27a-22ca801a6259,101,8617.3,Pune,Travel,2026-01-02 16:06:19,1
cd16aeab-72c8-4629-85dc-9a48bca9864a,450,6308.27,Hyderabad,Clothing,2026-01-02 17:51:14,0
f7748fd7-a8fe-4812-a6a0-826e66fce431,102,8690.88,Jaipur,Food,2026-01-02 17:53:27,0
aeb47cf3-5bea-4285-98ab-65d0e53428c5,234,749.06,Delhi,Clothing,2026-01-02 18:04:49,0
83674372-d33e-4b2c-bceb-cc1d6c019c07,238,11953.72,Mumbai,Groceries,2026-01-02 18:06:05,0
6ccb9163-4d8e-4d5e-8df4-73bbc577d3a5,412,1632.0,Chennai,Food,2026-01-02 18:29:00,0
4c33bad3-fd8f-4ea8-b920-9ed6752e9f49,170,5269.38,Jaipur,Food,2026-01-02 18:33:25,0
3c678ad5-ee45-48cc-aa04-80c12f341515,39,18866.49,Pune,Travel,2026-01-02 18:44:39,1
ec40d95a-b1ee-4f64-890b-23ed2ae1d0bc,399,6200.69,Jaipur,Clothing,2026-01-02 19:21:26,0
8c39dec5-8300-42d1-b5ed-c34d4b4ac13a,167,9581.41,Jaipur,Food,2026-01-02 19:29:10,0
d0e915d4-d503-42a8-a47f-9c7e07ec2d32,3,5016.64,Hyderabad,Clothing,2026-01-02 19:31:48,0
598ca3f3-c597-4d37-8fb9-00f995f13e18,125,7888.62,Bangalore,Electronics,2026-01-02 20:08:49,1
639d8fe7-790b-485c-b55c-ca9cfb6bf1dc,425,9240.93,Jaipur,Clothing,2026-01-02 20:28:15,0
1951c42e-9cd4-411a-a594-7d31707258dd,375,4152.47,Mumbai,Groceries,2026-01-02 20:58:04,0
a5dd0531-3b20-4dc9-96de-7e836fcd43f9,195,1514.7,Hyderabad,Food,2026-01-02 21:07:05,0
aff50f41-0d2b-4bd6-b12e-2094d82e0601,493,2977.57,Chennai,Utilities,2026-01-02 21:27:22,0
adacbf26-34e5-4d9c-8a6b-802b9fe8c455,62,9342.72,Bangalore,Groceries,2026-01-02 21:37:29,0
877aef52-4878-4777-a257-5b992421f817,142,7754.14,Chennai,Electronics,2026-01-02 21:38:48,0
57ba9b4c-e450-4dd3-94bf-4f30eb26cc82,404,7895.98,Mumbai,Clothing,2026-01-02 21:44:28,0
852afbbb-7cc7-4fa2-bef7-b720cf8cd3f4,1,11916.99,Mumbai,Groceries,2026-01-02 21:48:47,0
b22d2bfe-0ab3-4cb1-a53d-6c17b149324b,354,5022.31,Delhi,Food,2026-01-02 22:12:52,0
9b730414-38da-45d2-81e6-4ad3cbd61cfd,474,8000.52,Pune,Electronics,2026-01-02 22:38:01,1
3bf85406-389d-4267-b7c2-5d94cef44098,228,335.4,Bangalore,Food,2026-01-02 22:45:22,0
f9cc596e-37e7-4948-8903-c8c72e8992cc,271,22695.07,Hyderabad,Groceries,2026-01-02 23:36:23,0
0e8756e2-11a7-41eb-a20b-f1d165d88c24,239,4529.48,Mumbai,Clothing,2026-01-03 00:13:45,0
6150e216-2fd0-49b1-9f68-1283d4bed77b,194,2917.3,Mumbai,Clothing,2026-01-03 01:08:27,0
c88e19d8-bfe0-4a93-8a35-55a77326175e,264,7862.52,Mumbai,Food,2026-01-03 03:37:21,0
dd49ab10-8efe-4e88-a2e0-7952a9169a38,302,195.52,Delhi,Groceries,2026-01-03 03:53:50,0
82866d40-0fb4-4d98-baac-8a0a6d134ea8,219,1182.13,Pune,Food,2026-01-03 06:33:19,0
96502ed4-8dc1-4db4-a406-522ff2ef3eb1,146,5341.36,Chennai,Food,2026-01-03 08:02:02,0
7a31942c-cd80-47ae-8c84-7125e3c80e02,199,10156.99,Jaipur,Clothing,2026-01-03 08:29:38,0
31227592-3db0-4235-a61e-2555863e1f2a,7,3369.41,Mumbai,Groceries,2026-01-03 08:32:52,0
74a41600-af56-4306-a76c-01fb62e38426,219,11331.79,Pune,Groceries,2026-01-03 08:33:56,0
d3aedf22-1afd-44fb-b4af-1e0344fc2c7d,351,2432.08,Bangalore,Food,2026-01-03 08:49:53,0
c45de840-ec25-40fa-98b1-d51e725d71f1,370,8505.45,Kolkata,Groceries,2026-01-03 09:44:32,0
01dc93be-7b7c-4b7f-8a20-cadccbcca54b,297,219.14,Jaipur,Food,2026-01-03 10:01:58,0
df2ddf20-05a4-4113-901d-759e3066478c,322,11637.94,Pune,Food,2026-01-03 10:30:22,0
732fc932-ab96-4697-81e1-f813747ac231,258,7972.78,Mumbai,Clothing,2026-01-03 10:53:25,0
0810da56-0990-4f9b-8722-d6d922fa304d,73,10333.0,Pune,Food,2026-01-03 11:13:54,0
9423482e-0b55-4913-8375-70348e602083,486,23395.18,Bangalore,Electronics,2026-01-03 11:41:24,1
2f4aea47-74d6-4ce1-aa40-1f26f15228f4,359,5567.86,Kolkata,Clothing,2026-01-03 11:41:30,0
a3adad40-7a02-471b-b40f-70b7689b6250,7,31992.89,Bangalore,Food,2026-01-03 11:56:07,0
d7e0a041-ee23-4837-8431-00e0b1988656,134,12517.04,Delhi,Clothing,2026-01-03 12:17:31,1
5219f84c-89c9-424f-a0c8-6d6e9f7c0966,488,4383.71,Kolkata,Food,2026-01-03 12:39:18,0
f2226115-05de-4976-9765-902adae221e8,428,3236.67,Jaipur,Groceries,2026-01-03 13:28:55,0
f1e52e88-9511-4968-9ae5-afa61e786fa2,417,2693.36,Chennai,Groceries,2026-01-03 13:30:13,0
e3d1a77b-0b0a-424c-9ca4-3f6a5e4db302,426,5409.88,Chennai,Food,2026-01-03 13:44:25,0
adc1dc19-dba0-4812-b9d1-afc80aaab2ca,192,29189.15,Hyderabad,Food,2026-01-03 13:49:20,0
564e37d8-7f95-4cc7-95e0-0ea2788792b7,217,7015.32,Jaipur,Food,2026-01-03 13:56:28,0
8cf7816c-2fd6-4583-8e5e-38d2dc189e63,356,6114.67,Chennai,Clothing,2026-01-03 14:00:39,0
7881a492-6320-4fa9-8bf3-ee35d3925553,315,5480.25,Mumbai,Food,2026-01-03 14:21:13,0
79a82e2c-d116-4bc9-ac72-4fcbe621de87,70,9745.96,Chennai,Groceries,2026-01-03 15:15:38,0
3cfc3cd4-d3a4-4e2f-b7be-1204cf8a360c,85,5653.08,Hyderabad,Groceries,2026-01-03 15:19:44,0
5dd92744-44e5-47ea-ba82-b37c59259acd,366,4207.69,Bangalore,Food,2026-01-03 15:27:46,0
9fc40512-ac1e-4e4f-a76f-b09a936257ac,347,7796.07,Chennai,Food,2026-01-03 15:29:00,0
b344dde4-bcac-4426-bad0-190f0dc55340,409,3616.86,Jaipur,Clothing,2026-01-03 15:59:05,0
65cd5ee7-5eeb-48bf-9b7a-a110f140ab80,126,5502.47,Delhi,Food,2026-01-03 16:08:05,0
45957a60-194d-497d-b09d-cd19413b4e20,69,7778.12,Hyderabad,Clothing,2026-01-03 16:32:41,0
51a1f5df-06ac-4010-ae08-69c1453b45fe,407,9404.8,Chennai,Groceries,2026-01-03 16:50:31,0
c4a9a7c5-9797-4b0b-b24b-2851c8a41ff0,284,1765.26,Hyderabad,Food,2026-01-03 17:13:07,0
c86c6544-a7d4-4f50-b791-f1e543f9cd6b,418,8118.3,Hyderabad,Clothing,2026-01-03 17:19:50,0
ef84102c-133d-4c86-adc6-be6ec3a6ff1d,87,3390.15,Mumbai,Clothing,2026-01-03 18:50:34,0
69e0d8c3-b8e2-4864-a0f0-c823d0778d1f,415,8640.62,Jaipur,Groceries,2026-01-03 18:51:08,0
2611019a-51e1-458d-93b2-ad0f606fdeea,331,7530.51,Pune,Clothing,2026-01-03 19:10:07,0
64c6a7c7-61f3-40e5-96ac-48c935816cb4,142,3058.87,Chennai,Clothing,2026-01-03 19:34:09,0
5a3df40e-9260-4ddc-b69d-57be4fd69e6a,476,11968.49,Kolkata,Food,2026-01-03 19:45:27,0
a2ed22e3-adde-459d-8abd-78b0a65c87d4,63,11258.91,Delhi,Clothing,2026-01-03 20:08:34,0
00e499b5-925f-4b67-9825-27b447412b10,441,414.04,Jaipur,Food,2026-01-03 20:14:27,0
1be52474-bb14-4720-b9d2-6141c5a435cb,374,5691.0,Kolkata,Groceries,2026-01-03 20:17:55,0
796c6ae6-fc19-485d-92d1-3d77da532699,203,1546.3,Mumbai,Groceries,2026-01-03 20:37:05,0
20b552d5-07a4-4981-ba3c-680daf58c1a0,191,1225.78,Jaipur,Clothing,2026-01-03 20:37:52,0
7599b3df-889b-4b65-9723-52ce21ecd4d2,159,3711.12,Pune,Groceries,2026-01-03 21:00:10,0
3e483c18-dfaa-4657-a604-4516b2676a5d,99,33779.19,Bangalore,Clothing,2026-01-03 21:21:49,0
0f561d30-a198-4d6d-abd1-1bf2a6eb32c7,141,36682.56,Pune,Electronics,2026-01-03 21:28:52,1
e103f40a-7039-4c54-b8ad-0d715f034080,194,23360.0,Hyderabad,Electronics,2026-01-03 21:50:34,1
dd811c65-1f56-4aa2-ad9a-7dd60c075053,182,9365.5,Bangalore,Groceries,2026-01-03 21:59:33,0
f2ff7a3b-0edc-4761-968e-80f1a0de7b0f,65,4900.33,Pune,Utilities,2026-01-03 22:10:49,1
2ec36411-24df-4dcc-890c-cf972b0c456b,252,2248.05,Hyderabad,Clothing,2026-01-03 22:20:24,0
dbcc1f66-51ab-4581-919e-75ab60152641,261,5941.08,Pune,Groceries,2026-01-04 02:27:39,0
19a12723-287d-4f8e-ab74-18988673cf07,15,10676.96,Bangalore,Groceries,2026-01-04 02:58:26,0
7f0927bb-041d-42a2-b8c3-2a7268df70ee,238,6410.13,Pune,Electronics,2026-01-04 04:42:20,1
51cfa3c7-57fa-4401-bf8c-7b8022f1567d,8,12462.01,Delhi,Food,2026-01-04 06:44:44,1
401b9ca1-8db8-484f-b927-0d71e99f77d2,20,5245.79,Pune,Food,2026-01-04 07:22:48,0
a2637d77-c186-4bce-a334-db0652acde30,286,10130.43,Hyderabad,Food,2026-01-04 08:02:14,0
1070750e-5096-4bc4-a6b6-fe310a9cf3f4,131,2425.82,Bangalore,Clothing,2026-01-04 08:04:56,0
f5494b5d-071e-420f-ae0b-214f5e2d5f94,165,8693.91,Hyderabad,Clothing,2026-01-04 08:48:56,0
693159c6-9fcd-4c7f-b2c8-36eea1e41b94,171,38826.27,Mumbai,Electronics,2026-01-04 08:51:33,1
04e383eb-afca-425a-bc7c-dc3e99dce819,375,7241.05,Mumbai,Food,2026-01-04 09:05:06,0
75043b12-087d-49a5-9c91-e8e54f30d268,237,898.91,Chennai,Food,2026-01-04 09:11:02,0
920d9b29-7e6e-4879-aa18-801c1dae1e4f,2,10464.5,Pune,Food,2026-01-04 09:32:13,0
399b29fc-5f5c-44f9-9d73-1175e207dbb6,303,7581.66,Bangalore,Groceries,2026-01-04 09:33:54,0
8b795457-b2ad-48bb-99e7-30e96135f432,383,2658.83,Hyderabad,Food,2026-01-04 09:53:57,0
556ff3c1-8207-4e01-ae4c-1501808f8cb9,137,6417.54,Delhi,Clothing,2026-01-04 09:59:35,0
9f162c70-17d0-40fc-a63a-b8e8e6e723a2,204,600.31,Chennai,Food,2026-01-04 10:10:07,0
3d37f8db-3615-4efa-9bdb-e2346218dfef,242,6774.89,Mumbai,Food,2026-01-04 10:41:01,0
aa6eabc0-b20b-4a2d-8f04-2c41de547afa,80,3320.79,Pune,Clothing,2026-01-04 11:08:26,0
587b521c-2888-4146-844c-978372da02d0,396,304.89,Jaipur,Groceries,2026-01-04 11:45:11,0
20061fdb-16ee-4513-99d1-24151192a38f,45,10559.85,Bangalore,Clothing,2026-01-04 11:57:08,0
28c65bf1-591f-40de-82cf-d58b55531aed,332,11348.28,Delhi,Utilities,2026-01-04 12:16:06,1
17b77a09-5498-4bc0-a82e-d3bec5897cd2,360,10112.07,Kolkata,Groceries,2026-01-04 12:25:11,0
f633f59d-029d-4a45-b084-435cf8c7ca32,127,30834.21,Kolkata,Food,2026-01-04 12:28:10,1
3070135c-de29-437f-bdaa-1cf5921fcaca,241,6722.46,Bangalore,Groceries,2026-01-04 12:30:35,0
23e96b81-004e-4721-8cc8-fa21b601e5b2,181,5886.85,Jaipur,Clothing,2026-01-04 12:36:40,0
fc58cd22-c69b-4d9e-a948-c42a27a53571,462,9340.63,Mumbai,Food,2026-01-04 12:39:46,0
4a086284-b35a-4b1c-9625-583a6b32264f,312,2985.95,Delhi,Groceries,2026-01-04 12:51:25,0
1357a7de-5cfc-4f3b-b3be-3dbbb1dd92d6,221,27963.14,Delhi,Travel,2026-01-04 13:04:23,0
12b2b757-1f9b-4f4c-b49b-f73a27a351ff,152,9547.98,Mumbai,Food,2026-01-04 13:13:24,0
177d6e7e-07d9-44ce-b8c8-8faea2178f84,137,8462.12,Delhi,Clothing,2026-01-04 13:22:00,0
61ee6c5b-deef-480f-9c07-a75114374509,463,30922.87,Pune,Groceries,2026-01-04 13:27:09,0
d8687bc0-7de7-4a5a-8f22-fd57bb5d13c5,495,1148.54,Bangalore,Food,2026-01-04 13:31:46,0
6272a109-5f18-4f9d-bf71-81a39b6453a8,73,8208.14,Hyderabad,Travel,2026-01-04 13:45:22,0
97b027ce-4fe5-413b-a5e8-c1983c10316d,299,7539.32,Bangalore,Clothing,2026-01-04 14:22:22,0
04727dff-9014-4b7b-addb-870ae3c9682b,19,8361.94,Jaipur,Travel,2026-01-04 14:36:24,0
88a193a4-4943-4607-a255-f721c40add0d,131,7387.64,Chennai,Clothing,2026-01-04 14:42:27,0
d515e880-4f1a-4d59-bdd9-2173ce1de4b8,52,38768.14,Jaipur,Electronics,2026-01-04 14:46:51,1
b2fdaa38-ae5e-41fc-9eee-5114823d269c,274,21058.92,Delhi,Groceries,2026-01-04 16:03:52,0
6feb3d46-15f3-49e1-a170-ef5391378b3e,133,2845.58,Hyderabad,Clothing,2026-01-04 16:05:36,0
96e37c60-af25-4195-b631-3a8b7c09fd85,497,6274.65,Mumbai,Groceries,2026-01-04 16:09:17,0
13445e51-16bc-4b52-868e-61e5a19fe22a,386,328.96,Chennai,Clothing,2026-01-04 16:42:37,0
f2a83faa-f11a-41f5-8826-80f934010b60,87,572.97,Pune,Food,2026-01-04 16:51:12,0
e02beeab-4c7e-4b29-94a8-43fcb71ddd8d,443,10657.04,Chennai,Clothing,2026-01-04 17:12:33,0
a43c2d7b-1a6d-4344-9f08-d24c91d7661b,371,2741.15,Pune,Food,2026-01-04 17:28:56,0
cca5ac2e-6d56-4dcc-bb99-1df719ceafee,490,2153.27,Delhi,Clothing,2026-01-04 17:58:39,0
d0005a6e-c6b4-4d8d-9510-a9c286782814,55,2333.91,Mumbai,Clothing,2026-01-04 18:02:11,0
1f0c033b-a5fc-482f-bdbd-331984fef0f5,6,3651.49,Delhi,Food,2026-01-04 18:24:31,0
c355853e-b0d9-451c-acc0-067f141f746e,156,1511.3,Chennai,Clothing,2026-01-04 19:09:44,0
ba51f278-e7b8-4544-956f-403a33a7bb68,114,8076.13,Hyderabad,Clothing,2026-01-04 19:24:56,0
7d10257c-b3f4-4487-b3bf-de5f8f16fac0,137,11561.96,Delhi,Food,2026-01-04 19:28:51,0
2495c5a2-c64e-4eca-b20d-ac54b4ef32c2,171,10792.11,Chennai,Clothing,2026-01-04 20:00:43,0
8f31bafd-dc15-43bd-83ba-09e8be347890,277,8086.96,Mumbai,Clothing,2026-01-04 20:25:51,0
609626ba-b03a-441d-be90-11e8035bd879,421,449.84,Chennai,Clothing,2026-01-04 20:26:07,0
32b9f778-02c6-4749-8df1-c9623d981e03,89,9945.33,Kolkata,Food,2026-01-04 20:36:42,0
2d12831f-b4c7-44f0-8f44-53022e25acf4,361,9396.95,Pune,Groceries,2026-01-04 21:11:30,0
62f5f7c2-0706-4ec2-88fa-4e981723ecdb,349,5916.56,Pune,Clothing,2026-01-04 21:30:37,0
b5e2cf5d-4547-48d9-90d1-cc8aeb0a0a80,144,7236.45,Hyderabad,Clothing,2026-01-04 21:42:58,0
e28c259c-8124-4407-9870-fafa835108d8,338,7959.24,Bangalore,Clothing,2026-01-04 21:59:57,0
963cabb0-a4c0-4b48-a4a9-a9b14cf21d8c,483,4729.28,Hyderabad,Utilities,2026-01-04 22:17:26,1
21abbbf2-4087-450b-b80b-ba34f31f2408,18,9026.43,Chennai,Groceries,2026-01-04 22:44:07,0
dda49b2f-a2b2-41a1-947e-696062e1b0ca,359,1366.12,Kolkata,Clothing,2026-01-04 22:48:48,0
99a26957-ef3e-4952-ae82-3445968a89d4,294,1514.09,Delhi,Groceries,2026-01-04 22:57:10,0
e59728c0-0512-4e3a-921f-c6d03de78d0e,300,9621.19,Mumbai,Groceries,2026-01-05 03:03:12,0
5bfff26b-acfd-40c8-9e06-8ae38a7b3b88,488,1851.29,Kolkata,Food,2026-01-05 03:15:23,0
55e8a367-cce8-4b43-9cd6-a64988b210d2,26,4020.79,Delhi,Clothing,2026-01-05 03:20:23,1
9c0851d4-8f20-4a19-90a8-36ae2977fb6e,97,10113.52,Delhi,Food,2026-01-05 03:34:50,0
f6d0e554-d49d-42b6-8ee0-d40a680cbf6e,403,4133.65,Mumbai,Clothing,2026-01-05 05:47:15,0
bde11274-f5d5-4ba8-a03b-5f176f343313,126,3459.51,Mumbai,Clothing,2026-01-05 06:00:24,0
e2768326-879d-4591-9dae-c5b75915455d,390,10481.02,Hyderabad,Clothing,2026-01-05 06:39:54,0
84d1bd4b-d0f9-494d-9579-0a83a2dab49e,203,3534.58,Mumbai,Clothing,2026-01-05 07:18:33,0
c3a4771a-04c9-4e0a-afc7-fcd6d59ac1d7,41,5145.57,Bangalore,Food,2026-01-05 07:26:10,1
f94d8fcb-dba3-496f-ba32-3f6990dbfad6,389,4613.24,Bangalore,Food,2026-01-05 08:40:00,0
23d13c7f-1161-4b5e-ad4c-8325105a4d40,390,3955.77,Hyderabad,Clothing,2026-01-05 08:56:32,0
2f369832-611b-42ab-b4aa-babd39757433,429,7100.06,Chennai,Groceries,2026-01-05 09:03:17,0
a2e93a9d-f5f7-4def-a318-c5c6e3c3ecf7,303,11541.02,Bangalore,Groceries,2026-01-05 09:06:26,0
ba1cf2b3-cfb6-4b2a-8563-9b3f570da126,204,6562.66,Chennai,Food,2026-01-05 09:11:12,0
03cacbba-27c1-445c-8d8c-e2794d80c50f,315,4641.25,Mumbai,Food,2026-01-05 09:20:08,0
1a531cf9-b3a4-4d11-bbd5-ea4d3446d700,312,5604.82,Kolkata,Groceries,2026-01-05 09:25:57,0
85fab5ea-1407-4edb-8456-ce4f77061136,188,6860.98,Bangalore,Travel,2026-01-05 09:37:30,0
abe278a8-1860-40e9-ab01-2fae0b8a93b1,182,1541.21,Bangalore,Groceries,2026-01-05 10:32:02,0
130bb2a3-fb37-4648-a97a-c96dd9885d2a,151,753.46,Chennai,Groceries,2026-01-05 10:44:16,0
3cf52c19-c392-4bcf-b3fd-3a9c6aa96aef,259,1272.46,Mumbai,Clothing,2026-01-05 11:18:25,0
9513f63c-e24a-4913-95dc-420830cae543,78,39250.52,Hyderabad,Utilities,2026-01-05 11:18:33,1
fc2886bf-ae26-43f6-b218-f17b7d7ce791,111,2388.28,Delhi,Groceries,2026-01-05 11:59:48,0
4ca9cf07-b1aa-4f6a-aa96-e1e27194eae2,278,2893.77,Delhi,Groceries,2026-01-05 12:14:47,0
e27ce6ea-3a1b-46b9-97ea-38ad35b00f9f,182,8300.62,Bangalore,Groceries,2026-01-05 12:21:01,0
68cc3596-dd7f-45d5-b0b4-c0d98a7380fd,386,10682.69,Delhi,Food,2026-01-05 12:32:17,0
586a903e-0c68-4a77-8eb6-8d21989bdcfc,203,15755.25,Kolkata,Clothing,2026-01-05 12:50:24,1
f2cf6112-05c8-4765-8f2a-32f908724db8,448,5605.08,Jaipur,Food,2026-01-05 12:58:09,0
59e17c9f-3773-4211-bb7c-1723184dab14,152,4007.39,Mumbai,Utilities,2026-01-05 13:09:56,1
dac2e65c-603b-4b90-9729-0ea54cd26e06,107,9975.41,Kolkata,Groceries,2026-01-05 13:58:45,0
36686511-44c1-44c0-befe-0940d555186c,243,9324.63,Pune,Clothing,2026-01-05 14:26:27,0
d142a871-05b2-422f-b603-768daa7694d9,173,3050.95,Jaipur,Groceries,2026-01-05 14:37:32,0
8a0ec018-b297-49b2-b2cf-fcaef833ebfb,15,10338.39,Bangalore,Groceries,2026-01-05 15:29:55,0
f2426fc5-658f-4a75-8cb4-5fb8815d1364,182,5848.8,Bangalore,Groceries,2026-01-05 16:04:33,0
ebc8f6b7-ee22-4f70-8359-9c6d1224cbd2,51,10051.96,Chennai,Clothing,2026-01-05 16:39:44,0
d1753cd1-dd69-4f6b-b6b3-5303c7195dd0,126,4820.07,Mumbai,Groceries,2026-01-05 17:11:41,0
456f99c2-01c6-404b-9049-ed0c9a13b77e,251,9820.67,Delhi,Food,2026-01-05 17:20:39,0
692e07b6-0b2f-4d5c-b00b-5d5fb89f72f3,270,10529.07,Hyderabad,Groceries,2026-01-05 17:24:09,0
f584be70-337d-4d2a-9bf5-387a24b93e10,326,3387.9,Bangalore,Food,2026-01-05 17:33:20,0
b8d7e825-bd6f-4707-b17d-64df35e8f24a,89,3257.21,Mumbai,Clothing,2026-01-05 17:51:43,0
d575c7dd-a074-429b-a0c8-6edd0a8b2292,154,5710.9,Chennai,Food,2026-01-05 17:56:06,1
6f2ca30a-0011-413f-bfe0-69639d38eb9c,322,10553.05,Pune,Clothing,2026-01-05 18:30:29,0
cab8aadd-8a9c-4a82-8263-17e847e02c05,429,8863.26,Bangalore,Groceries,2026-01-05 18:40:09,0
3a5e142b-02b8-468f-8e37-4129323f4127,254,6379.75,Kolkata,Food,2026-01-05 18:41:19,0
b0f344f3-4853-44ba-85b7-4cf277b65950,163,4996.57,Kolkata,Food,2026-01-05 18:46:15,0
25b5554a-ef1b-40ea-8a5d-95a7df0b1449,236,3269.5,Bangalore,Clothing,2026-01-05 19:07:47,0
cfd1c57d-9f35-4ec1-9435-91cc06ea8ac9,166,17797.43,Hyderabad,Groceries,2026-01-05 19:19:53,0
cc077174-216a-4985-ab56-a8895121be73,39,10851.16,Pune,Clothing,2026-01-05 19:20:48,0
81f25a73-7f20-4661-891d-16431aa3c18e,360,942.08,Kolkata,Groceries,2026-01-05 19:39:59,0
bed96c70-df21-42e2-b056-786c45a275bc,185,928.63,Mumbai,Clothing,2026-01-05 19:50:16,0
0ff0d7fa-752a-4320-bdaf-6854b7e088cb,277,5941.58,Mumbai,Food,2026-01-05 20:04:54,0
cb33478a-f7b5-405b-99c1-d16c1fdb563a,413,10235.29,Jaipur,Groceries,2026-01-05 20:29:35,0
2e82ae67-4a1a-4a93-ab53-520533b35cf6,325,3944.59,Mumbai,Groceries,2026-01-05 21:37:31,0
c1cdc9a4-5738-4277-8576-44724fefc63f,44,4740.92,Delhi,Clothing,2026-01-05 22:08:33,0
ad476c1e-6eb9-4e26-8e25-932175fb4469,190,11872.05,Chennai,Clothing,2026-01-05 22:19:36,0
f159362b-56fe-4897-8f14-709852b50d5c,401,10300.04,Mumbai,Groceries,2026-01-05 23:06:27,0
b95175be-5c89-458a-96b4-4b0c576bd523,241,5661.02,Bangalore,Clothing,2026-01-06 00:00:42,0
7bd6dfba-b1d3-41a2-83cc-d7455a60ae76,393,4830.71,Pune,Groceries,2026-01-06 00:42:32,0
8429fd10-2cd9-4139-8c62-62d5c2da6c78,73,8263.53,Mumbai,Food,2026-01-06 01:16:44,0
3f8d50a6-b90b-4a39-bdad-0327cc581b77,473,11671.29,Pune,Groceries,2026-01-06 02:17:06,0
781f018a-0ae2-488e-ba1b-2bb4e432f23e,386,10547.77,Delhi,Groceries,2026-01-06 05:17:47,0
399388f9-80e6-43de-9539-7a02c6ca565f,19,7264.41,Jaipur,Food,2026-01-06 07:43:10,0
c6097cd8-a127-4c6b-ab9b-153d35f5c654,250,7853.19,Hyderabad,Food,2026-01-06 09:06:10,0
e8a13331-4044-42f9-be75-2dea12ebfd94,145,6591.39,Bangalore,Clothing,2026-01-06 09:46:03,0
1a50dc62-2830-4f49-aa2b-9b894fcf4a3e,281,11913.76,Bangalore,Electronics,2026-01-06 09:52:16,0
377a163b-0eef-4e0b-b9cb-f01ffa08c994,440,4072.75,Jaipur,Food,2026-01-06 10:03:11,0
495a610c-e77d-4c0c-92f1-4a6edbba78ff,468,8296.42,Chennai,Groceries,2026-01-06 10:06:31,0
fae49ce7-05a9-425a-971d-51918a41c4f3,132,6958.17,Mumbai,Groceries,2026-01-06 10:35:58,0
25106cd4-3457-43f2-a77b-f4cfc797daf5,142,4605.55,Chennai,Clothing,2026-01-06 10:38:45,0
69ff7726-2494-4f1c-8fc0-f04fbfe68aa9,274,11642.86,Delhi,Food,2026-01-06 12:12:18,0
dc4e03c1-fd2c-4dc5-888d-337bd8ed0566,352,7049.57,Mumbai,Food,2026-01-06 12:44:29,0
20f8260c-bf10-445a-9dd3-c5d218927ebd,383,7602.69,Hyderabad,Clothing,2026-01-06 13:15:31,0
7233060c-b0c5-48f2-9ab4-45ac569c16ba,472,3862.58,Bangalore,Electronics,2026-01-06 13:29:32,0
57eb89b1-d65e-49dd-a62d-2d06cf9b8558,406,9736.81,Hyderabad,Clothing,2026-01-06 13:38:30,0
ab6c940a-397e-49f4-98e3-b5f9b752615a,273,6539.04,Mumbai,Groceries,2026-01-06 14:05:50,0
bb9fe5e8-43c2-44ca-9944-a886808b902f,327,8605.77,Hyderabad,Utilities,2026-01-06 14:19:52,0
fa6e3743-fef9-4d57-bc77-ea4a4d654036,12,6400.04,Mumbai,Food,2026-01-06 14:47:10,0
a8fdc8ef-9ccb-426b-8308-62517133dbef,213,9505.54,Pune,Groceries,2026-01-06 14:57:00,0
a670af0f-c405-46bc-bf2c-37dc6bfcabd7,315,10076.0,Mumbai,Food,2026-01-06 15:31:11,0
bc4716ad-0970-409d-9270-c935ecc0baa6,370,2618.97,Mumbai,Groceries,2026-01-06 16:29:43,0
0c17e38a-f7cd-40ec-878e-4c5484e293ee,100,6609.39,Pune,Food,2026-01-06 16:47:56,0
10138f7e-cab5-49f3-b70f-dc0ca085df47,395,8657.38,Jaipur,Clothing,2026-01-06 16:48:29,0
70ce97ab-2fb9-471e-a731-1279c1077860,369,4241.05,Chennai,Clothing,2026-01-06 16:58:34,0
a0157233-baf9-4557-b642-35139ba143ac,154,6898.24,Bangalore,Groceries,2026-01-06 16:59:52,0
edbb9ff5-30f0-44a8-b8a6-4a027d356539,368,36642.14,Mumbai,Electronics,2026-01-06 17:07:07,1
cc44cd22-70e3-4ee9-8577-679b69beea26,129,1410.6,Chennai,Food,2026-01-06 17:23:01,0
90f768c1-78e5-4b57-a711-dacec8255d4a,33,7167.01,Kolkata,Groceries,2026-01-06 17:24:35,0
fdbf4aa4-e211-4c10-9368-c594e09b6f17,21,3751.41,Bangalore,Clothing,2026-01-06 17:41:56,0
e0bd3fe7-de4a-475d-815d-d885ea4d9316,11,6387.29,Bangalore,Food,2026-01-06 17:49:36,0
7e49f0eb-69be-4e6e-b5e2-f593895e9fba,496,1197.33,Mumbai,Clothing,2026-01-06 18:32:07,0
f601e005-c4c4-469f-baeb-e15d4f3c9771,195,10955.81,Hyderabad,Food,2026-01-06 18:55:09,0
90914ba1-5042-4c91-ae72-efd7d36085f9,336,4305.14,Jaipur,Clothing,2026-01-06 19:00:36,0
8036d3d8-8642-4701-8371-151cd4c037c4,56,3485.9,Kolkata,Food,2026-01-06 19:06:54,0
e05fb8bc-8a16-406c-8958-e75e21d53971,331,5345.8,Bangalore,Groceries,2026-01-06 19:08:05,0
4d9bc918-8e9f-48b6-a36f-4ce6f4d4fbe4,448,6877.97,Jaipur,Groceries,2026-01-06 19:12:32,0
f353f39f-d221-4599-9b15-e6a383a6ffe3,182,18971.36,Kolkata,Travel,2026-01-06 19:20:20,1
ce56e8a6-0414-4aec-a641-48d68419210e,96,11950.61,Delhi,Clothing,2026-01-06 20:41:01,0
784c2537-f2d0-415c-9afa-1c944ee26290,329,4779.88,Delhi,Clothing,2026-01-06 20:58:21,0
662dffb1-cdfd-4fe9-b461-eef8737ee7e5,195,441.29,Hyderabad,Travel,2026-01-06 21:11:16,0
bbb6a450-471c-4f3d-88af-e74a0d06959f,219,20447.12,Pune,Food,2026-01-06 21:17:50,0
0c3ce284-c7e5-4bbb-9cb5-1c535b62a8df,103,3789.9,Hyderabad,Clothing,2026-01-06 21:34:30,0
049fb2fd-9313-4a0f-b5d6-a7930003fd3e,249,9376.08,Hyderabad,Food,2026-01-06 21:36:09,0
7eedbecb-6ac8-4e62-bc94-a17ccc8d6394,395,3192.21,Jaipur,Clothing,2026-01-06 22:45:35,0
bfd7d03f-552f-4fed-a10e-6d9e0c4ed3f4,202,5305.28,Pune,Clothing,2026-01-06 22:47:52,0
2de6f4f5-6798-4259-b19b-e0ca2f7d1391,234,4502.07,Pune,Groceries,2026-01-07 00:39:23,0
5809f249-db90-4232-bbdd-41b37b142917,324,11756.41,Delhi,Clothing,2026-01-07 00:53:50,0
43eddd87-9131-45c3-b13d-0a0f4ebe4453,217,5336.45,Jaipur,Food,2026-01-07 02:11:16,0
91854a6f-4881-4682-87e0-5801ffcb13bc,424,9373.35,Mumbai,Electronics,2026-01-07 02:44:12,0
62f32fae-a63f-4f12-a226-a768de0e9c53,139,11347.6,Mumbai,Food,2026-01-07 04:42:54,0
45fa8cb6-cfb2-4f29-81fe-7f645259ab00,22,6448.01,Delhi,Groceries,2026-01-07 07:22:58,0
b713f415-fa79-447a-b2d7-c5a0c27d990a,487,6864.25,Pune,Food,2026-01-07 08:15:12,0
3a5b6ac5-de70-4b72-b8f5-8a261924c644,122,11057.94,Bangalore,Utilities,2026-01-07 08:21:52,0
2bbba89d-34fa-4ee1-8696-9d4818d42238,50,6640.99,Mumbai,Groceries,2026-01-07 08:23:00,0
dbadfbc7-b375-40bb-a034-89a8112ac680,176,9957.16,Mumbai,Groceries,2026-01-07 08:23:25,0
082bbc6f-b8bf-4903-9e15-00621ef70629,72,9279.39,Kolkata,Groceries,2026-01-07 09:07:24,0
b4d0aaea-de19-493e-ba04-30c458fc8448,295,5310.66,Hyderabad,Food,2026-01-07 09:10:01,0
43c6b532-4b25-4483-bbae-0f3b4c96edc2,181,4611.23,Jaipur,Travel,2026-01-07 09:21:58,0
159b61c3-c2a0-4830-bcc1-41240cc664cb,424,4399.55,Chennai,Clothing,2026-01-07 09:30:53,0
26996aab-daaf-4529-9eef-f82a0dd70158,241,7044.54,Bangalore,Food,2026-01-07 09:30:56,0
dd567eaf-8b1f-48b9-bb72-ff18c98f89a9,294,9814.83,Delhi,Groceries,2026-01-07 09:48:59,0
39e7a4f1-97fb-413a-a1f8-9d0613f3cade,85,3735.56,Chennai,Groceries,2026-01-07 11:27:41,0
a82be000-75ca-401b-9e9f-bc991e505871,440,1548.91,Delhi,Food,2026-01-07 11:27:54,0
22dcb06c-8c85-428e-9502-ec6742da1572,465,7322.13,Kolkata,Clothing,2026-01-07 11:34:35,0
75f006c0-955d-4078-a344-7519ecc38555,445,9440.83,Jaipur,Groceries,2026-01-07 12:04:16,0
f7becc2c-ae14-4515-813f-68b4d1d00f29,13,5315.79,Hyderabad,Clothing,2026-01-07 12:25:27,0
017d252d-c1a7-4b2d-86fe-7832f4644ddd,29,5300.51,Pune,Groceries,2026-01-07 12:32:18,0
72557e4e-d408-4cd1-a78e-4df0955ce1d2,446,1170.37,Chennai,Food,2026-01-07 13:12:47,0
058cbf65-a568-4f3a-8ee1-ec9d00871d18,300,2948.38,Mumbai,Groceries,2026-01-07 13:39:14,0
d59d0033-0554-4631-9e19-5a385951fab9,172,7577.67,Jaipur,Food,2026-01-07 14:53:03,0
22caa952-e3e3-42b2-a9d9-9775acda0a9c,245,2716.11,Chennai,Clothing,2026-01-07 15:19:17,0
b4cc7214-62b2-45ad-861f-98b160975bc0,459,9706.09,Pune,Clothing,2026-01-07 15:20:19,0
d1b51519-c44f-476a-8bd0-1f7aaccc8e70,223,574.15,Pune,Food,2026-01-07 15:23:03,0
21f215fc-f3c1-4929-b832-056420ed3bc9,404,2910.11,Mumbai,Clothing,2026-01-07 15:24:31,0
432da027-a8c5-492a-a4f9-6eedd192dcc4,340,11401.98,Chennai,Groceries,2026-01-07 15:29:54,0
7f37b8df-4e5a-4cc7-b68e-494dd9d035e3,283,10065.69,Chennai,Clothing,2026-01-07 15:41:28,0
f94944ad-72e2-4200-8532-77a0d40007ec,451,3512.87,Chennai,Clothing,2026-01-07 16:08:02,0
2ff5577e-cd29-4e77-af65-6edeec73270b,420,3466.72,Pune,Travel,2026-01-07 16:15:50,0
9f9ccf07-a6c5-415f-8a77-0b1647ee7ff2,40,10231.88,Mumbai,Food,2026-01-07 16:53:52,0
cd1a810d-9101-41d2-9138-978b45fb3e8a,136,6924.9,Delhi,Groceries,2026-01-07 17:47:05,0
0c99e14a-58df-4bc5-8976-f1711b15c8a3,154,10282.58,Bangalore,Groceries,2026-01-07 18:02:00,0
3eabfda2-83b3-48f1-8790-2dc89c211b07,411,25298.08,Chennai,Travel,2026-01-07 18:27:16,1
ce430e71-0187-49d3-9b04-954b3e8e6b61,240,11649.77,Chennai,Groceries,2026-01-07 19:30:54,0
e6598fa6-c7e0-4447-8cd3-2c6c4c83b19a,60,6475.39,Mumbai,Clothing,2026-01-07 19:54:43,1
ffa6df21-6057-4624-aba6-71024b16d8a8,4,28121.28,Chennai,Food,2026-01-07 20:08:19,0
0795d728-e716-4dc9-a849-4db6610afa42,311,5550.29,Chennai,Food,2026-01-07 20:29:00,0
03c66415-9799-472d-829f-aa2929baec64,62,4669.38,Chennai,Utilities,2026-01-07 20:47:23,0
222a8b0b-5659-4909-b09c-5b5264249020,214,3073.04,Bangalore,Groceries,2026-01-07 21:04:03,0
9ad8a78b-48e4-4c7a-9351-f0476f16a980,17,1868.89,Pune,Clothing,2026-01-07 21:18:54,0
d3511e95-0c3e-4d5c-b959-0149077f6e36,314,8387.84,Chennai,Clothing,2026-01-07 21:41:58,0
d8fd8386-4748-4ec1-a2d1-b5fad3c8acca,481,4851.65,Jaipur,Food,2026-01-07 22:21:26,0
1b815737-8f29-429f-b318-2320a374c6a4,221,7434.68,Mumbai,Food,2026-01-08 03:31:06,0
beaf7c57-3dfe-4b6e-a667-64518198fc8e,302,7755.86,Delhi,Groceries,2026-01-08 04:47:02,0
8a0f9ff0-e290-4b13-8043-fc22c57fd324,443,16657.2,Bangalore,Travel,2026-01-08 05:21:33,1
6b9cd71c-f6ba-445b-a558-71e3bab2b77d,278,921.33,Delhi,Food,2026-01-08 08:18:26,0
e4184c38-4059-4846-bf17-bb76b7be51df,272,3348.8,Hyderabad,Groceries,2026-01-08 08:47:27,0
b072afc8-0577-4108-b166-2c94bbb24366,31,1931.63,Pune,Food,2026-01-08 09:08:31,0
ad45c94d-33ea-4f2f-a4cd-46e12139298b,390,5668.58,Hyderabad,Groceries,2026-01-08 09:27:01,0
d4dab805-0c4e-427f-ae7e-c1b28deb0414,118,7143.72,Chennai,Groceries,2026-01-08 09:27:20,0
abc041a3-383e-451f-a150-ddd76830e63b,356,8414.73,Bangalore,Groceries,2026-01-08 09:45:59,0
85432556-58f0-4728-abf6-c7d43ef533ce,115,8892.43,Delhi,Clothing,2026-01-08 10:21:45,0
70bbe127-6776-49d3-b313-f6f80e7be49b,180,5618.01,Pune,Clothing,2026-01-08 10:26:42,0
6dd49c96-6744-4b9e-aded-cba5a22c3d4f,325,20470.56,Kolkata,Food,2026-01-08 10:36:48,0
f708c172-e479-4fe5-99e4-f318c1be09d0,332,8781.52,Bangalore,Groceries,2026-01-08 10:41:06,0
d2a7e34e-12cc-49c8-bef3-294863f15a67,358,8178.86,Mumbai,Food,2026-01-08 10:58:40,0
8c2c7d5c-d315-4ad4-86ba-b6b11e100f9b,406,15307.24,Hyderabad,Clothing,2026-01-08 11:15:03,0
d525aa88-c33b-48b0-b677-fcbe99286625,374,8383.28,Kolkata,Food,2026-01-08 11:20:57,0
a5eaf9f6-26d3-495e-b30b-164973f8933a,371,3494.26,Pune,Food,2026-01-08 11:27:35,0
80d54f85-4d3d-42c1-972d-688212a94f75,371,5891.44,Pune,Food,2026-01-08 11:33:01,0
2ebebb6b-ddc0-45eb-89b4-c931d03d8cf7,144,5301.32,Hyderabad,Electronics,2026-01-08 12:03:09,1
719671a5-0c0d-440b-8626-176beec90956,276,10378.32,Mumbai,Groceries,2026-01-08 12:04:29,0
5a6f21cc-f995-4f74-86db-d0cefbe62af3,243,9107.03,Pune,Clothing,2026-01-08 12:13:37,0
76890ed4-3a6f-4931-9358-30aa928b9e4d,215,5287.52,Pune,Clothing,2026-01-08 12:13:45,0
73dd3bc6-d064-45a8-9bd2-9cb108453b2f,344,9027.2,Kolkata,Clothing,2026-01-08 12:43:16,0
30871aa9-45a8-4bb1-930c-93bd01de8041,251,1680.79,Jaipur,Clothing,2026-01-08 12:49:05,0
7df6bc1d-6e49-48ac-99f1-45cc0244e4d7,250,7424.81,Pune,Food,2026-01-08 13:06:00,0
e67ca10d-54b6-4ce7-80b7-444cb33ec810,238,4277.31,Mumbai,Clothing,2026-01-08 13:14:32,0
d633b48c-c1f4-4bf5-b2f9-0cfdddf15023,315,31681.47,Mumbai,Food,2026-01-08 14:14:02,0
e8298ac0-eb31-4783-aed7-009668090364,448,3965.64,Jaipur,Groceries,2026-01-08 15:01:50,0
ae9921db-ea3d-4bd2-9ca6-41ec5d3177dc,89,9601.42,Kolkata,Clothing,2026-01-08 15:10:57,0
9c0fe54b-5854-4c3a-b28a-dc3d24a80550,303,5765.49,Bangalore,Groceries,2026-01-08 15:13:40,0
7a71ce7b-3248-4699-92b3-b3eba247a4f5,156,3002.89,Chennai,Clothing,2026-01-08 15:29:06,0
2023550b-ea25-44bc-92fc-6b3b342edbc9,332,11588.69,Bangalore,Groceries,2026-01-08 15:46:30,0
9ada2cfa-a165-472a-8411-91dcad4ecb45,119,4547.09,Delhi,Groceries,2026-01-08 16:41:19,0
d9ae029a-edff-4902-9693-090fde366fb7,191,1498.27,Jaipur,Clothing,2026-01-08 17:01:19,0
61bedea3-23c4-49e8-8cef-00fae6d89aee,317,10804.22,Bangalore,Groceries,2026-01-08 17:21:51,0
053f85fa-eca1-4851-8dab-600348a5f20f,89,5261.18,Kolkata,Clothing,2026-01-08 18:02:15,1
5ab28d4a-8bd8-4fcd-97a2-be4e887b03e5,373,6272.33,Kolkata,Food,2026-01-08 18:30:33,0
7fea49d0-cd49-43c8-871b-d8dff39a67a4,245,8714.4,Hyderabad,Food,2026-01-08 18:44:29,0
5e6ba460-4a83-4ab5-97c8-50b09a73cd2f,23,7055.82,Pune,Food,2026-01-08 18:48:22,0
7ef57e55-c165-43d1-8c0f-56e0b4e96157,337,3214.6,Delhi,Travel,2026-01-08 18:57:08,1
3098a5fa-2fa0-4df7-85d9-8480c177db86,338,4768.57,Hyderabad,Clothing,2026-01-08 19:03:13,0
6e8d0018-a04d-4c84-9c59-5e034d2d3557,499,4591.0,Jaipur,Food,2026-01-08 19:04:50,0
84aa3fa6-bd1d-4a46-9b1b-daf4e13b39fc,388,10533.06,Pune,Food,2026-01-08 19:32:26,0
7e50337b-f3cd-4681-81f7-e1755f59bdec,204,10911.72,Bangalore,Food,2026-01-08 19:34:59,0
c1b3227e-4a50-4020-b1ed-d3e66d5664ab,147,9529.48,Pune,Food,2026-01-08 19:41:34,0
7e841271-d8c2-4cf2-a597-af91ae9c9f02,132,1977.88,Mumbai,Groceries,2026-01-08 20:03:02,0
0a328c88-9241-4029-882d-c372c996a54b,299,7971.75,Bangalore,Clothing,2026-01-08 20:09:14,0
a5e3862e-b346-4a56-9245-19b316278558,175,7940.12,Mumbai,Clothing,2026-01-08 20:26:04,0
bff7e290-698a-4065-83db-69c8aef392c2,243,7022.01,Hyderabad,Clothing,2026-01-08 21:06:45,0
87a6c63c-65a1-4e9c-bb39-b8aa39d0eb01,69,7283.93,Bangalore,Clothing,2026-01-08 21:33:40,0
cb62b9f2-d735-4103-8cf0-be487fab7d8b,398,6194.18,Chennai,Groceries,2026-01-08 22:45:45,0
9c291269-e781-44cc-9058-e121f2aff86f,455,6610.34,Pune,Clothing,2026-01-08 22:48:42,0
254338df-173d-4030-877d-868859fe1c45,23,222.24,Pune,Clothing,2026-01-09 01:58:38,0
50e79079-1809-42f6-8f18-383a7f3eb240,410,4445.47,Bangalore,Travel,2026-01-09 03:43:00,0
002a0e3d-d588-4c8f-a906-5c795a2d6aee,148,285.55,Jaipur,Groceries,2026-01-09 04:52:37,0
a74cf330-e9a1-4121-af74-9a92c1d86237,284,11607.49,Hyderabad,Clothing,2026-01-09 05:28:14,0
854efe70-d55e-4402-936d-f1ecc1c34f69,299,3864.53,Bangalore,Clothing,2026-01-09 08:36:01,0
9fba6925-cc24-4296-acf4-a0830ae92f02,286,1658.45,Hyderabad,Food,2026-01-09 08:50:30,0
6945349d-a49a-487c-833f-f31e36502aef,22,11504.14,Delhi,Groceries,2026-01-09 08:56:39,0
cd525f9f-eb67-472c-8ee0-314dde2a7aff,9,4692.68,Pune,Food,2026-01-09 09:02:58,0
33b5cb68-6059-48d9-906f-c253c699a7f1,109,7353.69,Hyderabad,Clothing,2026-01-09 09:07:22,0
4dde1089-e120-4fda-af17-b45a30f07344,207,8682.97,Jaipur,Clothing,2026-01-09 09:22:47,0
fba4aed8-3cfc-4467-9c68-1e52af494d53,326,7033.34,Pune,Food,2026-01-09 09:56:11,0
6334fca6-d04f-4a71-8ef4-73a2900ddf16,351,6457.86,Mumbai,Groceries,2026-01-09 10:46:59,0
0f2d73b9-3217-4c94-b8be-2f90ed1928e5,330,10800.69,Mumbai,Clothing,2026-01-09 10:55:42,0
1f4a4706-2e79-4ba5-903e-f9cb100637c7,286,2171.65,Hyderabad,Food,2026-01-09 11:00:18,0
ead8ee71-e4ae-4f39-925d-e0448fcf33bd,192,7007.68,Delhi,Food,2026-01-09 11:13:51,0
06bb6111-9cc4-444d-adc2-2505222d4b49,450,3380.08,Jaipur,Clothing,2026-01-09 11:15:18,1
d9bf112f-07a7-4913-ad37-6d4508306cbe,166,10422.55,Hyderabad,Food,2026-01-09 11:34:41,0
899f3617-77db-4364-9230-dff1f96e319f,47,18523.46,Hyderabad,Utilities,2026-01-09 11:41:19,1
34418d4c-0445-40e7-9e42-ee2d4ceed038,316,3729.02,Mumbai,Clothing,2026-01-09 11:54:02,0
d0377baf-6d14-4625-acdc-069394c073a8,360,6605.09,Kolkata,Groceries,2026-01-09 12:53:37,0
7c2b518e-fa6f-40a2-9a9f-73109a1498e4,353,7795.62,Hyderabad,Groceries,2026-01-09 13:00:54,0
694d7b00-8d38-4327-883f-13c601b158e9,119,208.78,Delhi,Groceries,2026-01-09 13:03:39,0
89ab0b0e-b04a-4c09-8db7-10439e524f17,168,8803.29,Kolkata,Groceries,2026-01-09 13:05:43,0
143a43b0-3ba2-4ae9-93dd-d3327915533a,20,22227.05,Hyderabad,Groceries,2026-01-09 13:18:50,0
515a6b43-3189-4f48-a66e-2c1111defebf,344,2449.27,Kolkata,Clothing,2026-01-09 13:22:08,0
3809c520-d007-4f79-9774-f846e012803b,463,461.17,Pune,Food,2026-01-09 13:32:19,0
78fe562d-c8c0-465b-9c1b-2024c18decb7,281,25811.59,Chennai,Groceries,2026-01-09 13:33:28,0
eb751ba9-900a-48b6-9ea1-fc156b0a1a02,394,2575.17,Kolkata,Food,2026-01-09 14:23:03,0
b1b9a506-7a20-4b9a-8f28-d69653e39c0e,158,3237.91,Mumbai,Travel,2026-01-09 15:35:58,0
2223ab94-f157-4169-83ad-6ffdb4479e70,76,878.41,Chennai,Clothing,2026-01-09 17:16:57,0
53850d92-86cd-45b7-97aa-a0614c94ec5d,493,4885.12,Bangalore,Clothing,2026-01-09 17:26:35,0
8d7d8726-28ad-478d-8c28-0a8fb25d9eb0,159,5178.01,Bangalore,Electronics,2026-01-09 17:28:02,0
8503e3b7-1700-4953-a2ae-f5080213d090,98,7318.29,Pune,Clothing,2026-01-09 18:00:40,0
cf0396d1-55ca-4638-a4e5-ace3ac312069,158,18730.91,Chennai,Utilities,2026-01-09 18:07:55,1
bda8a773-8493-4cb0-b8ee-2581702ae3c2,209,8903.94,Chennai,Clothing,2026-01-09 18:14:18,0
080bf99f-f00c-4cc5-a045-3d2d59244739,342,34651.34,Mumbai,Groceries,2026-01-09 18:39:13,0
776a6a9b-dfdb-43e2-a1b1-107e6a40e034,140,6404.94,Hyderabad,Clothing,2026-01-09 18:55:44,0
81f50ad5-2e0e-4a69-8872-dee0d218b876,415,11037.41,Jaipur,Groceries,2026-01-09 19:10:18,0
48cd8763-8844-432b-9b13-59880d15ab18,260,3675.52,Chennai,Groceries,2026-01-09 19:34:46,0
aa75a796-0044-4b23-ba70-4336be2d3932,92,6891.75,Jaipur,Food,2026-01-09 19:41:55,0
adab7b01-bce8-4033-bb70-fbf3d5fd46d7,303,1365.34,Bangalore,Groceries,2026-01-09 20:39:14,0
a47d5fb6-893b-4ecf-854c-976ec5bc10a9,477,9371.68,Hyderabad,Food,2026-01-09 20:40:09,0
9a89864a-c83d-459a-9792-7bcf71d2547c,50,3844.8,Mumbai,Groceries,2026-01-09 21:11:04,0
6a18e5af-1cce-48e9-ab6a-8061c81c8d31,467,6720.73,Pune,Clothing,2026-01-09 21:17:33,0
44d522d9-1914-4479-9ea9-58eabe3f6060,216,7275.75,Hyderabad,Groceries,2026-01-09 21:19:25,0
75f73b07-3a49-42d1-b7e4-3d33523e901f,72,8421.09,Kolkata,Groceries,2026-01-09 21:23:57,0
6a3eda90-9c69-4a79-8a3d-54b6ebc7021a,145,40931.66,Jaipur,Travel,2026-01-09 21:29:50,1
ff3c6d4e-a1dc-4cab-8e21-3ce5668eb10e,416,139.36,Pune,Food,2026-01-09 21:49:30,0
b37deb66-5e94-4995-ad93-26e4ffc9371e,158,11260.62,Mumbai,Clothing,2026-01-09 22:15:42,0
e9e24240-cfe4-4e7b-acd2-3623e3be6d6c,404,2951.79,Jaipur,Clothing,2026-01-09 22:38:11,0
a6fb8fa9-7936-4dd3-b72a-a37c8cd4f50e,315,4234.63,Mumbai,Food,2026-01-09 22:48:41,0
9060a027-430c-4231-9404-6bcb339d2c1f,222,3221.4,Chennai,Groceries,2026-01-09 22:51:34,0
88c1c990-9a00-4c1c-b2c1-b2e1e33cea03,296,39997.82,Kolkata,Travel,2026-01-09 22:51:54,1
c00759af-ca88-482c-a2c5-7f3e7b42019d,64,11985.81,Jaipur,Groceries,2026-01-09 22:57:10,0
81d37bca-ea34-43ed-8135-7db8b66db5df,259,3868.23,Mumbai,Clothing,2026-01-09 23:50:44,0
5845f380-e753-4a0a-8c91-553ef50190fa,137,6131.26,Delhi,Clothing,2026-01-10 00:31:07,0
36618948-d9e3-45e3-ab26-2d4145207ca6,138,43518.33,Jaipur,Electronics,2026-01-10 00:53:08,1
5a763c0a-6590-4966-be79-fc00fcc9feef,59,7576.98,Hyderabad,Groceries,2026-01-10 02:56:02,1
8713b81f-c2f8-4229-972c-8583d06200e3,40,817.18,Mumbai,Food,2026-01-10 03:29:52,0
bfbe6c20-48c5-4974-9b4f-2cd5ddabe68c,498,6412.17,Delhi,Entertainment,2026-01-10 03:59:34,1
f4488385-8de7-4d6c-9490-77c27674456f,260,5477.77,Bangalore,Groceries,2026-01-10 04:04:41,0
b61cc55b-8fd0-420c-8ff0-2a31c9035d4c,237,7164.42,Kolkata,Food,2026-01-10 08:30:16,0
d928c011-91fd-4b9d-b19f-da66a986bfc0,31,8633.83,Bangalore,Groceries,2026-01-10 08:49:44,0
a058ed2a-931f-44a8-aef5-ce34a36893cd,11,1336.17,Bangalore,Food,2026-01-10 09:09:30,0
d38d50e6-df01-492f-bb7b-1c63e60af149,112,9825.27,Jaipur,Food,2026-01-10 09:18:56,0
624a8deb-4862-417d-937f-4be60ddeabcc,487,11809.83,Pune,Food,2026-01-10 09:20:32,0
51397c06-a630-4d9d-bcb9-23f5f5edf382,187,11308.89,Mumbai,Clothing,2026-01-10 09:21:19,0
1353f75a-609e-45d9-9282-7c0549fb9dbe,372,5646.24,Mumbai,Groceries,2026-01-10 10:17:18,0
53bc3154-d581-411d-a04d-4e5cb6317b88,190,3045.69,Chennai,Clothing,2026-01-10 10:40:35,0
03f283bf-6a4e-4b6f-a314-e35609f523c6,106,21960.32,Hyderabad,Food,2026-01-10 11:05:23,0
f4924446-60fb-498e-845b-a11c2e791bbb,24,2572.04,Kolkata,Groceries,2026-01-10 11:14:36,0
63065765-4fa3-4af6-88f3-68ba26976497,204,1743.15,Chennai,Food,2026-01-10 11:19:27,0
cad3aff6-d583-443a-b908-fe2c00a76088,468,9132.38,Bangalore,Food,2026-01-10 11:28:46,0
bab8ad70-8d57-4064-abf0-a4f1f14cd6f2,77,4059.47,Kolkata,Food,2026-01-10 11:45:30,0
9fff056b-3b1b-45fc-b2e8-e10d9fdec1c1,129,5867.55,Chennai,Clothing,2026-01-10 11:58:11,0
8de0f010-a1bc-4a16-94bf-e87ed01d91f7,44,4140.45,Mumbai,Clothing,2026-01-10 12:18:36,0
3baeeb8e-ed56-4361-bcc9-3b94835d7e20,16,11144.1,Chennai,Utilities,2026-01-10 12:34:08,0
b7a5eb3c-b446-4ef2-99b2-dd8d62bdb336,334,2621.4,Chennai,Groceries,2026-01-10 12:41:31,0
26eb088f-7590-4dc5-a72c-3d57dc12e54b,253,6278.94,Jaipur,Clothing,2026-01-10 13:03:52,0
fc199ebc-97a9-4b57-a03f-ea1db88cacbc,138,9220.48,Jaipur,Food,2026-01-10 13:27:17,0
641990b7-e993-4c3e-9ed2-df0c42abb0ab,176,2027.36,Mumbai,Groceries,2026-01-10 13:47:31,0
a6fea498-17c3-4ec6-93ab-1631ba640f90,116,9095.24,Mumbai,Food,2026-01-10 14:01:53,0
c4c608eb-14ee-4987-95e7-c6e4413e84bd,283,6209.63,Chennai,Clothing,2026-01-10 14:06:29,0
c6f06a71-46fc-4ff2-92f1-78bdc7de01a9,339,11080.08,Chennai,Food,2026-01-10 14:44:57,0
5901bfc5-0ba4-4309-8e78-2cb8a559f300,154,22706.17,Bangalore,Groceries,2026-01-10 14:48:51,0
004025e1-7cc1-4251-b383-3649aeb4b13c,461,5367.58,Delhi,Food,2026-01-10 14:49:30,0
9e09447b-65a9-4098-a937-6658aca0e259,464,10137.41,Pune,Groceries,2026-01-10 14:55:49,0
8b6aa701-9bc7-4652-b876-4c84025de8b8,177,5191.12,Pune,Clothing,2026-01-10 15:02:41,0
6fbc2464-ea52-4c69-9318-84729fa6f3ea,400,855.42,Delhi,Food,2026-01-10 15:31:39,0
f7ff1530-e27b-4f00-8922-0c6ce07ef88a,434,9199.91,Jaipur,Clothing,2026-01-10 15:43:17,0
92ea1324-ec93-4596-ab01-57230cf697a5,133,16289.44,Mumbai,Food,2026-01-10 15:51:08,0
3c4d58c5-092b-4823-9aab-aad33dc6ad61,467,9949.44,Kolkata,Travel,2026-01-10 15:52:19,1
a3cc4e45-d2ea-488d-81ef-34ff8b3e13a9,174,10579.51,Kolkata,Groceries,2026-01-10 15:54:33,0
743c6de6-56fd-4504-9341-dd73a5d8d541,98,5228.27,Mumbai,Clothing,2026-01-10 15:56:56,0
64f2aeec-ff17-4441-83a2-a3efd7a57efd,245,8260.11,Hyderabad,Food,2026-01-10 16:01:50,0
91ed554a-3fae-4f01-a829-0f3c86b4852c,21,1027.43,Bangalore,Clothing,2026-01-10 16:06:06,0
fe31f408-a671-4d81-9c2b-05eb77ec2100,377,11693.31,Hyderabad,Food,2026-01-10 16:10:51,0
efe9b3d0-3639-48bf-83ec-e8ffe8b3d763,448,9164.19,Jaipur,Food,2026-01-10 16:13:30,0
0d1b293b-a9ce-4593-99a9-a788c4d6afc4,491,3356.25,Jaipur,Food,2026-01-10 16:26:01,0
46608cf5-09f1-44d3-b98e-1c1179ff4799,337,2635.69,Kolkata,Clothing,2026-01-10 16:36:14,0
42ab7894-9b29-465b-b06b-2bfafeda0c33,80,10975.05,Pune,Clothing,2026-01-10 16:54:24,0
fa63c350-b794-45f2-ba8c-85b328676050,455,4897.69,Mumbai,Clothing,2026-01-10 17:07:24,0
ae8e8200-c5c7-44b4-88c5-3b179733b490,376,9264.07,Hyderabad,Utilities,2026-01-10 17:08:20,0
963f6473-453c-40d4-bbd0-3a15bd19e7cb,415,7430.11,Jaipur,Groceries,2026-01-10 18:10:32,0
831c3139-52b5-4069-b224-08fd62a71fd7,264,9151.03,Mumbai,Utilities,2026-01-10 18:18:36,0
e8e67bc0-59c3-48fb-b8aa-3be3610ba363,193,7330.1,Pune,Groceries,2026-01-10 19:01:50,0
eb7607c9-b08a-4895-94ff-a66675c8e90d,236,6951.53,Mumbai,Clothing,2026-01-10 19:40:26,0
6696dea0-6c2a-4b89-8d4e-f3fabfcff645,21,555.62,Chennai,Clothing,2026-01-10 19:40:51,0
5b429d0e-5a23-4f52-8037-b96979468eae,443,8220.1,Chennai,Clothing,2026-01-10 19:41:33,0
a52964ff-c74c-4890-bc6a-3174113634a5,30,4933.9,Pune,Groceries,2026-01-10 19:43:10,0
86950cd2-8545-4e6d-86a2-83019d13b149,160,27659.93,Hyderabad,Clothing,2026-01-10 19:51:04,0
93ed82c5-1cf8-4164-913b-776ed08ce31e,136,10354.4,Delhi,Food,2026-01-10 20:41:09,0
cbb5ab50-cca7-4a3b-9d6f-07b43dad747d,39,1090.43,Hyderabad,Clothing,2026-01-10 21:24:29,0
f7298f09-468a-40a9-9a2f-99a7981d84ec,103,2088.35,Hyderabad,Clothing,2026-01-10 21:30:42,0
4545330a-04be-418c-9a4a-81d50fd31e5b,338,53490.17,Hyderabad,Travel,2026-01-10 21:39:14,1
314e9b45-0715-41b6-a506-6540c7d77fbb,263,3040.11,Chennai,Food,2026-01-10 21:40:23,0
5af83ec8-04ce-48eb-92a4-3f2529b3c998,435,10382.04,Kolkata,Clothing,2026-01-10 22:16:58,0
0bc7e4b8-f1c1-4fc1-b9e4-c9981d4fe191,480,3218.67,Chennai,Travel,2026-01-10 22:26:34,1
4724b718-5be7-437e-bd66-ae5c478b957a,65,11218.93,Pune,Groceries,2026-01-10 22:37:22,0
5f72fe57-4b2c-4bff-ae57-040358bb8712,301,9752.84,Mumbai,Clothing,2026-01-10 22:56:16,0
479c45a9-bfa4-48d4-b1c8-e15b769ae566,246,11043.77,Chennai,Groceries,2026-01-11 00:57:35,0
1ba09720-f918-455b-b42c-342e63f4bc0f,375,1684.45,Mumbai,Food,2026-01-11 01:08:30,0
b25c5d17-e526-4402-9457-4206a38f06a6,141,6254.61,Pune,Groceries,2026-01-11 02:43:44,0
ec7d59b1-4cce-4645-9b2f-4f5dfdc41060,458,4319.59,Chennai,Groceries,2026-01-11 03:00:40,1
8de1b73e-e163-425e-a303-e768ad0532ee,458,19416.58,Chennai,Electronics,2026-01-11 03:06:31,1
1a573620-ee51-4679-870b-b930ffdcf511,458,17085.52,Jaipur,Food,2026-01-11 03:08:42,1
77ab931a-8839-4ed6-a882-0e34330d27ee,458,1451.63,Chennai,Food,2026-01-11 03:15:07,1
856cd061-8ff9-443e-9f64-38a58b85a38e,458,825.26,Chennai,Utilities,2026-01-11 03:25:50,1
58de333e-b772-44bd-ae00-c83a19618156,458,21156.22,Delhi,Travel,2026-01-11 03:32:22,1
33c70f35-ca42-492e-82c0-ba74ad35d894,16,3133.5,Bangalore,Food,2026-01-11 06:19:01,0
2bacf712-d6a9-49e8-86d8-95e5219b606d,392,7455.42,Chennai,Groceries,2026-01-11 06:19:14,0
79de06cb-3150-4323-8782-6633a01d9aeb,471,8647.23,Mumbai,Groceries,2026-01-11 06:50:43,0
cc321064-963c-4e6e-8563-e2f8fea9c616,463,7423.24,Pune,Food,2026-01-11 08:13:21,0
b849acf1-b41d-42c5-ac2f-746ad303e1df,212,6226.74,Jaipur,Food,2026-01-11 08:15:53,0
7f5efb6b-cdf4-4137-9e15-433b68b1211a,385,6273.97,Pune,Groceries,2026-01-11 08:29:32,0
dba4444b-0892-40fd-a2bf-52d3bda91c8a,114,11221.13,Hyderabad,Clothing,2026-01-11 08:56:13,0
f3bd2348-854b-48fa-b44a-21b7dfff8cea,45,2227.86,Bangalore,Clothing,2026-01-11 09:06:10,0
03c8c32f-ccd9-4ab2-b1fe-6e7c1a983011,125,7029.34,Bangalore,Food,2026-01-11 09:16:14,0
430538f2-69d8-43ab-b088-87f927d18340,385,11810.19,Pune,Groceries,2026-01-11 09:30:24,0
745ed058-ffa9-4231-8055-337efee6a756,460,6641.57,Delhi,Food,2026-01-11 09:44:40,0
6e1dadaa-2f73-4fd9-9eb6-f2d81ad37068,484,10907.95,Pune,Clothing,2026-01-11 09:57:26,0
d12e73a1-75f1-4fb8-a28a-11d12f45428a,97,8726.11,Delhi,Food,2026-01-11 10:15:42,0
225f52ab-5425-44b8-a098-d2e3bd3fdb62,318,4556.83,Delhi,Travel,2026-01-11 10:24:13,0
01e6ad1d-9c6c-4768-98e0-320d7a109307,383,3091.35,Chennai,Food,2026-01-11 10:59:33,0
b0117b0a-3496-41d6-a790-55b06001f54d,120,10533.52,Mumbai,Food,2026-01-11 11:00:45,0
481faf4b-fd44-44db-b660-37cff737b4aa,465,6893.63,Kolkata,Clothing,2026-01-11 11:12:35,0
19b33751-cb68-4bfa-8892-161c460cbe9c,390,2856.32,Hyderabad,Clothing,2026-01-11 11:30:58,0
27e9184f-0791-4b35-b7a6-3918acac1f3b,293,6779.78,Kolkata,Clothing,2026-01-11 11:47:33,0
1259d654-86ad-4b8e-963b-ca599d8d2752,299,7410.92,Chennai,Clothing,2026-01-11 11:50:10,0
e8fe6095-2cb3-4e23-9a94-0c6c1c8e806b,249,1014.66,Hyderabad,Food,2026-01-11 12:08:39,0
0cf6812b-a978-4027-b882-91910cb1c1f5,251,3028.83,Chennai,Clothing,2026-01-11 12:24:24,0
a7cfa32b-9147-48f2-96f5-57d01bc8057a,205,4289.38,Jaipur,Food,2026-01-11 13:08:32,0
8b73d452-1a95-4e55-adab-3a2d19b5cc6d,446,9901.29,Chennai,Travel,2026-01-11 13:21:31,0
8bfaca8b-b0d8-4d0c-a130-7c3be20662ad,212,8030.56,Delhi,Food,2026-01-11 13:35:38,0
085e0518-2d75-4dd3-b8a1-18df0088ca76,52,8875.42,Hyderabad,Groceries,2026-01-11 14:31:57,0
dc411edf-5d6d-41f4-ad2a-42ff5461bb1c,263,10768.48,Kolkata,Food,2026-01-11 15:09:12,0
c6435300-68a5-4c68-a32d-bb5e486bb6bf,366,2153.45,Bangalore,Food,2026-01-11 15:28:33,0
b9ef9fa8-3ec8-4e58-9728-2d3089111a42,472,400.95,Bangalore,Groceries,2026-01-11 15:40:40,0
6494376e-0927-48a3-9ca3-01b84364008f,61,5269.67,Delhi,Clothing,2026-01-11 15:54:06,0
d1839b26-d48e-4812-8a8f-5be239c9c8ec,335,36733.52,Kolkata,Electronics,2026-01-11 15:56:20,1
72dc83ed-786b-4336-8e71-0f53baec2ca3,161,1311.45,Delhi,Clothing,2026-01-11 16:13:47,0
fa876ed8-c1ba-4623-811f-da29debdf53c,497,186.31,Pune,Groceries,2026-01-11 16:14:52,0
636a76b6-5481-48d8-adff-d94336fda98d,478,11195.63,Bangalore,Clothing,2026-01-11 16:25:27,0
f358d9ff-09b2-4305-a5ad-76734a2a0677,412,22551.6,Chennai,Food,2026-01-11 16:26:54,0
d921a628-e5c6-4ebb-84a6-a5e49ab9a4d4,91,641.47,Delhi,Food,2026-01-11 16:38:58,0
3398861f-8fd4-43b5-bcba-428009828dbd,20,11805.13,Hyderabad,Electronics,2026-01-11 16:56:00,0
5d96120d-0a76-4d91-9e7f-87a777215daa,351,4094.77,Bangalore,Clothing,2026-01-11 16:58:43,0
c9975b86-0ea7-46ed-9f1d-3663a5c5afe1,16,9114.95,Chennai,Clothing,2026-01-11 17:05:05,0
fe290032-68c3-4565-a5e2-e0176ed26dba,222,15243.26,Chennai,Utilities,2026-01-11 17:20:05,1
7ce4858e-b562-4984-9385-d453c7ea7fd1,183,29261.91,Mumbai,Groceries,2026-01-11 17:31:14,0
ea7a109e-e77e-42a9-853b-0173fb66bcaf,486,11804.49,Bangalore,Food,2026-01-11 17:57:37,0
0df78c97-621a-40d2-b8c4-ecffcf3844ad,25,468.83,Chennai,Groceries,2026-01-11 18:12:58,0
10514381-1a94-4d1a-9e3a-c7300eaebd1c,17,4763.38,Bangalore,Clothing,2026-01-11 18:30:42,0
aeee0e2c-25a6-4cf8-a872-b415040b7232,469,8259.54,Chennai,Groceries,2026-01-11 18:37:30,0
a4479ae2-b5fb-4028-8d0a-d95c86157303,393,7783.47,Pune,Groceries,2026-01-11 18:59:00,0
07eb9578-da79-4e97-b612-875d8e9eed95,161,3323.06,Mumbai,Clothing,2026-01-11 19:02:53,0
6b79afcc-3d0a-4f0c-8c39-4ec71f317405,464,19313.09,Pune,Groceries,2026-01-11 19:38:33,0
aa998c56-9a2e-4905-bfb6-5c7e5da17dc9,380,9712.35,Pune,Clothing,2026-01-11 21:28:16,0
28ffc0fe-2dcd-42ea-8d68-bc9a0be63965,15,15156.35,Bangalore,Entertainment,2026-01-11 21:36:30,1
ae8d67b5-953d-4f7d-9906-de77b496c0e4,31,5818.57,Pune,Groceries,2026-01-11 22:05:50,0
b3d948a5-e911-4f85-80f4-b5733d0543af,303,7959.67,Bangalore,Food,2026-01-11 22:18:12,0
3f2a9c49-9f66-46b7-92c0-9c2f2abb4375,49,8746.68,Kolkata,Food,2026-01-11 22:23:47,0
33a53356-11c6-42ab-9f51-65169bfe7b18,165,3297.88,Hyderabad,Clothing,2026-01-11 22:24:03,0
5d4f9715-4c9d-4049-9fd2-bec365363c77,102,10792.27,Jaipur,Food,2026-01-11 22:31:00,0
4adf54a4-bb09-4b4b-a51b-699e26ac8f84,251,15301.22,Delhi,Entertainment,2026-01-12 01:58:44,1
2cfaf3c4-8d8f-474d-a50e-83eeadf52580,480,7837.53,Chennai,Groceries,2026-01-12 05:38:52,0
abac8660-e5c3-45fc-b395-c21379eef2c0,359,11921.0,Kolkata,Clothing,2026-01-12 05:57:24,0
ef540fd0-9d17-497d-897c-d8e534ed402f,36,10973.98,Bangalore,Food,2026-01-12 06:22:55,0
7bf9b984-8400-4f6e-b2c2-368c973dc559,215,9165.36,Pune,Groceries,2026-01-12 08:09:44,0
6f9a544a-3de3-42e9-9141-26afce70d3f7,487,6025.81,Pune,Clothing,2026-01-12 08:30:30,0
69aec17b-2478-4b7d-91ee-3cc819474d1a,131,11430.76,Chennai,Clothing,2026-01-12 08:39:20,0
267cb754-91c6-4854-a7a9-cca943d10cf2,82,8177.09,Delhi,Groceries,2026-01-12 08:49:21,0
50ffde64-6eda-4a8c-a789-e7d0a155eb2c,20,2218.11,Hyderabad,Groceries,2026-01-12 09:36:52,0
741a658b-dd90-4d3e-a15a-91fa5814f3d9,283,6443.44,Chennai,Clothing,2026-01-12 10:01:26,0
afde8320-445d-428e-a837-83fc78b93e7f,436,11467.84,Jaipur,Clothing,2026-01-12 10:09:31,0
4a1a4219-61bb-45fb-9510-8bc02f9e1ddb,193,27776.12,Pune,Groceries,2026-01-12 10:35:29,0
f75cc946-a1fe-4180-b6b1-fc5eac782766,166,3882.14,Hyderabad,Utilities,2026-01-12 11:43:45,0
f54beea0-838d-4c22-a11d-fddeec00e99b,64,7208.11,Pune,Groceries,2026-01-12 13:04:37,0
e129ffab-2a73-43d2-b3e4-294034515aa2,149,1445.63,Mumbai,Food,2026-01-12 13:33:48,0
138d994c-2b0a-4edd-8774-44cb5543fc3c,186,1359.77,Kolkata,Food,2026-01-12 14:33:05,0
76117c02-cb73-4403-a824-d04c63f93877,77,17929.43,Kolkata,Clothing,2026-01-12 15:13:24,0
24d55a30-a180-41e4-ace8-98c9942b3767,232,8218.36,Bangalore,Clothing,2026-01-12 15:18:28,0
24a8d373-3008-41dc-bc08-23cad5506426,494,19546.31,Pune,Groceries,2026-01-12 15:18:58,1
7dcef02b-ea99-47d2-b6da-52d30da31721,286,5738.57,Hyderabad,Food,2026-01-12 15:28:42,0
93329c57-475b-4b45-a8fc-d09af78e505d,149,7535.29,Pune,Groceries,2026-01-12 15:34:39,0
dbc69dfc-a6a1-48c3-abd4-b9a0665f8993,218,9192.97,Hyderabad,Food,2026-01-12 15:42:00,0
6f96bbff-dbc6-4c37-a442-20c64b0c100c,118,1989.17,Chennai,Groceries,2026-01-12 16:03:16,0
c34aace7-d16c-4a67-a5fd-a99b033b4d43,491,10259.8,Jaipur,Groceries,2026-01-12 16:14:19,0
3b80b09a-e6eb-4e5e-a75c-71bb11eba1df,126,5802.5,Mumbai,Travel,2026-01-12 16:25:11,0
ac5fa726-2064-42a1-b1f5-ee865183c54f,192,7918.22,Delhi,Clothing,2026-01-12 16:48:01,0
21b2caa6-d5bc-4d83-bb85-3c919ae5fbbc,146,22077.19,Kolkata,Food,2026-01-12 17:33:07,0
b680873b-32b9-4542-9143-e0a25513b74f,28,2229.9,Kolkata,Groceries,2026-01-12 17:40:53,0
fefb5480-e05f-4184-8115-ae8e55867682,60,5384.45,Mumbai,Travel,2026-01-12 17:59:00,0
edbf6f16-2cca-4c0a-8f65-0bc0b4395924,444,28081.02,Hyderabad,Food,2026-01-12 18:18:41,1
e62224be-a7f9-4ad2-8fc1-c667d9321ab3,279,224.02,Hyderabad,Food,2026-01-12 18:45:37,0
5bad4331-7366-4606-91ae-2d48d6f83aa7,346,9279.49,Mumbai,Food,2026-01-12 19:43:38,0
14433a8e-ed5a-4ddc-8b70-80c27799f25b,119,11454.9,Delhi,Food,2026-01-12 19:59:10,0
75788cd5-d560-4029-a97f-ec0f43b4e0b9,492,10006.45,Delhi,Groceries,2026-01-12 20:15:45,0
a9777c3a-aa63-4b55-bbb9-1fa93b7c1560,88,3595.32,Pune,Clothing,2026-01-12 20:22:21,0
b4b15243-905d-4920-81e4-f881c3e57f5a,82,3445.65,Delhi,Groceries,2026-01-12 20:23:56,0
5b330f17-7044-4480-a2a8-4555d4e4085e,224,6239.89,Chennai,Food,2026-01-12 20:33:27,0
7a4e438d-c7f2-4172-affc-e532d8460625,444,7101.39,Hyderabad,Groceries,2026-01-12 20:42:03,0
2760d682-e7f7-4bfa-9a76-528167bc92d9,306,1854.95,Pune,Food,2026-01-12 20:50:00,0
60ab19d9-ce1b-4bf8-a8b8-9843dde27d0a,54,8099.41,Kolkata,Clothing,2026-01-12 20:51:10,0
2b1c2d3d-fcad-43fd-81a4-c2d14edfaa12,474,6914.08,Jaipur,Food,2026-01-12 21:09:17,0
882cbb08-ac5a-41d3-94fc-2275d4e845bc,297,9060.33,Jaipur,Clothing,2026-01-12 21:15:08,0
5850a652-79a6-470c-9c16-e6a26439a29b,444,11173.29,Bangalore,Food,2026-01-12 21:41:56,0
778a669f-4b68-494d-80da-9c7d2f2bdc13,62,1645.9,Chennai,Clothing,2026-01-12 22:41:36,0
bdbfac47-b865-42f8-9b26-dacc50142ffe,25,146.7,Hyderabad,Clothing,2026-01-12 22:52:54,0
20b203ce-8b81-4a62-afb0-aeaa05efea2a,129,200.3,Chennai,Clothing,2026-01-13 01:22:12,0
1e73b307-f375-40d3-b3dd-8d3140e10b51,327,2372.98,Chennai,Clothing,2026-01-13 04:07:13,0
db37e876-708b-442f-87fa-fcfa4eff8471,64,2585.5,Jaipur,Groceries,2026-01-13 04:36:17,0
3fa330ff-ebd6-4712-b869-0be25faee956,158,18315.55,Bangalore,Travel,2026-01-13 05:59:53,1
edb9b282-8730-4a95-9128-c95c3840fd35,500,6422.68,Chennai,Food,2026-01-13 06:42:01,0
57b643c6-4f01-4194-bf75-56f969250338,151,2577.21,Chennai,Groceries,2026-01-13 09:58:47,0
37c6bc5d-1a38-4e8e-a9bc-4734e92966be,186,4284.39,Kolkata,Food,2026-01-13 10:33:18,0
3f1f84a2-4fdf-406e-9905-89c4bcfd7711,323,8659.55,Bangalore,Groceries,2026-01-13 10:59:55,0
a42229af-3691-4d69-aa46-c05bcb00a964,253,4044.76,Jaipur,Food,2026-01-13 11:04:41,0
75fa99f2-4b85-4e26-a1f3-eb6f3298d758,14,6903.28,Chennai,Groceries,2026-01-13 11:11:52,0
ee0f65a8-2a13-4c1f-8cd0-15c1ad5900dd,244,8391.48,Kolkata,Clothing,2026-01-13 12:02:51,0
6d0e0597-500d-42a7-ad40-9244cd3566ef,371,7767.61,Pune,Travel,2026-01-13 12:16:29,0
96b53c4c-cc54-4981-9787-edf2c313e1be,308,5696.86,Bangalore,Clothing,2026-01-13 12:29:07,0
46c9ae33-0c90-4c01-bb44-dabc142ec8b0,307,1232.37,Delhi,Clothing,2026-01-13 13:20:56,0
70857047-b679-497a-ae58-b0c58519b67b,2,11465.67,Bangalore,Food,2026-01-13 13:29:26,0
997d4ca9-149c-4766-bfb8-8ef480dc4873,465,7871.94,Kolkata,Clothing,2026-01-13 14:12:40,0
acd11f21-3125-4a38-918f-3c4fb982fd52,239,6088.36,Mumbai,Clothing,2026-01-13 14:15:15,0
e6bd7270-a33a-4286-bfbc-6187992e31ac,294,11922.29,Delhi,Electronics,2026-01-13 14:29:00,0
7aa38b4e-b2d7-44a7-9a8c-5ef9b4db1963,329,2050.91,Delhi,Clothing,2026-01-13 14:31:15,0
244f802b-4d53-480e-9ebd-55b6e60584a2,82,2662.17,Delhi,Groceries,2026-01-13 14:47:56,0
20ddc8b1-af0f-434e-82a2-9fcc184ee3db,324,9013.72,Delhi,Food,2026-01-13 15:02:20,0
23eddca2-1e6e-4157-927a-60921548d16d,143,3854.78,Chennai,Food,2026-01-13 15:06:21,0
5abf8127-189f-49f5-aa4f-d3ab13c1046e,402,6506.96,Hyderabad,Clothing,2026-01-13 15:37:40,0
015f566c-0ba6-4a86-8f52-85f7bf8cc6f9,38,720.14,Bangalore,Food,2026-01-13 15:58:22,0
dfbb3a43-26da-416c-9306-06ae69ed5072,31,4178.03,Pune,Clothing,2026-01-13 15:59:18,0
8bd782de-a475-4b7e-95be-2848cad7cd24,475,10482.54,Bangalore,Groceries,2026-01-13 16:14:32,0
099396ff-da1e-42b2-9e6a-7c6e961b9221,346,10768.48,Mumbai,Food,2026-01-13 16:51:49,0
ef6f5d6a-09ed-4c7c-9f40-ce6a07c478ba,177,10960.11,Pune,Food,2026-01-13 17:11:57,0
6aa12abd-6f2e-42b9-9130-32dbe13a14ca,420,3674.68,Pune,Food,2026-01-13 17:24:05,0
b0bb79d9-d9b0-4417-b68d-69797fe4c461,350,3483.92,Kolkata,Food,2026-01-13 17:24:24,0
a6fb7be1-d1c1-4add-81a6-5d1e93b49e4c,335,9332.92,Chennai,Clothing,2026-01-13 17:41:42,0
542ca399-f2a5-4387-98ed-6c16ac44d807,369,3594.37,Chennai,Clothing,2026-01-13 17:54:30,0
94cbb94e-80dc-4cf9-b1b0-c1faa22eb45b,464,9690.68,Mumbai,Electronics,2026-01-13 18:01:39,0
d2490d20-2072-4d10-926b-76134077f02e,424,9189.75,Mumbai,Clothing,2026-01-13 19:18:02,0
f91c1139-574b-48e2-bc83-8695f9a960b1,321,26732.6,Hyderabad,Groceries,2026-01-13 19:43:34,0
f421936d-4f92-477a-8ec5-47720e850e6b,285,1224.32,Jaipur,Utilities,2026-01-13 20:06:19,1
5cad2517-9839-4ae1-b635-94aa51642de2,67,4096.63,Hyderabad,Clothing,2026-01-13 20:47:38,0
cb0e0fe6-a920-4146-a216-b75929a31519,213,9296.75,Pune,Groceries,2026-01-13 21:10:45,0
b783e1d5-d264-44b9-a3f4-7a557e0f60b2,59,2738.79,Hyderabad,Groceries,2026-01-13 21:40:51,0
7a49c96a-1168-4e55-82b1-4f24dc76a6a8,110,6681.09,Pune,Food,2026-01-13 21:51:04,0
000494cd-98ae-43f5-8b0d-57732a37e66a,215,11414.2,Pune,Food,2026-01-13 21:53:57,0
0bd46916-7b9f-42db-a86e-99ec77fd9050,461,5370.7,Chennai,Food,2026-01-13 22:24:00,0
821d138f-f785-4d0d-a85a-8e531d275978,286,2564.78,Hyderabad,Food,2026-01-13 22:25:42,0
2d903059-7200-48f3-a0c0-6aed64b25499,295,612.82,Chennai,Food,2026-01-13 22:28:11,0
d3d1bf0f-56c4-48e4-a9ef-afb13a7e8e14,221,1461.53,Delhi,Groceries,2026-01-13 22:49:35,0
c1de6d58-518e-48fd-a252-439052a3069d,396,5970.19,Jaipur,Groceries,2026-01-13 22:57:33,0
176519e7-3332-432b-bd10-fa95e8a44238,460,3769.06,Delhi,Clothing,2026-01-14 00:03:49,0
5fa881b0-c013-4339-b236-57ec5acc0d2f,110,9361.71,Pune,Food,2026-01-14 00:52:24,0
fe3f4d89-183f-4aa9-be45-e4a5dc8fe37c,340,10707.49,Chennai,Food,2026-01-14 01:31:13,0
2fbe89b5-f211-46da-beb5-3eeb24cef142,37,424.31,Jaipur,Food,2026-01-14 02:02:34,0
f71b0645-087f-49de-91b2-5d34cc2fc11f,153,1091.44,Kolkata,Clothing,2026-01-14 03:38:43,0
fae73cbc-98a4-4e48-80db-9daceb86ab48,34,3492.12,Kolkata,Clothing,2026-01-14 03:59:22,1
6170c8b4-573d-445b-b1c1-ce8af7d7b1d9,53,9022.6,Pune,Food,2026-01-14 04:23:44,0
55b85720-87cd-4444-adba-97542d95d98d,115,3453.59,Jaipur,Clothing,2026-01-14 05:07:23,0
467074e5-73de-4e45-a85e-5940512dcce6,133,39811.48,Delhi,Travel,2026-01-14 08:00:32,1
4250f956-478c-479d-8856-cc4b9ea46e7d,473,10124.62,Pune,Electronics,2026-01-14 08:10:11,0
7a99bd76-54ed-4b70-8eb0-c86629c3d598,406,9837.24,Hyderabad,Clothing,2026-01-14 09:12:08,0
636404e8-a3b0-43da-845e-aab9cc007490,15,3443.07,Pune,Groceries,2026-01-14 09:23:58,0
0b7ecd79-cc1b-4d55-933b-e58a696932ac,261,3184.04,Hyderabad,Utilities,2026-01-14 09:33:48,0
6cbbcd70-024a-42d0-9692-017962c100a0,311,1849.72,Bangalore,Food,2026-01-14 09:33:58,0
9ccf72fe-954e-4574-b6c9-0159d5a3fc19,402,14102.69,Bangalore,Travel,2026-01-14 09:48:47,1
ce2a1bae-dc2f-4f74-b430-f524e2f0a58c,148,1759.26,Jaipur,Food,2026-01-14 10:14:54,0
763f56ac-bfee-4533-acf5-9149b1c9d0dc,387,9376.18,Hyderabad,Food,2026-01-14 10:16:13,0
017cad98-8511-4400-94bb-23f1164d98a3,481,3029.2,Jaipur,Utilities,2026-01-14 10:18:04,0
79b371cc-bb52-4663-a401-bc47294f08cc,378,8988.03,Pune,Clothing,2026-01-14 10:21:32,0
3fd79cc7-7666-4b5b-b70b-9b36a95d9448,299,188.46,Bangalore,Clothing,2026-01-14 10:55:15,0
065262a2-24a0-4b6e-8878-383ae037e953,180,5381.37,Pune,Food,2026-01-14 11:13:20,0
29d13e66-e02c-4992-ab51-1a13fcda940d,467,3530.97,Pune,Clothing,2026-01-14 11:16:01,0
c03b3081-0dcf-4a5a-9d4f-27ee13ca6d3b,149,8063.66,Mumbai,Food,2026-01-14 11:31:00,0
2cc6c3c2-1e50-461f-afce-10aedb06fec2,28,4074.62,Kolkata,Groceries,2026-01-14 11:59:03,0
ed592398-f649-4f09-9759-91ea093d4e37,7,6244.2,Mumbai,Food,2026-01-14 12:28:07,0
409dcdfb-f19e-454c-a8f9-46f391e66687,358,4683.6,Mumbai,Food,2026-01-14 13:12:52,0
57f00393-3893-4037-960c-2e545d30005d,433,1677.6,Delhi,Food,2026-01-14 13:50:26,0
339c87bc-16b0-4781-9e7c-d1cdb94d1e81,345,11346.7,Hyderabad,Groceries,2026-01-14 13:56:30,0
ac1591b0-bd65-46b7-940f-4c4d3849d118,284,19995.89,Hyderabad,Entertainment,2026-01-14 14:09:24,1
0068eeac-7cfb-49f6-8de0-4a849afe5363,282,3749.26,Delhi,Food,2026-01-14 14:24:07,0
76d6682f-6248-453e-b412-c27202b71c51,34,6755.17,Kolkata,Clothing,2026-01-14 14:25:06,0
ddb6a7e4-00a5-4247-b8db-011e9fac211a,441,4591.4,Jaipur,Food,2026-01-14 15:18:52,0
a6bdaf11-2b72-495b-83c5-607e080eee5e,443,182.99,Chennai,Clothing,2026-01-14 16:00:43,0
6732f4e0-50eb-47db-baed-472c8a33132f,126,11087.29,Mumbai,Food,2026-01-14 16:22:46,0
d9a19ca8-f317-4bab-a2e3-2fa7f4cd6362,190,11898.01,Jaipur,Clothing,2026-01-14 16:45:25,0
d961cea0-8a62-4b5c-ac4b-7dbd1961da1f,398,16487.71,Chennai,Food,2026-01-14 16:50:10,0
52c83bfc-5b48-461f-9b1b-4cd736ba4918,263,3939.89,Kolkata,Groceries,2026-01-14 17:13:59,0
7f16c985-3cb9-4bbf-b863-3824010aeac9,334,9227.17,Chennai,Clothing,2026-01-14 17:29:25,0
188f409a-0dfa-46a0-9ff6-cd0a4fef49cc,141,23325.01,Kolkata,Travel,2026-01-14 17:32:24,1
667491b7-057c-4b05-8d17-e35f948fe521,180,3357.55,Pune,Clothing,2026-01-14 17:34:52,0
7062976c-2847-4add-9a03-4e7b752debab,35,11491.95,Hyderabad,Clothing,2026-01-14 17:37:31,0
353924f4-da70-4690-9941-62c1290e9997,179,5210.06,Pune,Clothing,2026-01-14 17:39:11,0
b8c399ab-823d-4c3a-80bb-b6702742dc47,335,8861.74,Chennai,Clothing,2026-01-14 17:54:06,0
5f1ca27f-51dd-453a-bf86-eee985e7eddc,41,9631.56,Hyderabad,Food,2026-01-14 18:01:25,0
196b58f1-ded8-4c47-bb88-854e7f968d71,440,599.44,Jaipur,Clothing,2026-01-14 18:07:55,0
f24cecfd-c737-4267-bfc3-4906dfbba1b7,285,8574.02,Jaipur,Food,2026-01-14 18:21:28,0
d7177de4-e360-4e7e-80f6-1d0de529f653,317,34433.98,Pune,Food,2026-01-14 19:24:41,0
e8180064-3e44-4305-ab55-920d81d231cb,279,499.09,Hyderabad,Food,2026-01-14 19:27:04,0
cd3d2f6b-a324-4246-83e0-b5acb5f62122,409,9571.55,Kolkata,Clothing,2026-01-14 19:31:33,0
518775b3-c23f-48aa-821a-eb93fa0c01ac,43,9497.65,Chennai,Clothing,2026-01-14 20:09:53,0
a44e3b1c-6a96-4ac0-8651-62a60fe91780,78,11287.46,Chennai,Clothing,2026-01-14 20:23:22,0
60ac34f2-ae67-4648-b932-ab849c01a345,244,8546.34,Kolkata,Clothing,2026-01-14 20:25:25,0
1c1e4c10-aaf2-424e-be54-6eed1475e3a1,307,9001.81,Jaipur,Clothing,2026-01-14 20:37:40,0
c68fcba5-1e0d-42b5-be74-02cddd83ad03,218,7878.69,Hyderabad,Food,2026-01-14 21:02:28,0
9dbb3ef0-2d4d-46e0-8f07-18c2f0e4e4c5,9,7609.06,Hyderabad,Food,2026-01-14 22:23:45,0
57549c43-ce96-4698-bc8b-7eb7037146f7,413,2207.58,Jaipur,Groceries,2026-01-14 23:51:15,0
187cde97-038f-4118-8cb2-214ecb725702,90,11468.71,Delhi,Utilities,2026-01-14 23:54:51,0
7a33e626-2ee4-4b9d-82da-33fdc15b25f2,396,11836.39,Chennai,Groceries,2026-01-15 00:13:42,0
13c653c9-4599-48d4-8064-58cd59ca2ce0,30,4786.16,Mumbai,Clothing,2026-01-15 00:14:46,1
2ea151aa-bcf7-4bc2-8e38-440e6cf98cc8,424,10434.97,Mumbai,Clothing,2026-01-15 00:20:21,0
bbaa574f-e0e3-45ce-84af-ecb79f2ebefc,379,9122.63,Kolkata,Groceries,2026-01-15 02:42:41,0
b93fd915-fa98-43ea-a900-07a8aaf29622,317,1868.2,Pune,Electronics,2026-01-15 03:00:02,1
0c17961c-ffee-41fe-ade5-db18f72f8ddf,317,1627.28,Pune,Clothing,2026-01-15 03:03:14,1
cb38cdda-086a-41cd-95ec-5cd55be1ab73,317,16854.17,Delhi,Travel,2026-01-15 03:04:08,1
6a5e54f9-60a9-418c-a725-b98c32c193ff,317,48558.08,Pune,Travel,2026-01-15 03:18:17,1
b9cad3c4-50b0-4da1-8d22-faba4b33a88e,317,1356.6,Pune,Travel,2026-01-15 03:20:15,1
7ac92224-93b6-4c15-9b12-cf221226aece,317,10454.23,Hyderabad,Utilities,2026-01-15 03:24:44,1
71ee192e-4588-44eb-aa6c-3676ced04d04,351,2957.5,Bangalore,Clothing,2026-01-15 03:59:55,0
a542d085-a96a-4085-8063-be5024dea1db,341,26903.91,Chennai,Utilities,2026-01-15 04:03:47,1
56f4fdf9-645e-4e9b-9a33-9b77cd8d044e,6,24152.12,Bangalore,Electronics,2026-01-15 04:30:51,1
409be03d-c9ac-4911-8207-3e4f8fd54714,420,9023.17,Pune,Food,2026-01-15 05:27:04,0
de4097c3-3427-4466-97f4-b85d597faaf0,224,11133.76,Chennai,Electronics,2026-01-15 05:45:35,0
84ad412a-f61c-4ec0-b955-73f257133ccd,212,16735.85,Delhi,Electronics,2026-01-15 06:32:00,1
6316a8e7-d3fb-44ea-9725-119295dce0d6,445,28620.59,Jaipur,Groceries,2026-01-15 08:03:52,0
40c56cf6-e895-4041-9e71-afa97815c7df,402,9318.84,Hyderabad,Groceries,2026-01-15 08:12:06,0
98e74b9b-0277-4d60-a7af-09dec4b82d4e,2,27680.25,Bangalore,Food,2026-01-15 08:32:09,0
de26ec1a-5482-4427-b5a6-d5cc0b8591ff,91,1315.26,Delhi,Groceries,2026-01-15 08:52:15,0
8fc77286-75fa-4531-ad27-b724f6690adf,399,5353.74,Jaipur,Clothing,2026-01-15 08:52:26,0
513d5c96-dfab-437c-ad5c-d5d4e4649a8f,82,5175.34,Bangalore,Groceries,2026-01-15 08:52:33,0
7168340b-f194-43d4-879e-eb8ef7993edc,310,10689.89,Kolkata,Food,2026-01-15 09:59:15,0
60715481-b0e6-48bb-996a-b5f71db1a25a,316,9980.68,Delhi,Travel,2026-01-15 10:01:31,1
882a6ff5-40c0-43fc-9c9a-9d7d29c09a85,93,8606.82,Mumbai,Groceries,2026-01-15 10:11:04,0
471886d9-893a-4348-835f-2c0648ae3a47,369,10455.16,Chennai,Clothing,2026-01-15 10:14:09,0
7f0544ca-40f6-454a-989d-f5ed6df2b925,90,395.0,Kolkata,Clothing,2026-01-15 10:22:34,0
baf89ad5-271d-4a55-aebc-5f5976e6ca37,293,10401.33,Kolkata,Electronics,2026-01-15 10:24:38,0
c183b479-c960-4917-a96b-bf50ddef2a66,119,4255.25,Delhi,Food,2026-01-15 10:28:25,0
ba269dde-3928-4fd0-8409-2d5c7752fc64,284,11329.31,Hyderabad,Food,2026-01-15 10:40:12,0
7551eb4f-24b0-462f-85ba-25043e0790f1,204,823.9,Mumbai,Food,2026-01-15 11:03:16,0
1779a44c-926a-4390-b460-4426c31fd749,499,4207.43,Delhi,Food,2026-01-15 11:34:13,0
66548fd6-8027-4505-af88-198b4de53f26,499,1984.05,Pune,Food,2026-01-15 12:21:53,0
bd143f78-1b6d-4342-a9b2-286b4d2a5ec7,356,10401.86,Bangalore,Food,2026-01-15 12:34:54,0
f62e329e-32c2-4a25-9317-bf7bd45b1527,277,8857.85,Jaipur,Clothing,2026-01-15 12:49:34,0
034377e6-c9b7-46e0-b83b-88a89252ed84,56,2293.73,Kolkata,Food,2026-01-15 12:58:04,0
e2655d96-24df-413b-90e8-a2cb185bc5f5,227,7429.88,Chennai,Food,2026-01-15 13:03:42,0
e84b5e24-714d-466c-8234-eddf0fbd0e7f,234,9143.47,Delhi,Clothing,2026-01-15 13:08:44,0
4727f854-8d88-4c1e-b3d7-9079ab4c3829,410,6817.38,Pune,Groceries,2026-01-15 13:43:36,0
08acd766-95c9-40ea-bb3b-d32045a8e9ac,308,34118.65,Bangalore,Clothing,2026-01-15 13:50:49,0
9b890c38-f978-4cef-9d3b-14e226b1fe1f,432,45872.56,Jaipur,Electronics,2026-01-15 13:54:58,1
d783ac0d-1c8e-4029-825d-22b42966b97e,300,11239.92,Pune,Groceries,2026-01-15 14:57:50,0
89de7964-1d0c-4184-87d2-151e392d3cda,185,3897.11,Pune,Clothing,2026-01-15 14:59:32,0
b499e4e8-08ca-4a76-a8e6-33a63ad0482a,473,3488.85,Pune,Clothing,2026-01-15 15:01:26,0
db6e82cc-5c57-4b93-857e-aa6f29de65e6,377,2154.7,Hyderabad,Food,2026-01-15 15:24:47,0
4a792758-cd1c-4add-88cd-aaeac2464175,163,6227.4,Mumbai,Food,2026-01-15 16:06:26,0
03d3cc49-461f-4c06-af3e-5e4076628ff6,392,5292.71,Kolkata,Groceries,2026-01-15 16:12:20,0
bb5ad45d-5353-42bf-9dee-8ebf7d3ae67e,451,6573.56,Kolkata,Food,2026-01-15 17:00:16,0
4af00db1-00b3-433c-b0bd-c8a64539682f,109,3265.04,Chennai,Groceries,2026-01-15 17:33:09,0
a284598a-5e48-445a-b19d-ab55e5cefa0f,359,1756.54,Kolkata,Clothing,2026-01-15 17:36:01,0
8c320ebb-7d9d-4d1e-8d01-74e07e71f818,362,4917.38,Pune,Clothing,2026-01-15 17:51:23,0
99d8dfd2-1cd9-4e6b-ba0d-385982e86755,349,5539.24,Pune,Clothing,2026-01-15 18:19:11,0
9f8972c4-9558-4a28-9291-da0af6b6849c,168,1102.73,Chennai,Clothing,2026-01-15 18:55:32,0
4d4aa463-d34d-43fb-9b70-6265a9798b68,480,2798.64,Bangalore,Groceries,2026-01-15 19:20:45,0
8cd4e7bc-7d33-4ca2-abcc-e72a1e692c3f,102,579.05,Jaipur,Travel,2026-01-15 19:21:57,0
3d9049bb-205d-4635-8c87-858c3b5745df,274,4795.82,Delhi,Food,2026-01-15 19:47:52,0
3b86a32c-7ded-434c-a68a-f9e750c7c6d7,359,3208.35,Kolkata,Clothing,2026-01-15 20:11:31,0
536c32d0-1b63-405f-8bf8-5149b6da99cd,244,5588.78,Kolkata,Clothing,2026-01-15 20:22:38,0
f712e813-4e01-409d-8d59-b3636f1e2050,326,11565.35,Pune,Food,2026-01-15 20:52:49,0
494e5ac2-baab-41d2-b3de-482650bc3fff,300,43306.48,Jaipur,Travel,2026-01-15 21:36:09,1
ab0a9408-b301-4c84-9ac7-2a71ef56cb9e,295,10437.25,Hyderabad,Clothing,2026-01-15 22:00:11,0
fa0d3875-9814-497c-9c02-5145968f8658,112,5878.61,Delhi,Food,2026-01-15 22:36:49,0
62362dba-8af3-4958-9549-b2ae55fdb01a,190,36733.34,Mumbai,Utilities,2026-01-15 23:28:43,1
5c818499-fcf6-4900-917f-06dccf559a94,128,4337.55,Hyderabad,Clothing,2026-01-15 23:35:12,0
6aa2fcc7-e8d0-4c76-9bdf-d91d4f5be1f7,167,7191.88,Jaipur,Food,2026-01-16 00:56:09,1
011e921d-0743-48c1-9e41-579135ea6b2e,140,844.28,Hyderabad,Clothing,2026-01-16 02:36:09,0
2a3e077c-2ebb-474e-b944-e15263481e5a,414,20683.62,Hyderabad,Travel,2026-01-16 02:50:33,1
4036d3f7-4dbf-4a86-9b18-0366c500c091,458,2131.29,Chennai,Electronics,2026-01-16 03:00:43,1
bf596434-532c-43b2-9429-b1c8aa50bf19,458,23082.99,Hyderabad,Utilities,2026-01-16 03:06:17,1
4ed65164-2275-44fe-be88-bcb676ad3bb6,9,5647.79,Hyderabad,Groceries,2026-01-16 03:10:20,0
a9c5baf4-14fe-4842-9064-f897e713ca88,458,5745.43,Chennai,Travel,2026-01-16 03:15:49,1
3952e0ff-89a9-4630-a074-bfceced0e381,458,49197.6,Delhi,Utilities,2026-01-16 03:16:20,1
9fe2ccad-b96f-4cc9-a03c-9a7dbcc0d0c3,255,36519.55,Delhi,Travel,2026-01-16 03:32:35,1
34885a46-9088-4eaf-8977-6598203c8c25,496,9907.87,Kolkata,Clothing,2026-01-16 03:41:40,0
0e757fbe-6a3a-4864-8265-133c784ba064,242,3776.12,Mumbai,Food,2026-01-16 05:07:14,0
1c23ab67-db4c-4ff9-a5d0-654d143ed6ce,81,52572.87,Jaipur,Utilities,2026-01-16 06:02:44,1
0974cda5-1301-4af9-9701-aae343538488,198,776.89,Mumbai,Clothing,2026-01-16 06:02:58,0
8ff50701-8222-4c16-a3de-4ec04dfa21be,162,8968.34,Mumbai,Utilities,2026-01-16 06:26:02,0
0a9c68de-4169-45c4-829c-521e3486abd0,358,19810.24,Mumbai,Utilities,2026-01-16 07:22:16,1
8c0dc409-dfcc-4eb4-bfbe-089223ce37db,384,5307.45,Pune,Groceries,2026-01-16 08:56:27,0
f1019dc3-5e80-4f8a-ad0e-059bbe596b49,236,5069.67,Mumbai,Clothing,2026-01-16 09:48:36,0
8b5b73df-d701-4ade-84a0-c5990fab3b92,88,11840.36,Pune,Clothing,2026-01-16 10:29:02,0
4a321d2a-e55e-4749-b952-35ad4ba99d78,155,4914.29,Kolkata,Food,2026-01-16 10:29:59,0
db727254-ef02-4c92-a262-dad86c16a78b,494,28385.58,Pune,Groceries,2026-01-16 10:31:13,0
6e3ab4ad-c8a9-481e-9703-6509047790cc,487,4768.75,Pune,Groceries,2026-01-16 10:32:40,0
363fd100-c5de-426c-a8fd-3856be75e52b,383,8363.06,Kolkata,Food,2026-01-16 10:45:18,0
6a240811-c3a8-4fc6-9c53-1912f8754b4c,491,6743.1,Jaipur,Food,2026-01-16 11:13:23,0
a27a7d89-79be-47a2-ad1a-d2750fc0cca8,27,2738.8,Chennai,Groceries,2026-01-16 11:27:46,0
36511c93-9a0f-40b8-889a-f19562b61594,161,28765.85,Mumbai,Clothing,2026-01-16 11:29:36,0
cff287e1-67d1-45ce-9a95-a394ba7d3996,300,1765.18,Mumbai,Groceries,2026-01-16 11:30:26,0
003ffcd6-b27c-4198-80f0-605982ab748e,471,1944.7,Pune,Groceries,2026-01-16 12:05:49,0
49b88721-2fa0-4e23-9912-acbcc1dc7611,226,3091.17,Hyderabad,Food,2026-01-16 12:07:10,0
c1ed3940-610d-484a-b4a4-ed3c7f0643ea,258,21554.81,Mumbai,Utilities,2026-01-16 12:13:45,0
8219839b-4d27-4016-b502-577134c3de25,437,4636.44,Pune,Clothing,2026-01-16 12:31:38,0
03c58a3f-3a82-43e8-b599-8090e34b2dab,33,1074.09,Kolkata,Food,2026-01-16 12:42:10,0
7e5361f0-045b-4f7d-89dd-97ae9d9e2f4a,451,6220.34,Chennai,Clothing,2026-01-16 12:47:37,0
1f4db543-f58b-42eb-9b03-89976cab2214,9,3386.03,Pune,Food,2026-01-16 12:49:09,0
31417cc0-59ff-40d6-beb7-d9094f15fdac,47,6225.57,Hyderabad,Groceries,2026-01-16 13:26:17,0
ff51cc96-27be-42b2-9a7f-326f3172e9f8,276,3808.82,Mumbai,Clothing,2026-01-16 13:43:11,0
04aa8f68-b9ae-4292-8012-1516f1e7a280,262,7410.96,Delhi,Clothing,2026-01-16 13:50:05,0
62a53193-a6a1-4c2b-8ec5-bad7b24ae6e3,472,6830.74,Pune,Food,2026-01-16 14:16:49,0
c21c930c-0f73-43a7-bdb9-df74813d0497,214,11202.99,Bangalore,Groceries,2026-01-16 14:45:41,0
4ffd5b7a-226d-424f-ae41-1e237dd19b8f,451,3843.25,Chennai,Electronics,2026-01-16 15:02:02,0
ecf74e8a-2c01-46d5-9936-eced1dfd9e80,228,10404.07,Bangalore,Food,2026-01-16 15:10:18,0
6e648ec8-15db-4b31-b6c8-4ff5b8b75626,217,2027.25,Jaipur,Food,2026-01-16 15:17:03,0
bedd62a7-9950-411a-9114-e0daf87ae6de,242,10722.97,Hyderabad,Food,2026-01-16 15:58:44,0
a22c5a0c-4573-4b0e-9e76-544238209f56,204,258.52,Chennai,Food,2026-01-16 16:12:36,0
2f15abbd-e173-4c84-83f3-8caf6b31f6c1,487,8894.3,Hyderabad,Groceries,2026-01-16 16:18:37,0
b298b811-0b1e-4578-9ff4-7c515ed10e7f,386,7946.77,Chennai,Clothing,2026-01-16 16:52:00,0
659f3ca6-0aab-4dfd-98ed-8718ba711b2a,83,4175.41,Hyderabad,Food,2026-01-16 17:12:50,0
6b0dd81d-37be-4260-8053-f2535a1e490d,436,2697.83,Pune,Clothing,2026-01-16 17:18:11,0
57675574-6b17-4422-99e1-4007be4106d0,212,709.58,Delhi,Food,2026-01-16 17:30:25,0
afc94350-5fcf-424f-81c5-380ef470c29a,454,2418.22,Kolkata,Food,2026-01-16 17:31:16,0
8a38d5aa-51be-4a8e-8a8a-eb94863dfcd6,477,2797.94,Hyderabad,Food,2026-01-16 17:59:00,0
ac480aa4-8ab4-4a82-98b8-f130131ad6fa,491,5537.33,Jaipur,Food,2026-01-16 18:47:08,0
f36c1c45-a942-44d7-bd2d-fffffe85544c,358,7433.81,Pune,Food,2026-01-16 19:00:45,0
0ceab8a7-12a6-4b2f-a14b-4c69ab5d4ef7,68,3644.23,Kolkata,Clothing,2026-01-16 19:24:39,0
14b77c79-0f15-4338-ad03-9f333d00f3cc,264,27554.52,Mumbai,Food,2026-01-16 19:35:55,0
775c30b5-6173-4c48-8876-9153c68813fe,98,9076.54,Pune,Clothing,2026-01-16 19:38:45,0
5be5cfe7-62f8-4815-acb3-d8ac91a23603,171,5991.46,Hyderabad,Travel,2026-01-16 20:04:52,0
f0152751-61f5-45ff-ac28-4830471a4ceb,232,2855.33,Bangalore,Clothing,2026-01-16 20:21:49,0
84a9e047-7a9b-4ba6-8419-3de184f4ebb0,490,4724.97,Delhi,Groceries,2026-01-16 20:34:33,0
04514370-ac3a-45fc-8111-a12e5206da89,119,3347.17,Delhi,Clothing,2026-01-16 20:38:50,0
d96ff642-5869-4f9d-9fa5-abd4931f8100,254,4749.84,Kolkata,Food,2026-01-16 21:58:32,0
2a7ec945-c144-4390-a9d6-3050f80aa176,455,4153.58,Mumbai,Clothing,2026-01-16 22:06:10,0
018e2f1d-ec0b-4b99-aa17-6ff6bccf45c8,252,5082.29,Hyderabad,Clothing,2026-01-16 22:49:13,0
75eb89c2-3f5c-42f3-bacb-43a3d2c7bffb,271,2750.01,Bangalore,Groceries,2026-01-17 00:19:29,0
1383c873-6859-4322-a298-cb7743723353,160,8999.26,Chennai,Clothing,2026-01-17 00:32:22,0
a89a92c5-0037-42ae-b5e9-13d82a53dbd6,72,9483.98,Kolkata,Groceries,2026-01-17 01:19:50,0
143029a9-d88f-4c94-88b7-63d5e519dd7e,495,10937.48,Bangalore,Clothing,2026-01-17 01:33:09,0
e0e2514b-34f5-448c-b978-c80ac3c59fbd,68,9882.69,Mumbai,Electronics,2026-01-17 02:32:12,1
4e8f334d-7ca9-4fbc-9c7f-58d40e6fbe96,85,22459.67,Hyderabad,Groceries,2026-01-17 02:43:34,1
51a08ea7-db56-499d-9d83-f1e438fe4364,280,46592.98,Bangalore,Electronics,2026-01-17 03:00:43,1
c0f4ad63-d6f6-4f78-87a2-50a4a36fcc7e,280,13970.61,Chennai,Utilities,2026-01-17 03:07:14,1
e0c9e68c-df55-4c05-ac89-3a937431efe7,280,31507.84,Mumbai,Utilities,2026-01-17 03:09:41,1
c2d01c42-fd59-4978-b965-12e3b9b094ac,55,7261.84,Delhi,Food,2026-01-17 03:12:45,0
6889d8b5-bc9a-413b-bb9a-86d68fa6228d,280,10348.75,Hyderabad,Entertainment,2026-01-17 03:14:24,1
c735ac46-d7e1-4cdf-b059-952b9fd80d62,280,11648.77,Pune,Utilities,2026-01-17 03:20:13,1
7213d4a3-886f-4db2-b878-11368cd6d040,23,1921.48,Hyderabad,Clothing,2026-01-17 04:01:34,0
285e6889-47ba-4245-a35b-9e6bc868e18d,319,3961.7,Chennai,Travel,2026-01-17 05:51:24,1
74029438-c7e5-41f8-845e-ec6c4f120916,397,10894.53,Pune,Food,2026-01-17 05:55:58,0
a452f530-a717-4804-902d-32817a37f3d6,487,4864.79,Pune,Food,2026-01-17 06:11:52,0
0bcb3af7-abb6-4078-8758-d63f527b8153,347,36861.29,Kolkata,Electronics,2026-01-17 06:22:52,1
3c38c3f0-07fb-4920-9d9d-2e4d483edd69,207,842.69,Jaipur,Clothing,2026-01-17 08:00:45,0
bfe14a7a-7a53-4d7f-8797-e0f3db1867bd,454,6057.72,Kolkata,Food,2026-01-17 09:11:16,0
0b94b2ab-b8e0-42e1-be7f-92991b96ee81,182,6727.6,Bangalore,Groceries,2026-01-17 09:21:57,0
f086424a-fbfb-49f9-8da4-f9166fa87369,279,11703.55,Hyderabad,Food,2026-01-17 09:35:45,0
4d04ccf1-d4b7-44c7-9fe2-23fd605b3b1b,18,11766.02,Hyderabad,Groceries,2026-01-17 11:34:20,0
fab1fa12-2d57-47a0-b300-62f1e2318ce6,387,4613.79,Hyderabad,Food,2026-01-17 12:08:36,0
c0078f90-5ef9-4dba-a07d-0865ef38f3cc,312,8633.47,Kolkata,Groceries,2026-01-17 13:01:25,0
b5bbabce-2c15-44ad-9790-4515f859396d,420,5806.27,Pune,Food,2026-01-17 13:08:52,0
32bd28e1-fd17-41d9-b924-7256525fe231,296,8503.11,Delhi,Food,2026-01-17 13:32:27,0
58cc49bb-1258-4998-88bb-c5bb64d36090,199,11229.62,Jaipur,Food,2026-01-17 13:57:18,0
f70492bf-1bf1-4b0a-9ecb-4f3fae56b5c0,249,783.07,Bangalore,Food,2026-01-17 14:22:28,0
54efe054-0206-4d9d-9be6-aa291ff868e7,73,10930.92,Pune,Groceries,2026-01-17 14:55:30,0
39571344-90a4-4421-b949-3906939f44eb,430,5908.66,Chennai,Clothing,2026-01-17 15:02:04,0
e627484b-4625-4d2d-a248-07760a9d7e8f,347,2335.69,Bangalore,Clothing,2026-01-17 15:10:06,0
ef0a3560-5b14-4c87-a128-cbf8420c3377,239,5773.52,Mumbai,Groceries,2026-01-17 15:26:52,0
9659533d-cb58-4bef-83b9-1c4363f902bc,467,3437.94,Pune,Clothing,2026-01-17 15:31:30,0
7ce4770e-32b7-4d80-8f2e-08d37b1dbca3,76,5762.67,Chennai,Groceries,2026-01-17 16:25:16,0
5566c02b-efd6-4289-854c-29e7f1c0460c,34,3879.11,Kolkata,Clothing,2026-01-17 16:28:50,0
3df37555-9fb2-468e-8ec8-bd3dca256296,71,374.93,Bangalore,Clothing,2026-01-17 17:39:43,0
8023f539-ef67-41b6-a946-1a1f7f8bf62b,57,5594.48,Mumbai,Groceries,2026-01-17 18:37:33,0
889cd33d-299f-4f30-b9b8-1e658a34b26b,295,4499.1,Hyderabad,Food,2026-01-17 19:02:42,0
0131f948-0984-44df-adaa-92737bc66b37,57,4624.14,Kolkata,Food,2026-01-17 19:11:18,0
ca2c2be2-fd31-402d-a007-b33805764a93,330,47050.75,Bangalore,Electronics,2026-01-17 20:05:22,1
539e9c1f-8cb8-4f5d-9be8-7a2aef6739d2,177,7043.16,Mumbai,Food,2026-01-17 20:06:14,0
e31f2212-1654-483f-a251-0f01959677e9,395,8921.38,Jaipur,Clothing,2026-01-17 20:37:33,0
699f96c9-3887-4814-8876-28b5ec3f6c13,213,2096.73,Pune,Groceries,2026-01-17 20:44:53,0
ce92aeeb-5d55-4647-a144-edde3062329f,470,4411.46,Pune,Food,2026-01-17 20:48:34,0
7819bc81-79a1-40ba-8b19-84d07bd90579,242,10124.2,Mumbai,Food,2026-01-17 20:53:14,0
a948ec66-7a59-497d-93f0-40c73d92f1cb,62,1861.22,Chennai,Clothing,2026-01-17 21:57:26,0
6de9b266-8e22-4987-8a87-fc1d7ee6563c,441,7487.46,Chennai,Food,2026-01-17 22:15:52,0
c02d7852-205a-40de-8413-0c746bf49fd0,297,5083.8,Jaipur,Clothing,2026-01-17 22:21:54,0
04f2a3fa-61ae-4df3-b963-36e22b5c0b76,73,11823.77,Hyderabad,Groceries,2026-01-17 22:28:08,0
9bc13571-6d6e-4b88-b198-3a50f8764e26,103,9436.68,Hyderabad,Utilities,2026-01-17 22:44:44,0
8585e78e-fc58-482f-8fbe-1f20fa464697,369,10427.47,Kolkata,Groceries,2026-01-18 01:00:33,1
9440e3d5-a3c3-4fcb-a542-4c44a6aadfb3,369,7053.36,Hyderabad,Groceries,2026-01-18 01:04:12,1
531fecdc-0834-4771-8765-356e8276fc9e,74,34151.29,Hyderabad,Clothing,2026-01-18 01:08:41,0
551d8f2b-e5d7-47d8-a94b-f6ed2a765772,369,48417.99,Pune,Utilities,2026-01-18 01:08:54,1
e139616f-7e7d-4330-a1b9-70f88721b0b3,369,13827.33,Hyderabad,Electronics,2026-01-18 01:21:45,1
727cc81c-c0d4-473b-aa58-40e646efa551,66,374.06,Pune,Clothing,2026-01-18 01:51:46,0
9cd1ba01-7918-4891-a687-4c45ef5e3d02,379,11592.77,Kolkata,Groceries,2026-01-18 02:27:03,0
cb64ae4a-bf22-44d5-9670-9094c9f74c62,187,860.19,Mumbai,Electronics,2026-01-18 02:52:54,1
0524c21e-6779-4c5b-89e0-c733a54b820d,119,3450.72,Delhi,Food,2026-01-18 04:00:59,1
fe07081d-7dd8-496d-a021-12a8615abe5f,193,24340.18,Pune,Travel,2026-01-18 06:56:47,1
68021f9e-4b57-4881-b2f3-06a37135318d,223,21178.16,Hyderabad,Food,2026-01-18 07:33:17,0
53853918-bc40-45fa-94f7-6322b362c0d2,259,4792.78,Pune,Travel,2026-01-18 08:27:42,0
32173525-7279-401c-93f3-503d9d96232d,112,10848.75,Jaipur,Food,2026-01-18 08:48:09,0
14e9e10a-145c-443c-836d-1a6ad98ab1b3,174,8117.08,Hyderabad,Groceries,2026-01-18 08:54:20,0
28584f50-6fc9-470f-8cf0-22d591c3ce8c,27,4214.37,Chennai,Groceries,2026-01-18 09:13:56,0
cd403fa3-c097-4de5-8ad2-67b40561090e,372,5771.63,Mumbai,Groceries,2026-01-18 09:48:03,0
c521ff2e-f9cc-43ed-a8b4-5c6afee543b3,335,8240.18,Chennai,Clothing,2026-01-18 10:19:44,0
8e9a6a6a-e981-4d2e-b01e-35cbd6aecadf,55,7507.59,Mumbai,Clothing,2026-01-18 10:27:20,0
960be0f4-9513-4c22-9583-9b99a50a13dc,407,833.86,Chennai,Groceries,2026-01-18 11:08:12,0
43320022-27e7-4f64-b353-55519f817220,493,8232.18,Bangalore,Food,2026-01-18 11:10:29,0
9df97618-52df-4e23-8cb5-450057c549b8,449,2795.54,Mumbai,Entertainment,2026-01-18 11:44:18,1
c61ca77e-c8c9-4862-9164-fcaeee0e8cf3,49,49673.04,Hyderabad,Utilities,2026-01-18 11:53:03,1
b5d044fb-2cd6-4d84-b477-38793eec05dc,202,5681.9,Bangalore,Clothing,2026-01-18 11:55:38,0
48abd32e-5eb4-460a-ae0f-3703dfb695fa,365,5414.98,Hyderabad,Clothing,2026-01-18 12:28:49,0
3044ffc4-0e82-4f50-b379-6ab24cd8f531,341,4690.04,Bangalore,Groceries,2026-01-18 12:29:12,0
c37b2471-5e9d-470c-9f23-403a42f5010a,307,34707.43,Delhi,Clothing,2026-01-18 12:36:45,0
8116e3fc-62e7-41a6-92d2-fa0649e1cd13,221,8757.35,Delhi,Groceries,2026-01-18 13:02:25,0
89a8c57d-1806-499f-b1ac-f1dd3303343c,437,8609.47,Pune,Groceries,2026-01-18 13:26:11,0
836b15c7-e7c2-45da-b306-958845d5a68d,310,720.94,Kolkata,Groceries,2026-01-18 13:35:59,0
46af040d-55d8-481a-81ce-b20e281f45ff,45,8806.44,Bangalore,Clothing,2026-01-18 13:51:05,0
8438e796-8d37-435e-bf0c-49b69dfc5ace,101,12136.52,Bangalore,Electronics,2026-01-18 14:11:17,1
b0309415-ef21-4b2c-8143-d636fd54225b,6,3942.02,Delhi,Clothing,2026-01-18 14:14:10,0
4ef153c8-fa1c-4272-976d-6de71d38fbc5,489,11393.16,Pune,Groceries,2026-01-18 14:22:51,0
65436a8c-a115-426c-b597-58bae3557ffe,152,3115.27,Mumbai,Food,2026-01-18 14:43:45,0
517acfe1-752b-4e23-b599-20ddeacc1289,195,10921.71,Hyderabad,Travel,2026-01-18 14:44:12,0
3b9a3daf-6321-4753-a8dd-66fd9fa38f4b,68,5585.14,Kolkata,Clothing,2026-01-18 15:09:55,0
1479ae61-af78-4ac9-9790-7876840323bb,144,610.26,Hyderabad,Clothing,2026-01-18 15:19:37,0
ac672016-c6a1-4860-974f-a387009a912f,412,9500.83,Chennai,Food,2026-01-18 15:38:50,0
ba9c5a2a-ba90-4186-a22f-1e2a2140c691,471,3975.97,Pune,Groceries,2026-01-18 15:45:30,0
8d532691-6c93-4f69-8269-041a74533044,500,7742.69,Delhi,Food,2026-01-18 15:57:50,0
505c1021-157c-4813-a581-620fdc0db266,140,30793.4,Pune,Clothing,2026-01-18 16:11:41,0
b8ed0933-0b56-4fd8-9d6f-7fb7187cc428,118,998.18,Chennai,Groceries,2026-01-18 16:21:32,0
a7bc0a1c-c02c-4697-ac33-b677b8389e91,225,6591.99,Bangalore,Groceries,2026-01-18 16:36:13,0
5b9ec6ea-f5aa-4b37-8dbd-2d09f8ce8311,73,7443.13,Pune,Food,2026-01-18 16:41:32,0
b44df4b5-0f73-4617-9e61-f0dccc692137,206,1038.5,Pune,Groceries,2026-01-18 16:46:38,0
553bb81b-ddfe-4de6-b24b-3414727e2c02,433,18999.99,Delhi,Food,2026-01-18 18:03:41,0
ca3d51cc-f88a-420e-911b-0acd7a5653b3,476,2027.74,Kolkata,Food,2026-01-18 18:12:28,0
e46ac676-ddc4-4dd4-aa62-0cd9496ff6e3,487,4050.99,Pune,Groceries,2026-01-18 18:26:04,0
54a2f8bd-c228-40e7-951a-8247dbc4da67,34,7199.84,Kolkata,Clothing,2026-01-18 18:43:43,0
d6c95130-3d36-4622-80b2-b0117ae93cd2,114,2806.23,Hyderabad,Clothing,2026-01-18 18:50:42,0
b934d913-4fcd-4f99-89a2-ef760479f3f9,272,8590.87,Hyderabad,Groceries,2026-01-18 18:56:01,0
261e43aa-4731-4c7c-bb11-6d184ac732b4,412,6569.76,Chennai,Food,2026-01-18 19:05:11,0
4e0627fa-95ad-491b-9e4d-da34ca3e15b1,359,5131.17,Kolkata,Entertainment,2026-01-18 19:12:00,1
700e4b6d-b9a6-43ef-b571-1561fd12c52b,17,10075.61,Pune,Clothing,2026-01-18 19:14:17,0
db07a2a9-19df-4a16-8c2f-95ed88f68352,158,3850.27,Mumbai,Food,2026-01-18 19:27:02,0
317aa2cc-d390-413c-902e-976f285bc262,372,6820.02,Mumbai,Groceries,2026-01-18 19:35:58,0
5de91f0f-749b-4bee-8292-3f7fb534efc5,204,4157.04,Chennai,Clothing,2026-01-18 20:00:08,0
8b60aaa4-86a0-4192-9091-1fc8db23d7a9,55,6381.11,Delhi,Clothing,2026-01-18 20:01:19,0
615a443c-6e73-499b-b144-0c359266facc,229,7974.44,Bangalore,Food,2026-01-18 20:28:59,0
4172df47-b647-4fd7-b633-acef9170b658,328,10588.1,Hyderabad,Clothing,2026-01-18 21:19:32,0
88d76d5a-9eab-4ffc-8d8a-5399184cbb24,83,1578.44,Hyderabad,Food,2026-01-18 21:26:50,0
aa54e68f-a927-4d42-a88a-2e51d74d930e,339,24345.37,Chennai,Food,2026-01-18 21:57:34,0
7a3debf1-d2b6-45d3-b76e-d1bf587523b7,244,11698.42,Kolkata,Clothing,2026-01-18 22:09:02,0
d07f7698-0633-4992-a11f-6a7a1ea131a1,428,7310.26,Jaipur,Food,2026-01-18 22:14:24,0
5b2955f1-a701-4867-b962-a06408ebf178,203,9471.54,Mumbai,Utilities,2026-01-18 22:16:04,0
b21eafab-f649-49e8-9e03-2a652346f26d,435,1815.27,Kolkata,Clothing,2026-01-18 22:58:26,0
8c7e2904-4237-492a-8017-466e85f4c0a2,475,9859.59,Bangalore,Clothing,2026-01-19 01:19:28,0
5420d149-4d15-4c62-a8cc-6e3bbae3438e,483,1078.05,Hyderabad,Groceries,2026-01-19 06:18:56,0
0ce56ee2-7fff-4773-b6d1-fa0d4b6b37af,500,10606.84,Delhi,Food,2026-01-19 07:01:05,0
c3ce0fcb-4665-4861-a213-92d92a00003e,498,4154.45,Delhi,Groceries,2026-01-19 08:00:45,0
258861bb-ad32-47c6-8b64-612c5bd537b1,61,6838.59,Delhi,Clothing,2026-01-19 08:35:51,0
578dd65f-54bc-4607-b85b-81c21c50ff9e,124,2171.9,Jaipur,Food,2026-01-19 08:49:02,0
09ac3640-b412-4428-8008-d638402077fb,171,1383.68,Hyderabad,Food,2026-01-19 09:07:06,0
f389c5d1-da81-4f02-ad2a-a90ce9ee043c,385,4417.71,Pune,Groceries,2026-01-19 09:18:48,0
e0bda1ee-5807-4f74-a150-9425891f4683,77,7033.86,Kolkata,Food,2026-01-19 09:59:06,0
2f99bf79-66c3-48cb-b43b-541aa7955129,93,22260.16,Mumbai,Utilities,2026-01-19 10:38:19,1
8361fd9e-f929-4554-b119-bdaf7ac55206,140,1275.31,Hyderabad,Clothing,2026-01-19 12:08:41,0
594ae000-0d44-4b64-b6dd-2650ad84fd1a,43,9944.64,Chennai,Clothing,2026-01-19 12:09:12,0
5ae7ff5d-8677-43b8-8dc3-a23c892ea2a6,81,7750.66,Jaipur,Food,2026-01-19 12:40:36,0
74414d13-e6f1-4890-9b83-47fe4dc50fb3,285,7319.68,Jaipur,Clothing,2026-01-19 12:57:45,0
07ba408b-287e-49f1-9ed7-945e980b82cb,361,413.53,Pune,Groceries,2026-01-19 13:03:44,0
35adde88-43e4-4668-82ea-d2df725656e3,255,1025.9,Pune,Food,2026-01-19 13:10:40,0
eedaa802-4568-4426-89e0-3e22d3f4a49b,489,3522.8,Pune,Groceries,2026-01-19 13:59:28,0
89a63692-cfaa-45f9-bdb9-14eceab83685,120,2261.38,Kolkata,Travel,2026-01-19 14:01:00,0
306534c7-a595-49c0-b1d1-92d10a3d8cb8,497,7291.03,Pune,Food,2026-01-19 14:17:14,0
49f1137d-7d59-4e19-aab7-b2ef8e0ec033,356,5077.05,Bangalore,Electronics,2026-01-19 14:27:11,0
ac83995b-53f0-4378-996b-f99fa1119bb1,414,284.0,Mumbai,Groceries,2026-01-19 14:34:09,0
de04f248-784e-45e9-9211-ad6b517aa0e7,3,10014.94,Bangalore,Food,2026-01-19 14:58:34,0
4784259f-a86e-4ac1-b82e-98dcd0ce2457,86,1044.87,Chennai,Food,2026-01-19 15:05:58,0
1557c23a-0e8a-4dd9-be13-56bdaa2badbf,214,9374.29,Bangalore,Groceries,2026-01-19 15:11:17,0
9316ed5d-af14-4802-bb2f-c527f4b9a6d8,307,9024.11,Chennai,Clothing,2026-01-19 15:23:51,0
d7479ab4-9aac-43f8-8042-d3df1c5bae37,168,38107.35,Jaipur,Travel,2026-01-19 15:26:29,1
98656bba-2ea8-46ef-a249-49a003cfaa49,61,6007.31,Delhi,Clothing,2026-01-19 15:29:19,0
61235319-5069-4057-8ade-a5dbc9ceacdb,280,6958.98,Hyderabad,Clothing,2026-01-19 15:33:58,0
87ea19f2-1e85-4536-8c11-c74dfab522e5,372,5877.07,Pune,Groceries,2026-01-19 15:36:49,0
453e50e0-232e-44ea-9fe3-28d550be6294,53,10695.24,Delhi,Travel,2026-01-19 15:51:49,0
d01dcc67-a427-4689-94bf-52863830a7cf,283,9462.55,Chennai,Clothing,2026-01-19 15:54:27,0
3a46f479-2644-4ffe-a56f-107ab7864e27,313,11435.84,Kolkata,Groceries,2026-01-19 16:35:06,0
f2576076-0454-4f13-ac74-e3018a745def,193,3048.24,Hyderabad,Groceries,2026-01-19 17:03:20,0
f47e2c3e-dd5c-4525-ac8f-3b6252949fbd,43,1692.47,Chennai,Clothing,2026-01-19 17:46:59,0
551ce17b-69cf-4918-98a8-b0d520ea5176,329,6839.98,Delhi,Clothing,2026-01-19 17:51:14,0
9efa0407-f2ed-4ab0-be38-69e20df63417,320,11098.14,Delhi,Clothing,2026-01-19 18:23:09,0
8ca3c793-0d97-4ade-a47a-96e91a2d0d7a,167,6180.05,Jaipur,Food,2026-01-19 18:47:29,0
a3516fb0-9b7b-4733-aa8b-cb41271fcdb3,287,7477.21,Bangalore,Groceries,2026-01-19 18:48:09,0
112d894b-dfa8-46db-98a5-d9f55036ba69,188,834.27,Chennai,Clothing,2026-01-19 18:49:33,0
2a6445d3-48e8-4f79-98eb-a4621976a39a,92,33901.05,Jaipur,Food,2026-01-19 19:13:27,0
38dc963a-e510-42a7-bc1f-f1e709209977,416,4438.69,Pune,Clothing,2026-01-19 19:26:42,0
d3789ce5-f4b2-433d-a22e-58d532df7267,255,3203.7,Mumbai,Utilities,2026-01-19 19:31:53,0
0912fddc-0d36-415b-9f32-04afd414763f,407,266.47,Chennai,Groceries,2026-01-19 19:41:43,0
57a25d1c-24e1-41d9-83f1-0ab765b63378,28,9138.96,Kolkata,Groceries,2026-01-19 20:59:57,0
3731ff7d-04f3-4ca5-889b-fbfffba05810,11,4739.24,Bangalore,Groceries,2026-01-19 21:08:14,0
1491b51d-e6a7-46b0-b961-9ae2960e9c1a,349,7265.58,Pune,Clothing,2026-01-19 21:10:00,0
b84cc165-be8f-49b3-be57-d79b81dd27f3,53,785.17,Jaipur,Groceries,2026-01-19 21:18:21,0
cbf12ed9-833c-4fab-a2e6-942f9946f64c,45,6215.99,Bangalore,Clothing,2026-01-19 22:09:34,0
cb145c96-3fa8-40e3-a07c-bd3384dcff4d,381,4375.43,Hyderabad,Clothing,2026-01-19 22:13:48,0
913406a4-65a6-44a2-bf06-051f8cc93087,219,1092.24,Pune,Food,2026-01-19 22:31:14,0
de1e4909-54ec-4dd3-bd18-a5433065b97d,339,6921.92,Chennai,Food,2026-01-19 22:37:48,0
e4fb48fe-b59f-49e6-98ef-dab841bcf803,156,11980.12,Chennai,Clothing,2026-01-19 22:44:33,0
37b5115a-0e88-471a-861b-216564ed08c9,289,1719.3,Pune,Groceries,2026-01-19 22:50:06,0
5c009a69-aa37-4383-af9e-3c5cb340e35d,475,7753.23,Bangalore,Clothing,2026-01-19 22:52:00,0
d9a3742a-83c2-4870-adde-98b619f620a2,152,9451.38,Mumbai,Groceries,2026-01-19 22:53:47,0
1877bc06-94ad-4252-95bc-2a3ebf7655d7,31,1207.02,Pune,Groceries,2026-01-19 22:54:33,0
1cfb0c3f-45d8-4d95-adb7-167ec2054454,285,11604.7,Jaipur,Clothing,2026-01-20 01:03:03,0
3add363d-dbc5-44bd-a102-6590af4a2290,252,7133.03,Pune,Clothing,2026-01-20 01:23:40,0
8022eb6f-9fa6-4655-8567-60f80de9b292,131,6819.14,Chennai,Clothing,2026-01-20 01:39:43,0
c62dde22-fb80-4727-bb2a-4f0561f55560,194,6941.75,Delhi,Groceries,2026-01-20 01:40:00,0
bba8e166-89f9-443e-ab07-4c79bbe43aa7,372,11974.07,Mumbai,Groceries,2026-01-20 01:59:14,0
4fd806d8-e458-4273-bd34-1081d87d7bf1,262,7323.2,Delhi,Clothing,2026-01-20 02:05:09,0
681e1f75-26c5-4ced-bf8c-0b76c873b8b0,37,2545.71,Jaipur,Groceries,2026-01-20 02:42:39,0
055ab0f2-db97-4191-bcd4-1cae19b8b349,492,54272.98,Delhi,Electronics,2026-01-20 04:34:24,1
a6508bf4-0867-47c0-b887-51be219d6a22,198,3133.15,Mumbai,Utilities,2026-01-20 06:06:04,0
990e3a80-5615-4797-a8e4-65ae77fe7355,363,465.69,Pune,Food,2026-01-20 06:22:35,0
de9389de-e37b-4630-9798-b4e01a110a4f,8,5420.23,Mumbai,Food,2026-01-20 08:03:00,0
f43708e5-0fcb-4298-b6cd-552f2808d39c,70,17543.68,Delhi,Groceries,2026-01-20 08:26:18,0
953ff49b-5f68-4c96-b01c-3a08d52a66e7,204,5402.79,Chennai,Groceries,2026-01-20 08:44:32,0
b2120875-cf70-4de5-b944-8aadfb306592,116,37243.79,Mumbai,Travel,2026-01-20 08:46:37,1
67f4062c-1def-45b4-bea4-57d4947148e2,323,15425.6,Bangalore,Food,2026-01-20 09:01:50,0
980cb95c-19d4-4deb-9139-fa1234c1c3ea,178,11255.18,Kolkata,Electronics,2026-01-20 09:02:51,0
c83b6467-9c12-47d2-9c4e-7b65c81a5f0f,459,10496.98,Bangalore,Groceries,2026-01-20 09:45:03,0
3143ac24-874d-4931-b933-a7d47ef3f84e,136,10101.86,Delhi,Groceries,2026-01-20 10:51:42,0
15403212-e0f4-4a98-9003-667c8c77ea46,23,3201.13,Pune,Food,2026-01-20 11:34:59,0
5728c50d-95e2-45fc-ba03-9604c102ec3b,288,8678.36,Delhi,Groceries,2026-01-20 11:45:09,0
2909a964-f27b-48ee-bb72-5c70e984c77f,346,11676.32,Mumbai,Food,2026-01-20 12:55:23,0
8f158449-4f40-422f-95b0-2530f020e992,309,7034.6,Hyderabad,Clothing,2026-01-20 13:19:41,0
d4718d86-8d36-4459-80f6-c26cf7eefd84,198,2606.89,Mumbai,Groceries,2026-01-20 13:41:51,0
31ff18f9-e8a5-41f8-b13e-59a2f546f5ee,149,4570.6,Mumbai,Groceries,2026-01-20 13:43:51,0
dea6a37e-2755-4942-89cf-c27c5f5b787e,91,9963.14,Delhi,Groceries,2026-01-20 13:47:18,0
0de84b63-5856-41fc-9782-5ea3bbff16e9,421,9057.86,Chennai,Clothing,2026-01-20 14:15:42,0
c21a2ab3-0654-45bf-ae28-2815fd2dd4e4,237,9503.96,Chennai,Food,2026-01-20 14:43:36,0
a95c7f25-66c8-4707-85e0-8ea8f812f394,450,256.99,Hyderabad,Clothing,2026-01-20 14:53:40,0
7796048f-b4b9-4b73-a9de-bccc429e09bd,487,11081.95,Pune,Groceries,2026-01-20 15:03:12,0
6e8b6e54-5735-45fc-95e3-23d4addaaef7,374,11601.29,Kolkata,Food,2026-01-20 15:10:40,0
45747407-9dab-44c1-b8e0-b9b86b86a951,154,6790.38,Bangalore,Clothing,2026-01-20 15:11:39,0
a482e73a-d3d1-4326-9a67-3fe589e0b18b,150,13582.91,Chennai,Electronics,2026-01-20 16:08:53,1
2f74dd9f-14d0-48ec-b4a0-4c333dcd7d87,63,9877.99,Delhi,Electronics,2026-01-20 17:21:38,0
c1d9a1f3-8e9e-453a-adf7-dcd286c1466c,321,3615.59,Delhi,Food,2026-01-20 18:20:12,0
b570dfb7-5c5a-43a4-bc58-2c70c8a9c10f,374,11017.13,Kolkata,Food,2026-01-20 18:44:11,0
64f2502e-c94f-4ed3-8a2f-38766e935615,290,8403.45,Pune,Food,2026-01-20 18:46:25,0
903f3da2-3c8b-49d9-bd25-e7ef566212a3,301,101.43,Mumbai,Food,2026-01-20 18:53:12,0
abd38b99-3f92-45fe-9a4a-9f63b1e9dc4b,87,6538.14,Pune,Food,2026-01-20 19:40:01,0
f55c12c6-68c5-4ddc-b253-f9fa5c42952b,477,478.39,Chennai,Food,2026-01-20 20:15:25,0
6aead437-358f-4fc8-834f-fcedd60183c2,31,11792.53,Pune,Clothing,2026-01-20 20:28:17,0
9082889b-e1cd-487f-ac95-5f87ae5ec365,309,7900.56,Hyderabad,Clothing,2026-01-20 20:40:31,0
ef16d03b-9875-43c3-a523-52f6f7a3f6a6,303,4500.23,Bangalore,Groceries,2026-01-20 20:44:15,0
1195f591-bc4a-43a2-a3e3-ca6a3641b4dd,229,18463.3,Chennai,Electronics,2026-01-20 21:02:45,1
8da5eeec-97f9-4128-813f-34a6c49d2d2f,187,11145.35,Mumbai,Food,2026-01-20 21:25:40,0
60040d0d-5257-431b-b24c-5cd007ac3372,159,2350.44,Bangalore,Food,2026-01-20 21:42:00,0
ce30f80d-7de4-4475-a8e0-3d6b151105eb,181,2128.51,Jaipur,Groceries,2026-01-20 21:47:35,0
b9d52741-6a05-4b55-91e5-8b4143bc84fa,137,6921.17,Delhi,Clothing,2026-01-20 22:15:27,0
ae2e7dd2-19a2-4602-a8a3-d3a35fdd67bb,308,6413.68,Bangalore,Clothing,2026-01-20 22:23:34,0
86e47439-50df-407e-9f3c-d9cafc2add9a,99,6002.28,Mumbai,Food,2026-01-20 22:39:54,0
dd22f1cf-05ff-4f3b-a2ef-8f437c380a65,372,748.73,Mumbai,Groceries,2026-01-20 22:55:27,0
a947f157-f841-46db-945e-aa79db9a437a,356,5994.19,Bangalore,Food,2026-01-20 22:58:12,0
68c18df9-45ca-47af-a9ea-9d49bc94046e,23,3029.46,Pune,Clothing,2026-01-20 22:59:27,0
2a8762ef-f6c9-4f7c-93fa-3320256a463e,374,464.49,Delhi,Food,2026-01-21 00:23:25,0
8dba2c36-fb01-40d9-92d9-3182f3c01d85,259,2478.85,Mumbai,Clothing,2026-01-21 00:31:07,0
188c96e9-affc-4282-b816-815fe0a05e9d,91,7256.51,Delhi,Electronics,2026-01-21 02:31:43,0
1972aec9-9476-4617-bd8e-cdff273dfd6f,449,9617.6,Mumbai,Clothing,2026-01-21 03:06:32,0
feb8bf0b-8775-40f0-b8f4-58891e49c76a,208,5563.45,Jaipur,Food,2026-01-21 03:34:27,0
74309740-33e1-42af-b2cc-ea2531fd1e5e,25,11196.57,Pune,Groceries,2026-01-21 04:01:25,0
f9ad7fd3-b200-46a2-9053-a5ee3bf18e57,231,9001.65,Delhi,Clothing,2026-01-21 05:30:35,0
1eb34e27-572f-41a9-920e-ffb69e4db59d,187,7011.89,Mumbai,Utilities,2026-01-21 05:34:20,1
457f0cf1-fd88-4d38-9068-53a269abb9de,161,7459.69,Delhi,Clothing,2026-01-21 08:31:44,0
3eea3cf0-93ff-41ea-94f8-72f6c67e0a01,255,4755.5,Kolkata,Groceries,2026-01-21 09:11:46,0
d75b6911-f805-4526-9e5a-e447e28220cd,201,1065.8,Bangalore,Clothing,2026-01-21 09:26:31,0
c5ddf574-2543-4b1a-86ec-9e60e4433474,326,6302.98,Pune,Food,2026-01-21 09:27:38,0
9bd65068-ba8d-4f8c-be05-fcef842c49fa,149,5610.96,Bangalore,Clothing,2026-01-21 09:45:14,0
81b12160-e959-4e83-95f3-42ab9d49c2b0,241,3001.73,Chennai,Clothing,2026-01-21 10:28:28,0
f796611f-c7c1-4b1b-9d58-631b052226b9,26,9379.98,Delhi,Groceries,2026-01-21 11:41:14,0
170d7507-05ee-41d4-bf53-a88e4efc8248,444,11211.64,Hyderabad,Food,2026-01-21 11:48:10,0
432ad235-cba3-4f6a-b487-f4cee20eca24,426,15800.2,Chennai,Food,2026-01-21 11:51:32,0
a08262df-427f-4635-9f7b-8b00d7720330,326,32806.39,Pune,Groceries,2026-01-21 12:15:53,0
76472dce-3c15-4843-b624-2c71de49531a,75,3188.31,Mumbai,Food,2026-01-21 12:34:34,0
73d56807-288f-4b61-9cc4-f5231c59c70c,372,2204.83,Mumbai,Groceries,2026-01-21 12:37:55,0
2a678ce3-9c0f-47d5-b5a2-39b13df5516b,489,8911.43,Pune,Groceries,2026-01-21 12:51:31,0
3bc8c4f7-2ec2-4ef6-84c2-53c30e3c8926,153,8038.84,Kolkata,Clothing,2026-01-21 12:58:00,0
55718266-16c0-4601-9b4d-2d187ff5475c,394,9272.63,Kolkata,Food,2026-01-21 13:47:25,0
6991ec16-179d-43ab-954f-568910b83d9e,457,3722.35,Delhi,Travel,2026-01-21 13:47:30,1
ac2356f7-11e7-42f8-a1ed-e463615f7343,431,5555.19,Mumbai,Clothing,2026-01-21 14:04:19,0
b17d2690-ba16-4b4b-99e0-e9f479d50b46,82,1680.69,Delhi,Groceries,2026-01-21 14:07:55,0
a93e2d44-7cb6-45a5-9ed4-b12dd749c973,116,8904.26,Mumbai,Groceries,2026-01-21 15:02:04,0
60013e38-960b-4746-9b51-0232fca7644d,125,5808.22,Bangalore,Food,2026-01-21 15:02:49,0
851987ab-e599-46f1-a6a0-c38caf3801e1,483,8003.85,Hyderabad,Groceries,2026-01-21 15:17:26,0
ab5b6233-21cc-4b6a-b081-0ce055532fda,249,6438.63,Bangalore,Food,2026-01-21 15:24:15,0
9012b451-c186-413a-8c5c-6137ed82874c,328,2744.9,Hyderabad,Electronics,2026-01-21 15:28:23,0
f059876e-1439-400e-807f-6a1bf512a5d5,372,10163.39,Chennai,Groceries,2026-01-21 15:32:50,0
a44c6846-f24a-425d-b639-d7d8241fc3b2,202,9139.76,Pune,Clothing,2026-01-21 15:38:54,0
8ce377d7-60f1-4528-a8ef-2f46f323123e,333,1570.18,Jaipur,Utilities,2026-01-21 15:40:23,0
b9f5f903-7af1-434d-8bd8-14a2474cd1a1,345,3831.12,Hyderabad,Clothing,2026-01-21 15:43:00,0
c837777b-15dc-41df-907a-8b7de8f2bc1b,206,6822.46,Chennai,Clothing,2026-01-21 15:48:12,0
ba2bc5e6-b95d-4bfe-af77-cf11b4a5a809,39,10573.17,Pune,Clothing,2026-01-21 15:53:27,0
c0942bdf-e1a8-4cda-93a8-fde4bb3030c3,159,1272.63,Bangalore,Clothing,2026-01-21 16:10:23,0
a14a12bf-2840-42d2-80af-6a60e06c1a0a,278,2327.47,Delhi,Food,2026-01-21 16:28:47,0
ac7307bf-edaa-492d-97fa-f13d30e2370c,494,4544.43,Pune,Groceries,2026-01-21 16:31:56,0
00da1e3f-efe5-4873-9a60-314c1f16bfe5,374,9204.6,Kolkata,Food,2026-01-21 16:44:35,0
202cc27e-41b4-4a0e-a16b-fdc66dd09285,321,886.13,Chennai,Food,2026-01-21 17:10:28,0
da0423df-e634-427d-8d25-d61453aab43a,128,194.92,Hyderabad,Food,2026-01-21 17:28:08,0
2bef4363-6b7c-4396-b942-fcb2ee3ada8b,427,10550.36,Delhi,Food,2026-01-21 17:34:52,0
e1446b45-af39-4a9d-9cd1-c4130760801f,31,10943.6,Pune,Groceries,2026-01-21 17:43:28,0
6b7ff1f1-fe29-4dca-a258-9d3b1095d9fb,163,10871.74,Kolkata,Food,2026-01-21 17:47:02,0
5f187c02-1e24-4a97-a73e-f6f485d4bf0f,17,4495.05,Pune,Clothing,2026-01-21 17:54:26,0
41deca4c-625c-4de5-9bf1-19414ad653d0,367,3726.42,Pune,Clothing,2026-01-21 18:18:09,0
f3835772-8bf2-44ae-8148-4484d036038c,464,5230.0,Pune,Groceries,2026-01-21 18:19:55,0
27fa695d-e364-4332-9f27-38ac4fc5e0a6,357,28887.61,Hyderabad,Travel,2026-01-21 18:24:31,1
2c8b2151-e179-4fcd-a658-eb6a1afd943c,16,8016.61,Chennai,Groceries,2026-01-21 18:30:20,0
99fea79b-484c-45ce-9551-f6cf7191d9b0,259,1327.37,Pune,Clothing,2026-01-21 18:58:23,0
bb24c9d1-fb2b-46d4-90f8-a8a4027d93cc,454,3668.92,Kolkata,Groceries,2026-01-21 19:30:15,0
93ca3df0-21ce-4ad0-b3f5-9a4e767a004b,495,11211.73,Bangalore,Food,2026-01-21 19:33:26,0
f9234362-015b-48d5-aa1f-3a39261511a5,264,9312.89,Mumbai,Clothing,2026-01-21 19:48:26,0
6318f1d2-9ebe-42d3-911f-1a2846a1c19b,21,11473.86,Bangalore,Clothing,2026-01-21 20:01:16,0
22e8cbaa-4c46-49a2-9473-5c2eee0d71e4,111,8183.98,Delhi,Groceries,2026-01-21 20:07:17,0
f3a2843c-5bb5-4304-9a75-2bfdd484cc45,58,2250.77,Kolkata,Food,2026-01-21 20:35:38,0
ef2a4dca-cc18-498d-ba06-cd74c99ab08f,157,6510.58,Bangalore,Travel,2026-01-21 20:48:41,0
375eaba3-8f43-4702-95d6-aa947fe922e1,83,10367.67,Hyderabad,Groceries,2026-01-21 21:33:57,0
8ef01628-f444-4f7b-a502-ddf124c1dac4,102,7446.93,Jaipur,Food,2026-01-21 21:53:41,0
1285c5f5-f6fe-44c8-bf7c-4122087166e1,473,559.96,Mumbai,Clothing,2026-01-21 21:56:26,0
9e46fcb1-6f93-427d-8ea6-35cfb3abd831,62,463.29,Chennai,Clothing,2026-01-21 22:02:09,0
1397b542-5e65-4990-becd-0ded1f08f855,446,7574.19,Chennai,Clothing,2026-01-21 22:04:44,0
71df76c1-a8fa-41a6-8562-fe16be65f35d,394,8887.15,Kolkata,Clothing,2026-01-21 22:23:58,0
df534e10-e260-4f42-a3d7-81acfe377a37,53,32382.12,Jaipur,Food,2026-01-21 22:28:35,1
12e08ed0-5173-4624-b0c6-ca0562ba0d67,173,10806.97,Pune,Utilities,2026-01-22 00:46:09,0
d692b225-473a-43de-90c7-9b160470fd4d,142,8330.7,Chennai,Clothing,2026-01-22 02:36:45,0
66e9a80e-6b57-4789-8bb4-9889f9005224,396,4779.87,Jaipur,Clothing,2026-01-22 02:57:36,0
9793caf2-0ac8-4b80-af7a-0b07c6eaa830,139,49309.08,Delhi,Food,2026-01-22 04:06:09,1
d805aa2b-2d64-46ea-ba25-be44db986cde,316,6818.21,Kolkata,Groceries,2026-01-22 08:28:25,0
4084a290-7e50-4000-8474-e1c00f163af8,288,11310.91,Mumbai,Groceries,2026-01-22 09:09:25,0
59dc5d95-113b-4124-9cc1-e69153d0e3ee,384,4512.37,Pune,Groceries,2026-01-22 09:12:52,0
cffb3d4f-f36c-4c46-86a6-e59fd11289f3,217,11091.09,Jaipur,Food,2026-01-22 09:26:22,0
4666495f-a69d-452f-b2d4-cddcb1c741dc,114,4347.89,Hyderabad,Clothing,2026-01-22 09:32:42,0
223bda76-bcaf-4ee3-9b19-b829d0fcb577,361,3526.17,Pune,Groceries,2026-01-22 09:33:13,0
bf5628b9-30eb-4400-9d55-8095e6c75732,393,2688.56,Bangalore,Groceries,2026-01-22 09:56:46,0
90feec12-96bd-4185-bd10-a6f251dbb17f,71,1237.36,Kolkata,Clothing,2026-01-22 10:01:25,0
676c269f-b8f9-4075-a081-45d2260892d6,348,1242.97,Mumbai,Groceries,2026-01-22 10:03:07,0
c57cea70-dc0b-4d0a-848d-df0f7e0a0d48,273,4572.44,Mumbai,Utilities,2026-01-22 10:20:46,0
4462ecae-0cce-469b-a2a8-d37daa2223a9,406,5139.35,Hyderabad,Travel,2026-01-22 10:29:46,0
c0a0473a-23d7-46a1-99b8-14fce5871d89,333,8696.94,Jaipur,Groceries,2026-01-22 10:58:26,0
f27c9e53-ce8e-49e4-998e-a00ee25e54d9,392,6233.8,Hyderabad,Groceries,2026-01-22 11:29:04,0
836435e3-21c7-4aa3-b414-23b50e3e25f2,77,6292.06,Kolkata,Food,2026-01-22 11:45:37,0
bbda2b91-afed-490f-90d6-c86c968cd2c1,80,6545.66,Pune,Groceries,2026-01-22 11:50:17,0
0e41cfed-7805-471d-9220-4bde968595d7,57,4812.6,Kolkata,Food,2026-01-22 13:40:19,0
51db1a37-4204-4733-9855-0b1ed5881c1c,89,9720.68,Kolkata,Food,2026-01-22 14:05:43,0
3c8bc189-0d8a-4cc6-beb3-a85548e61273,493,3943.97,Bangalore,Clothing,2026-01-22 14:18:32,0
240696b4-0cd9-4e6f-8387-e8baaa6ca6f1,195,10407.78,Hyderabad,Groceries,2026-01-22 14:20:11,0
ebfabe59-cd2a-44f5-bf91-6981f6208a2b,433,3824.95,Delhi,Food,2026-01-22 14:48:16,0
f5a51dbe-9a64-467c-a247-33b8ff0c517c,378,691.83,Chennai,Clothing,2026-01-22 14:59:17,0
5e063d28-4cf4-4935-92b8-529cec7dcbe8,94,3191.04,Bangalore,Clothing,2026-01-22 15:38:58,0
157ef914-4442-4098-ba9c-ee3d25c37945,460,7083.49,Delhi,Clothing,2026-01-22 16:00:42,0
5ff2b09f-084a-4ec4-bb91-80f58daf7c97,217,3604.88,Jaipur,Food,2026-01-22 16:23:07,0
99474e78-77cd-4b25-8786-140f2339df60,272,369.34,Chennai,Groceries,2026-01-22 16:33:43,0
534f7b30-ed84-45e1-b055-e55d8006bae5,222,2072.47,Chennai,Groceries,2026-01-22 16:54:14,0
31483d3d-a289-417a-9758-16c690060c5a,442,2898.97,Hyderabad,Food,2026-01-22 16:58:13,0
b23b5345-5068-4850-8053-9db5b485bc0f,83,6600.8,Hyderabad,Food,2026-01-22 16:59:52,0
81734b33-0025-4416-b908-803c73e072cb,233,3714.3,Mumbai,Groceries,2026-01-22 17:31:16,0
a72bdddd-511e-4eb8-9040-5c433a6c7da6,75,11149.94,Mumbai,Food,2026-01-22 17:36:25,0
39cf2df9-edd4-49d5-81a6-6083e792ba1d,323,29145.16,Bangalore,Groceries,2026-01-22 18:07:46,1
85e89165-e189-4b25-ba5b-ece9db00ab4c,253,7952.08,Jaipur,Clothing,2026-01-22 18:38:36,0
18231f47-71cb-4ed8-af08-58ad6cf742c6,238,4560.86,Hyderabad,Groceries,2026-01-22 18:42:01,0
acd380ef-b0b7-40ab-b690-72cfac7e5cc6,7,5575.94,Mumbai,Clothing,2026-01-22 18:47:38,0
c95a9097-3582-4335-a97f-f1b9e09b562b,167,10237.82,Jaipur,Travel,2026-01-22 18:58:11,0
c5d5b54c-c35f-462f-8847-f156108b0830,446,3969.97,Chennai,Food,2026-01-22 19:06:31,0
176635c4-2e8c-469b-89af-df0b89c8077f,348,2150.41,Kolkata,Groceries,2026-01-22 19:23:47,0
a5606400-5609-4d10-9b3d-393a798cd4ba,65,2845.07,Pune,Groceries,2026-01-22 19:47:08,0
f99cea5c-b65a-40f1-8350-ab061059ea28,133,9022.34,Pune,Clothing,2026-01-22 19:56:07,0
646ad281-712b-4b36-a7ae-4221c895d289,383,3162.2,Chennai,Food,2026-01-22 20:27:01,0
59b0d399-8dd9-4f68-b611-7bbd0c4fde2e,471,6392.27,Pune,Clothing,2026-01-22 20:56:30,0
2bf73025-b213-42ae-aeea-a345cb9bb441,486,1454.56,Bangalore,Food,2026-01-22 21:00:31,0
a6f0f944-8d4f-4d42-9254-65553128099f,83,20413.54,Mumbai,Electronics,2026-01-22 21:55:16,1
98c8ab51-6934-4a89-8d28-7eec54dcf02d,147,1905.85,Jaipur,Food,2026-01-22 22:03:04,0
2923f2d1-c5dc-4d93-a3c2-4fd0abf5c12c,104,11944.91,Bangalore,Clothing,2026-01-22 22:09:29,0
08eba0a8-feca-4879-ae95-f9ee4f1b66ab,25,7934.59,Hyderabad,Groceries,2026-01-22 22:22:11,0
045a64ea-9ce0-477a-b9c6-9927fe504856,450,10709.83,Hyderabad,Electronics,2026-01-22 22:23:51,0
b1c12d4b-60d1-4c16-8855-817d31120678,339,11727.51,Chennai,Groceries,2026-01-22 22:27:56,0
04005940-2862-4b4e-8714-d549604a1fe2,213,6685.55,Pune,Groceries,2026-01-22 22:37:02,0
12d1f4b9-35f4-47a6-b2a4-2452f1fa007f,324,1343.43,Delhi,Clothing,2026-01-22 23:24:07,0
d34b906b-3d1b-45c6-a457-301c07314c53,28,38173.38,Kolkata,Groceries,2026-01-23 00:03:13,1
4a21af52-ffea-43fc-9ea0-bfd395c35803,26,6215.8,Delhi,Groceries,2026-01-23 00:48:00,0
3b7f21cb-da79-434d-a405-33d44d7a69be,242,27375.18,Delhi,Utilities,2026-01-23 01:28:59,1
63bd916b-e674-42ca-8c9f-82ada7f57ee0,95,4309.49,Mumbai,Clothing,2026-01-23 02:52:56,0
b6617c50-6895-496f-94fd-c3a7d8e77ca2,457,3425.7,Mumbai,Food,2026-01-23 04:27:37,0
621a0859-c40f-4bca-9a04-0bc7eac4a84e,299,9749.79,Bangalore,Clothing,2026-01-23 08:47:11,0
e1eadd41-019a-4843-99db-ff58eebd342d,148,3724.05,Jaipur,Groceries,2026-01-23 09:05:51,0
dc8ceab5-3d3d-4234-b75f-fb9cd06a34fc,486,701.09,Bangalore,Food,2026-01-23 10:11:56,0
17dfc78a-e5b1-42b0-aace-f9c7dbe1be46,193,15359.85,Hyderabad,Travel,2026-01-23 10:14:16,1
ecd5afa3-f01a-4097-9ed0-fe5fb3bc5791,59,4540.15,Hyderabad,Food,2026-01-23 10:34:27,0
43ace875-1017-4b44-bb53-f64b7cd61da4,82,6833.17,Delhi,Groceries,2026-01-23 10:47:46,0
6c1036cd-1249-444e-b13d-b2049ff5846e,424,24810.17,Mumbai,Clothing,2026-01-23 10:51:50,0
d1c4a375-204e-4480-bc77-c40538a68341,475,4374.27,Bangalore,Food,2026-01-23 10:57:25,0
c31db215-d7d0-4c99-a45a-e8eec8c6a8b1,373,3885.69,Kolkata,Food,2026-01-23 11:06:45,0
2baaffeb-1a2d-4670-9383-fff4ad88e85e,488,7503.7,Kolkata,Clothing,2026-01-23 11:27:53,0
a48f93b4-31a9-414c-bf49-d0d91cc81f38,379,10879.54,Kolkata,Groceries,2026-01-23 12:17:54,0
e4239023-6c59-4f2e-9959-0bbba8c3a7b7,365,939.58,Hyderabad,Groceries,2026-01-23 12:34:38,0
0103ead0-48d4-4365-91d2-59b33ffd48e4,467,9983.29,Pune,Clothing,2026-01-23 12:50:24,0
297011cd-a352-48c6-b5e3-863e04929028,161,8986.97,Mumbai,Food,2026-01-23 12:55:48,0
7e40a19a-c30d-42a1-a205-831bf2c0d8f5,465,7699.54,Kolkata,Groceries,2026-01-23 13:06:01,0
887043d0-de8d-4ce1-baff-7d97843b0043,112,8507.63,Jaipur,Food,2026-01-23 13:06:02,0
8b6acc43-96af-4fcb-b3eb-f780c91d95c7,264,11951.39,Mumbai,Food,2026-01-23 13:14:36,0
5bb0b9b5-9af5-46c9-ab24-7e7396b92988,383,1153.7,Chennai,Clothing,2026-01-23 13:19:44,0
37cad894-0ede-4950-99f2-cf6fc76c14d3,338,1612.44,Chennai,Clothing,2026-01-23 13:32:34,0
89b5aab0-c121-49db-af12-b150605fb1eb,303,5183.69,Bangalore,Food,2026-01-23 13:41:42,0
080256fa-ef29-4131-8573-92b0a9ec973d,55,1025.68,Delhi,Clothing,2026-01-23 14:12:54,0
2cba1bc6-289a-4e38-ad4b-24ec5b673a25,67,7308.41,Chennai,Food,2026-01-23 14:31:19,0
802ddcc4-dc95-4e31-8349-1b410111fa05,373,5617.45,Kolkata,Groceries,2026-01-23 14:35:38,0
3b5187cb-3bd5-4326-98d3-4b8c91e184e2,304,34136.2,Kolkata,Groceries,2026-01-23 14:45:24,0
aa2213a7-3c81-4b14-87d4-f9bacf77d5c0,306,3819.95,Pune,Food,2026-01-23 14:57:45,0
e810aaf4-dfc4-4b20-a65d-b9464b78dda2,395,3099.59,Jaipur,Groceries,2026-01-23 15:02:18,0
61650f34-465f-496b-b3b6-b1439d96d6dd,183,6573.23,Mumbai,Groceries,2026-01-23 15:12:34,0
3c9ed228-d939-4c8b-aeea-9d15ef026915,213,11266.88,Pune,Groceries,2026-01-23 15:21:12,0
0510ad2e-fc0c-475b-964b-3295c441c2af,313,9806.2,Chennai,Travel,2026-01-23 15:57:17,0
91f8ce94-b9b9-4b8f-a762-22529f41223f,348,9923.88,Kolkata,Groceries,2026-01-23 16:05:28,0
1141365e-942c-4f30-a333-9f7ada029404,215,34025.06,Chennai,Clothing,2026-01-23 16:26:58,0
f4e35f7b-a1b7-43d8-b6b8-74d349599bed,276,3486.84,Mumbai,Clothing,2026-01-23 16:31:49,0
cc40d3a5-94be-40bd-b5d2-4173ee56aea4,128,8122.89,Hyderabad,Clothing,2026-01-23 16:35:14,0
c5291309-9579-46e4-831a-0885941121bb,32,28873.73,Hyderabad,Clothing,2026-01-23 16:39:47,0
32caa4c4-06fd-4d08-8e94-96ac4454b3e0,133,6059.24,Pune,Clothing,2026-01-23 16:48:16,0
ea6b51ee-14ca-4d3c-8691-19565e1d8fb2,455,7821.71,Bangalore,Clothing,2026-01-23 16:49:54,0
2b11a965-3b25-459a-9028-0aae2bfa03b3,324,11235.4,Mumbai,Clothing,2026-01-23 16:52:20,0
b4307cf0-c164-41f0-911d-10f7f4270c94,371,2004.82,Pune,Food,2026-01-23 17:10:20,0
6f768057-af92-4b49-81ac-c28051c059e9,208,8979.21,Jaipur,Food,2026-01-23 17:23:02,0
8e6bdbec-7904-4f01-ae37-38bc0b705e63,265,4861.87,Chennai,Electronics,2026-01-23 18:12:26,1
425b8db7-92bd-4621-9617-2f2a0bcf62b0,268,19801.53,Delhi,Utilities,2026-01-23 18:14:31,1
8efbdb58-2fb1-4185-9d1d-d3c81fb742cd,170,2142.81,Jaipur,Food,2026-01-23 18:17:49,0
39945107-8b3f-498a-a17c-d8673ea08bbb,142,18092.14,Mumbai,Travel,2026-01-23 18:21:01,1
a24d474c-ec68-482f-9e38-21b81be67de9,77,1345.15,Kolkata,Food,2026-01-23 18:25:02,0
755afc3d-91ae-457c-8607-f228d20b58cf,128,1225.41,Chennai,Clothing,2026-01-23 18:31:27,0
bdfdcc7b-3381-4e0d-b9ba-243a493d269e,16,8414.84,Chennai,Clothing,2026-01-23 18:36:35,0
c633804e-ef19-4fbc-970b-d27e15d39b12,185,5343.77,Pune,Clothing,2026-01-23 18:52:04,0
ce0ed735-632f-4f79-af73-4c45f2f39f61,308,450.9,Bangalore,Clothing,2026-01-23 19:07:21,0
93f1b9e1-bfd5-44ff-ae65-a71f44651be5,466,1005.51,Jaipur,Groceries,2026-01-23 20:04:01,0
9482b42f-c095-4c13-b06b-ffa4bcc4f087,188,8488.0,Bangalore,Clothing,2026-01-23 20:13:08,0
b958d682-b3de-4447-a29e-cdf08670bf5d,434,822.19,Delhi,Groceries,2026-01-23 20:16:52,0
6eaea044-1a44-4e3e-8d4d-c52665ea17dd,277,9266.26,Jaipur,Clothing,2026-01-23 20:18:12,0
7d7198ea-3220-4a19-9a90-71d581850945,210,792.78,Pune,Groceries,2026-01-23 20:21:55,0
126d0b23-f08a-4f63-b713-1a89adad84f5,256,2765.57,Bangalore,Clothing,2026-01-23 20:29:53,0
66cc7376-8cca-4963-ae2e-77a4cadec379,321,6741.89,Delhi,Electronics,2026-01-23 20:40:36,0
e82c4285-11f0-4e84-9924-d0649c254228,224,476.59,Chennai,Food,2026-01-23 20:45:38,0
e7bbec67-e787-41d0-ad24-47f16e9fa084,300,6927.2,Mumbai,Electronics,2026-01-23 21:16:50,1
be91ed4e-169b-4207-9cb1-4367d3a9972f,217,5839.72,Jaipur,Travel,2026-01-23 21:17:11,1
1668e9f8-820f-4642-8e6c-ebb2f09d07f1,41,4502.28,Hyderabad,Food,2026-01-23 22:00:36,0
57cbce80-73cf-4184-9a3f-f3af97bfc026,449,9834.46,Delhi,Food,2026-01-23 22:19:17,0
722b80d1-8980-4ffc-a486-5f784d5fa1ca,146,38667.62,Kolkata,Travel,2026-01-24 00:03:14,1
ac0e1f71-294d-43ed-ada1-afdafe656dcc,26,7873.99,Delhi,Food,2026-01-24 00:42:36,0
89f46205-59a1-4e3a-8bd2-f2c0bc3a80d7,454,15954.12,Hyderabad,Electronics,2026-01-24 02:00:25,1
1adb431a-b2b0-4ccb-abaa-49db56581d14,454,45766.81,Kolkata,Utilities,2026-01-24 02:05:23,1
43444bee-d2ec-45b2-ac60-0a518a86bbcf,454,26376.45,Chennai,Electronics,2026-01-24 02:08:25,1
c4363544-1a9e-4cd5-a5a6-5491f934e46e,454,4680.87,Chennai,Clothing,2026-01-24 02:09:26,1
a28b94fa-83d4-4c66-ab54-077fb619ad97,454,20666.58,Kolkata,Electronics,2026-01-24 02:10:39,1
d0786fa1-8171-4bc3-95c3-2fdeff3b0287,454,4515.7,Kolkata,Food,2026-01-24 02:16:12,1
f0a5d6a4-3b86-4b86-b8d1-a219633d66f7,160,42587.3,Chennai,Utilities,2026-01-24 02:40:19,1
031d45fc-c9c0-4379-829c-34f70f5bc40c,337,1478.61,Kolkata,Groceries,2026-01-24 03:09:19,0
e4f518df-e0e4-44ca-8916-3c0f3e8766a7,364,3972.96,Chennai,Clothing,2026-01-24 04:53:53,0
6a66c184-7de1-4f5d-af48-47f068bd075b,72,5466.91,Kolkata,Food,2026-01-24 05:00:31,0
8beb2ca4-8e2e-4f4c-9674-7200f5a8a20a,3,10182.11,Pune,Food,2026-01-24 08:09:07,0
a757cb10-42f5-45b9-82ed-73ce92a81713,49,5781.7,Chennai,Clothing,2026-01-24 08:16:24,0
6b9c7d7c-8b71-4ce4-a614-5f1b79a3b6a8,309,7859.21,Hyderabad,Clothing,2026-01-24 08:29:21,0
dc0c644d-a6d1-4bd5-8116-5a52787f1a4c,258,1528.45,Mumbai,Clothing,2026-01-24 08:33:31,0
606ffff0-66be-45d6-837b-40b254d1fcea,434,5910.41,Jaipur,Clothing,2026-01-24 08:57:25,0
3c0bba0c-2237-4ea7-ac7a-36b1c30cd0d1,158,7862.55,Pune,Food,2026-01-24 09:04:52,0
1b867285-1bba-4fcd-9f85-9cc742f43cef,247,2867.57,Kolkata,Clothing,2026-01-24 09:21:33,0
0b251279-785a-45d0-9f92-a62163f4c69d,214,1118.81,Bangalore,Groceries,2026-01-24 09:33:34,0
dd83148e-11ac-4899-bdcb-4a2e25ae4b8e,475,10885.27,Bangalore,Clothing,2026-01-24 09:43:22,0
2fa76c80-f774-4c4b-9522-496ea7c809be,445,11528.17,Jaipur,Clothing,2026-01-24 10:04:29,0
8af0cf0c-596b-4c6f-a63c-f258e2c53f4d,138,6026.3,Jaipur,Food,2026-01-24 10:10:58,0
3ceaefbc-f828-4fda-84c8-4743966a66e9,428,8479.08,Jaipur,Food,2026-01-24 10:25:02,0
245c37d2-9b5f-4f09-991c-31a0e15dd4ee,59,8565.94,Hyderabad,Groceries,2026-01-24 10:50:37,0
d3861047-e115-4321-930a-1316d6fe83bd,253,32219.63,Jaipur,Clothing,2026-01-24 11:10:06,0
9fda15ac-e9b8-4e7a-a078-6a1f70d3b5f7,250,1411.84,Pune,Food,2026-01-24 11:11:12,0
afbbce7f-83ff-4f39-82a2-86f99db747de,101,32979.42,Pune,Food,2026-01-24 11:21:19,0
78623252-8c45-436c-89ca-4ae62d0aa95a,143,3808.02,Chennai,Utilities,2026-01-24 11:55:05,0
8ea417fe-b85f-4883-8cd3-dfc4d17ececb,346,7543.57,Mumbai,Food,2026-01-24 11:59:08,0
fa986619-6ee8-4e03-b18f-da3fc85336db,107,5560.17,Kolkata,Food,2026-01-24 12:24:36,0
843ec3c3-970e-41e4-abf7-69b4c6246193,406,7790.35,Hyderabad,Clothing,2026-01-24 12:27:36,0
8f7d8e96-8f70-4779-b800-67c00e772f09,497,11999.87,Pune,Groceries,2026-01-24 12:35:43,0
3582bedb-5eba-4356-b5a2-aa05951ac696,475,5309.85,Bangalore,Clothing,2026-01-24 12:39:25,0
eed15809-5e7e-4813-a967-3fe17fcee629,308,1887.62,Bangalore,Clothing,2026-01-24 12:39:52,0
17b366a7-5379-4c28-a0bc-e07be32634ee,79,4802.42,Jaipur,Clothing,2026-01-24 12:40:08,0
b896894e-58b1-40fd-8b5c-b78bed461810,317,5771.89,Bangalore,Electronics,2026-01-24 13:09:55,1
6694dda3-ceec-482b-81d4-186f8a7a59d0,382,3697.06,Delhi,Food,2026-01-24 13:46:21,0
cb8553f6-490c-4442-98c3-fa3d8f928bca,425,2555.6,Pune,Travel,2026-01-24 14:46:20,0
ff7d485c-050f-44d6-b0fe-4ca28cec3149,150,635.53,Chennai,Food,2026-01-24 14:51:04,0
cb0fb554-c278-4b0f-8299-057dab17eb18,198,10938.85,Mumbai,Groceries,2026-01-24 15:20:12,0
e2f7608a-809a-4e2d-b9b9-272169317b55,331,18035.16,Bangalore,Travel,2026-01-24 15:24:22,1
cc04cd6b-014d-4938-a435-36b3aae35cae,105,8783.59,Mumbai,Food,2026-01-24 16:28:17,0
f6fa16a1-0681-47e9-a46d-4b516d300e33,457,9703.16,Delhi,Food,2026-01-24 16:29:42,0
235a138e-9dfe-4f22-a889-5658a9ee2fcd,158,3055.18,Mumbai,Food,2026-01-24 16:43:55,0
727d0901-e8f1-4edb-95dc-63c9a7ec9bd7,109,3714.12,Hyderabad,Food,2026-01-24 17:19:17,0
7a06aa46-1108-4c84-ad90-077197bc622b,175,1635.78,Mumbai,Clothing,2026-01-24 17:25:33,0
6b8e51fd-1469-4eef-b30a-96e33d6f0eb6,274,9052.83,Delhi,Food,2026-01-24 17:41:53,0
ef57f0bb-1500-4f8d-af37-31504e898769,499,1269.54,Jaipur,Food,2026-01-24 17:54:57,0
13ab7d2c-eba0-430c-aa9a-6f4b2e39c29a,146,9024.25,Kolkata,Clothing,2026-01-24 17:57:42,0
9c77bed5-7b26-42df-848e-dfaef1c3380a,38,4934.07,Mumbai,Food,2026-01-24 18:20:18,0
043d72db-1bcb-404c-a1d8-b96a62ada157,421,6178.58,Chennai,Clothing,2026-01-24 18:21:59,0
0b382c49-4853-438d-b024-cf9408308982,477,4229.59,Hyderabad,Food,2026-01-24 18:43:37,0
ab545a15-669d-41ff-9634-725b53f30073,368,21742.24,Bangalore,Clothing,2026-01-24 18:48:12,0
b58f67b6-deda-428b-a232-0dc95bf6f06d,220,3306.83,Jaipur,Food,2026-01-24 18:53:28,0
20e5f153-a8c3-4c48-b42a-4c93597d7baa,461,7941.6,Chennai,Travel,2026-01-24 18:57:41,0
085e9e90-f12f-403e-923b-6567dcdc614f,91,5812.95,Delhi,Groceries,2026-01-24 19:23:35,0
b2badc88-b200-4682-97b2-a17279d9c4a1,416,4329.25,Pune,Utilities,2026-01-24 19:24:27,0
5b415586-7541-43a8-847e-d8e7e4290f62,49,19934.35,Chennai,Utilities,2026-01-24 19:30:43,1
8913f2f0-90cb-4309-9167-dd70cef4d789,87,7725.8,Pune,Food,2026-01-24 19:34:38,0
0e303118-ac09-4ca2-8553-42a9caffa02a,340,869.54,Bangalore,Clothing,2026-01-24 19:39:55,0
bdc7c359-ad35-4fd0-85dd-b4e358e817ef,190,1240.83,Chennai,Clothing,2026-01-24 19:43:20,0
6a07da60-f9d1-42ad-af48-6fa33fd9d7e7,157,179.68,Bangalore,Food,2026-01-24 20:28:52,0
2c32ed18-eced-478b-9ce1-c6f02237d235,27,5819.11,Chennai,Utilities,2026-01-24 20:39:34,0
a88d37de-6c1f-4650-b517-272df7797643,200,5615.7,Mumbai,Groceries,2026-01-24 20:45:55,0
7c229b71-cd9e-43d2-92f3-2419e5b9a862,337,8812.71,Kolkata,Groceries,2026-01-24 20:57:21,0
13893a70-a02c-4ed2-b58f-41b07c8c65ab,135,5981.52,Mumbai,Groceries,2026-01-24 21:13:25,0
0b840c50-96c1-4183-a6dc-39895207c6cc,273,3372.05,Delhi,Groceries,2026-01-24 21:45:53,0
839818fc-9d96-4f5e-8d9e-9bb9feb2f904,12,3156.61,Pune,Food,2026-01-24 22:05:53,0
b69b72a1-b5a6-4e72-80e1-6f34f418bd37,142,3543.14,Chennai,Clothing,2026-01-24 22:37:42,0
4539fd82-9726-4ab2-9130-3a7aaca19386,48,4624.97,Mumbai,Food,2026-01-24 23:25:05,0
9009acaa-ec8a-4e86-bae0-63f54eda4cfa,406,15259.89,Hyderabad,Travel,2026-01-25 01:51:52,1
5a06e318-85c7-4e1e-a3e0-d1177099a9e9,267,14530.68,Delhi,Electronics,2026-01-25 02:00:21,1
7e62f267-7e87-4ff8-ace7-733d94d126ae,267,6810.96,Hyderabad,Utilities,2026-01-25 02:04:01,1
70f417b0-d321-4385-a866-bb19b53eb06f,267,24149.97,Hyderabad,Utilities,2026-01-25 02:08:39,1
74546e0f-fa61-432b-b69e-33fd5a7ee3ba,201,1397.48,Bangalore,Utilities,2026-01-25 05:40:35,1
dedcc2ff-53d4-4caf-91bb-797af464a31f,79,2553.12,Delhi,Clothing,2026-01-25 08:34:38,0
5bfb5797-1a33-4548-b7bd-0ad8232c40a7,161,8659.94,Mumbai,Clothing,2026-01-25 08:57:06,0
fd481505-b8f0-4270-967f-d2e9c2f18bfc,114,10828.06,Hyderabad,Clothing,2026-01-25 09:21:25,0
1f75214a-f058-4d1b-817e-26a4888a711c,181,3974.05,Jaipur,Groceries,2026-01-25 09:35:12,0
03d06453-cd40-4bc9-bdae-29200bb8382f,181,11025.02,Jaipur,Clothing,2026-01-25 09:37:00,0
2bd3d971-6b10-4786-b565-6daf772d416d,235,11709.12,Mumbai,Groceries,2026-01-25 10:02:44,0
4fbc0984-7792-4d9e-b998-e2d36d1e0d7d,36,11904.95,Bangalore,Groceries,2026-01-25 10:05:11,0
03868982-02e2-4eb0-a320-030592f05e50,212,6376.08,Delhi,Food,2026-01-25 10:32:41,0
ddca2485-1b8d-4838-8488-613246f0ba6f,334,7498.41,Chennai,Clothing,2026-01-25 11:24:36,0
bdcfc42b-8122-41db-aa6a-58b294568b74,128,3583.79,Hyderabad,Clothing,2026-01-25 11:41:06,0
19b1af69-23bb-4f64-859a-c867b84481e9,32,1360.15,Mumbai,Groceries,2026-01-25 11:55:21,0
24bde1a8-11c7-4ec9-b016-cecc9b9a3a55,91,11325.93,Delhi,Groceries,2026-01-25 12:01:19,0
760a54e8-b712-4b58-a5cf-1f1d574c4c06,71,11668.81,Bangalore,Clothing,2026-01-25 12:31:19,0
636c1084-e143-4305-a8b8-0f179f6ce311,351,10204.67,Bangalore,Clothing,2026-01-25 12:40:46,0
b97d7617-3487-446c-a1f9-c072fe22eba1,79,5853.32,Jaipur,Utilities,2026-01-25 12:49:20,0
a3c02b7e-9591-44de-9adf-3a150dda058a,153,4223.65,Mumbai,Utilities,2026-01-25 13:00:48,0
280bd4b2-cf80-4dce-bf5e-45ed655d1295,450,4484.29,Hyderabad,Clothing,2026-01-25 13:59:58,0
3849406d-4369-47ca-b466-e6deca548687,310,9347.91,Hyderabad,Travel,2026-01-25 14:08:06,0
4d4c3b80-0425-4c71-9d21-a235d053d7f4,382,6598.43,Delhi,Travel,2026-01-25 14:13:22,0
8e0b38ab-c5c6-4438-b92c-043035398963,362,544.14,Mumbai,Food,2026-01-25 14:14:36,0
10b9b399-bf5d-46d6-ae6d-7a27e95b9b7b,447,3355.84,Hyderabad,Clothing,2026-01-25 14:25:54,0
d6025eea-ea5e-47bd-8322-f2e90467c727,111,11902.48,Jaipur,Groceries,2026-01-25 14:30:37,0
c3f8f3cc-5b3c-49fe-b3de-16853a97d804,33,3453.47,Kolkata,Food,2026-01-25 15:16:44,0
460017c8-71ef-4d6c-ba06-ae193c840528,284,9606.29,Hyderabad,Food,2026-01-25 15:28:05,0
8044c4ed-b62b-4006-b72a-c8243286ec32,327,403.93,Chennai,Clothing,2026-01-25 15:32:34,0
cd1f5318-331f-43fb-911f-c8c0297ca4ff,428,11370.85,Jaipur,Food,2026-01-25 15:49:18,0
cd5fe3f4-23a7-439d-8971-d849e3fb1c48,290,3745.54,Hyderabad,Clothing,2026-01-25 16:43:26,0
695ae210-973c-4616-b945-cfd4678ea95f,374,2931.15,Kolkata,Food,2026-01-25 17:42:24,0
b61d56f5-b916-4357-8b1b-df3be217a6df,372,5313.52,Mumbai,Groceries,2026-01-25 17:58:43,0
a3a01a1b-9fdc-46ea-8ac4-a07c32742991,170,7888.91,Jaipur,Food,2026-01-25 18:13:30,0
a86a82c5-ae67-4096-ad48-302f5a57ea29,43,8390.5,Bangalore,Food,2026-01-25 19:05:05,0
e05bc7ea-c0a1-4dbc-a95f-34ffbbe30fd2,266,2073.3,Mumbai,Groceries,2026-01-25 19:19:32,0
97cb4585-ff12-4e28-b840-d136067e4b72,339,4742.25,Chennai,Groceries,2026-01-25 19:22:31,0
03e8685d-ce9b-4989-a235-21fd30326c25,264,2578.62,Mumbai,Food,2026-01-25 19:50:48,0
8abe5779-3591-4434-9342-66c94d88136e,356,10728.88,Bangalore,Food,2026-01-25 20:06:31,0
4b662252-949f-4eff-be04-1767de17a70f,489,9429.42,Bangalore,Groceries,2026-01-25 20:12:36,0
300c2dca-8a70-4099-8111-aa4087d76cee,201,10319.04,Bangalore,Food,2026-01-25 20:36:58,0
4a81a32c-2f6c-4530-b738-c978f1856960,101,8158.57,Bangalore,Utilities,2026-01-25 20:38:28,0
a38bd01f-1ae6-4cf4-b3e6-b96c5d9c9a45,476,25391.4,Mumbai,Utilities,2026-01-25 20:53:27,1
156de288-a472-4ca1-91a4-e006107187d9,50,1372.93,Mumbai,Groceries,2026-01-25 20:54:02,0
9b72a9fe-669e-498d-a3e7-3896c784ef4b,356,4830.18,Bangalore,Food,2026-01-25 21:32:04,0
ffa1e38f-c179-4fe4-a889-a8f30d15f206,476,1929.94,Kolkata,Groceries,2026-01-25 21:33:47,0
8fc43937-f6d7-4d91-a47e-7d755228b1af,81,6910.12,Jaipur,Food,2026-01-25 21:37:02,0
b2851fbd-fe68-4e8f-8422-990a4dda5911,280,8339.58,Hyderabad,Groceries,2026-01-25 21:41:04,0
35a7ac9b-48f9-4d0d-9d3b-c1d3a5159982,28,1875.69,Kolkata,Groceries,2026-01-25 22:30:31,0
39c4dffa-a527-402f-bb19-0a51812a141e,2,3223.22,Hyderabad,Food,2026-01-25 22:57:47,0
918acba6-dfa8-4e53-bc88-0f917f4f6d70,399,7941.34,Jaipur,Electronics,2026-01-26 00:12:04,0
1d2c5ae2-8562-43ab-b180-84878d94508a,460,1163.97,Delhi,Clothing,2026-01-26 00:37:03,0
3d336c3c-42f7-4a66-9c0e-677c4feb74d2,86,14506.24,Mumbai,Travel,2026-01-26 01:14:48,1
5fcf5c27-c68e-47b0-987d-b9478e2b4d2c,76,3685.26,Chennai,Clothing,2026-01-26 03:54:13,0
994a4a8c-e3dd-44c9-a537-e16fc63f6d71,90,34150.39,Pune,Electronics,2026-01-26 05:16:01,1
45c676c3-0ffb-4b8f-b23f-155cd5b6d68e,358,11743.38,Pune,Electronics,2026-01-26 08:04:35,0
115ec21b-88b4-4790-b575-4a826ac13bd4,251,7885.02,Delhi,Food,2026-01-26 08:17:48,0
b990e0e2-7c4b-4a5d-aa5e-7b6dee075a69,471,5707.59,Pune,Groceries,2026-01-26 08:46:10,0
33c05ab2-ea6f-40bd-a877-08d852b0230b,429,5332.31,Bangalore,Groceries,2026-01-26 08:50:27,0
a2764813-660c-4366-9dfc-843e47eb1404,137,10653.98,Delhi,Clothing,2026-01-26 09:40:40,0
a70ae332-36dd-4553-9521-77a41fd4a56c,496,1465.46,Mumbai,Clothing,2026-01-26 10:00:52,0
f99f225f-d5f5-4973-949c-ce71d4254c1a,417,42414.68,Bangalore,Travel,2026-01-26 11:42:54,1
3a4b90e3-fdf2-4daf-819b-f9905247a092,91,10550.3,Delhi,Groceries,2026-01-26 11:44:07,0
512bb625-cdb2-45b4-a638-d0302dea762d,354,2869.07,Delhi,Food,2026-01-26 12:32:25,0
92f72f86-3958-489b-9e05-4c8a28605c20,66,11757.8,Hyderabad,Clothing,2026-01-26 12:32:27,0
7880adc6-2af2-4718-a0b2-17f965f35984,85,2199.58,Bangalore,Food,2026-01-26 12:36:28,0
a8a2b7ad-2bd3-4dcd-a779-468594a53fde,129,6655.01,Chennai,Clothing,2026-01-26 12:39:34,0
f3b8b4ed-f79e-4158-9283-4da464d7faa1,239,336.78,Mumbai,Groceries,2026-01-26 13:03:09,0
6917e2e2-9bda-49cc-8e1a-443a98c03fd6,209,2101.14,Chennai,Food,2026-01-26 13:53:22,0
9aba4c01-4042-4d1f-8a40-00c5355b8d83,384,5620.67,Pune,Clothing,2026-01-26 14:33:23,0
75737b6c-0fb8-4e08-bf21-6c151443e283,443,10468.89,Chennai,Clothing,2026-01-26 14:47:14,0
22eb69b1-5f9c-47e0-a328-143e2d9563ed,446,2725.89,Chennai,Food,2026-01-26 15:03:56,0
ed28e55c-4cf6-4115-ad42-b7e2bf63b3d7,255,985.14,Mumbai,Clothing,2026-01-26 15:09:20,0
503be788-2d44-4af8-bc94-76b1a18b5d15,71,11847.58,Hyderabad,Clothing,2026-01-26 15:09:20,0
145deec7-019d-412d-81f1-0d042f576e77,419,5994.07,Jaipur,Groceries,2026-01-26 15:18:46,0
73013149-f0ed-4506-a2cb-099022bbd95c,387,8006.28,Hyderabad,Food,2026-01-26 15:23:54,0
ed8f75ba-18bf-4a71-a609-d490c19e8315,440,7658.58,Jaipur,Food,2026-01-26 15:37:48,0
6475d814-f81b-47e1-afc9-cc19d30a8e78,353,5574.81,Hyderabad,Groceries,2026-01-26 15:44:38,0
efd5d562-a496-4505-832e-aa561d5ac38c,89,1172.57,Kolkata,Travel,2026-01-26 18:09:54,0
5bda1ece-d130-4e62-acfb-641e1b02c296,180,10341.79,Pune,Groceries,2026-01-26 18:23:25,0
3b44798b-9544-434e-b4f0-4bc0943eec62,151,1156.65,Chennai,Groceries,2026-01-26 18:30:35,0
4cb4a7f6-9db8-4f7e-95ed-d864f68b6ba0,466,4164.47,Jaipur,Groceries,2026-01-26 19:44:29,0
e75680bb-3a21-4b51-a687-6705043159ef,250,2665.29,Hyderabad,Groceries,2026-01-26 20:09:28,0
fec1afaa-4fcd-4795-a8e5-25e36dac538b,219,9154.04,Bangalore,Food,2026-01-26 21:11:22,0
638c6d8e-6a9a-4de2-861e-ad52f6e32b43,172,7647.01,Delhi,Food,2026-01-26 21:46:24,0
66170439-a5c4-464a-810a-8a915d9a1711,160,11120.06,Chennai,Clothing,2026-01-26 21:49:37,0
883f3134-a090-4fea-8f22-5a77728b10b8,256,4998.83,Bangalore,Clothing,2026-01-26 21:49:57,0
d69806a3-e5ec-48fb-a10a-d0f73fa11c73,234,9597.91,Delhi,Groceries,2026-01-26 22:14:15,0
1fb621ae-ec4e-4cbb-a2aa-378c659e0258,427,3068.93,Delhi,Food,2026-01-26 22:23:45,0
9c7164a8-1890-4db4-95a5-de44e731207b,203,34687.22,Mumbai,Groceries,2026-01-26 23:14:59,0
039d08d0-1e0a-4f12-9136-d4adf27e8ce7,237,10236.79,Chennai,Food,2026-01-26 23:27:38,0
4f39a47f-b328-4760-a102-7a457e4e7273,82,8777.32,Delhi,Groceries,2026-01-27 00:34:59,0
1a4673ec-7823-4588-9200-bc12b5197a15,139,8881.88,Delhi,Entertainment,2026-01-27 01:05:07,1
46eaa920-849d-4a7c-bdef-bebeaa9ba284,236,21005.94,Kolkata,Utilities,2026-01-27 03:00:34,1
18867bbc-212f-4f68-817b-868caf98eb89,236,1491.2,Mumbai,Groceries,2026-01-27 03:06:03,1
7d211ec7-70a7-43fd-a7d4-540009ca05fe,236,2532.53,Mumbai,Electronics,2026-01-27 03:12:41,1
46d4e800-b94a-45b5-b566-8f5b6a775e3f,236,21356.92,Kolkata,Travel,2026-01-27 03:16:12,1
31237ee4-9733-45d2-b2df-95ff2d455678,236,26478.32,Mumbai,Travel,2026-01-27 03:16:46,1
ba18b63b-e018-4842-b1c1-b81754e932b0,236,21120.98,Mumbai,Utilities,2026-01-27 03:20:17,1
6669f5cb-6b35-4836-b345-f1c965c69671,278,40832.27,Delhi,Food,2026-01-27 03:32:41,1
642ff652-23a5-496e-9586-2c7539ce3af7,330,12972.53,Mumbai,Entertainment,2026-01-27 04:02:45,1
13762125-8626-493f-89df-77201e99722f,312,5190.41,Kolkata,Groceries,2026-01-27 04:34:48,0
481d07d0-ec2f-49e6-9943-277264ba82bf,346,2893.77,Bangalore,Clothing,2026-01-27 05:39:18,0
8e97250e-4b79-4616-ac63-bd847450f00c,381,8669.02,Hyderabad,Clothing,2026-01-27 06:09:14,0
8d65696d-a97c-4a20-81cd-9765b6a5e2c3,120,10002.59,Kolkata,Entertainment,2026-01-27 08:00:47,1
634b7541-7c0e-43f0-9a68-b44ba19e51d5,79,3151.58,Pune,Clothing,2026-01-27 08:08:33,0
57bc5663-aa2c-4f6e-8f86-ab011302b244,174,375.56,Chennai,Groceries,2026-01-27 08:23:50,0
02920aab-49f7-4fe0-ac7d-e8bf93f82386,251,10106.83,Jaipur,Food,2026-01-27 08:29:39,0
bec5e361-adc0-43cc-9d7f-489334adab8e,320,4520.42,Delhi,Groceries,2026-01-27 08:34:39,0
6ef5357b-9217-47d1-b0c0-162d37960fd9,431,2024.98,Mumbai,Clothing,2026-01-27 08:39:45,0
13365c0c-82ff-4f2e-878f-07cf170fa87b,255,5819.9,Bangalore,Clothing,2026-01-27 08:42:05,0
3f8b4433-b60e-495c-9759-ba9625f88c74,184,5613.82,Bangalore,Food,2026-01-27 09:10:51,0
ba53d4ca-79d1-4cbd-ab63-48f4d14a3950,187,1149.67,Mumbai,Groceries,2026-01-27 09:20:52,0
27ebd655-830b-4686-987c-ac1100ccbd83,314,2569.15,Kolkata,Clothing,2026-01-27 09:27:48,0
0501e79e-f120-4008-bf44-42454a332325,277,11282.38,Mumbai,Food,2026-01-27 09:31:46,0
b6eeac61-30dd-47bd-9fd2-a99389ea7316,348,11830.55,Kolkata,Clothing,2026-01-27 09:54:11,0
06297a2a-6659-4dde-bcc6-febe7b48afd1,385,2531.77,Pune,Groceries,2026-01-27 10:44:32,0
dbba4c4f-438c-45de-9544-3efb89e9f343,12,11939.48,Mumbai,Food,2026-01-27 10:52:42,0
396f0d03-62f4-48f7-a07b-1217edbbf017,246,52808.59,Chennai,Groceries,2026-01-27 10:56:33,1
29b2b32c-1f27-4a2c-8439-1819b97a08ba,445,5417.07,Jaipur,Clothing,2026-01-27 11:49:24,0
6b112953-9ba0-41d6-b748-6850f6a0b961,320,3253.44,Mumbai,Clothing,2026-01-27 11:52:40,0
8506d4a7-c551-4713-b24b-c2c0c5f8fded,308,5961.55,Bangalore,Clothing,2026-01-27 12:08:09,0
de199b18-574c-41d0-8d29-6b30c696af69,315,44115.21,Chennai,Travel,2026-01-27 12:24:47,1
b62b56d5-68c7-46d2-90ec-e4481e174c87,229,5585.39,Bangalore,Groceries,2026-01-27 12:44:48,0
4fbc3631-4f1c-4b7f-9442-bbb66dc1eb13,342,2433.77,Chennai,Groceries,2026-01-27 12:53:36,0
0a1fc9df-9a59-4974-9adf-4709ac75c344,131,1040.94,Chennai,Clothing,2026-01-27 13:05:34,0
b6533b97-c319-4a33-9bc8-42e3fcd123a0,232,889.08,Bangalore,Clothing,2026-01-27 13:31:38,0
53e988c3-42fc-4d9a-bd32-86a4be5a8d82,444,6290.58,Hyderabad,Food,2026-01-27 13:37:58,0
3738a63f-c212-498d-8115-e352039091cf,53,9177.43,Jaipur,Food,2026-01-27 13:51:15,0
47f9af6c-cffc-4841-91b6-6125722bbeac,67,2215.19,Chennai,Groceries,2026-01-27 13:51:32,0
de136a80-8939-474a-b017-96d28d4461c0,256,2276.36,Chennai,Clothing,2026-01-27 14:00:52,0
46d10e56-e31d-4e24-be37-cc97d1958680,139,7182.39,Delhi,Food,2026-01-27 15:06:51,0
e172a0a5-41af-4e1b-b483-8ce677bb5ff7,24,11571.39,Kolkata,Food,2026-01-27 15:15:18,0
e79689ee-d1bc-463c-be94-ce4058061f03,443,7925.39,Chennai,Clothing,2026-01-27 15:20:43,0
b08d20c0-7afe-4729-98b8-03b3eb717d6c,474,3177.62,Jaipur,Clothing,2026-01-27 15:36:52,0
039663d0-133e-471e-afc8-2f4dea489dae,232,10000.81,Bangalore,Groceries,2026-01-27 16:06:59,0
43506e9f-bd44-462f-9b92-3c7ba956d140,22,6781.3,Pune,Food,2026-01-27 16:08:18,0
943607e6-9e1a-4a80-9d61-3189abd0179f,60,7474.0,Mumbai,Clothing,2026-01-27 16:13:57,0
a7c037b5-aff8-443e-b7a8-893423c944ab,254,2427.61,Kolkata,Food,2026-01-27 16:30:47,0
171e3893-a1b6-4553-94ab-1f3c922aa4c7,484,4922.19,Pune,Clothing,2026-01-27 16:52:51,0
450ef2a9-0b53-4c34-95de-72197e6976e5,413,22001.42,Jaipur,Food,2026-01-27 17:09:13,0
e5f95507-6889-48ad-a234-5eacb8da3559,422,116.66,Delhi,Food,2026-01-27 17:23:20,0
e5278ea2-c80c-4031-8c21-4b4ef80ceb1a,123,7321.84,Hyderabad,Groceries,2026-01-27 17:40:31,0
6c5c6497-95c5-4c19-8d25-769329e3f133,315,10189.1,Mumbai,Utilities,2026-01-27 17:40:57,0
3902452e-e2f0-4684-b280-d3277da723ed,50,9592.4,Mumbai,Groceries,2026-01-27 17:56:27,0
510564f9-d909-49aa-9bdd-3d7a6d53628b,357,1400.7,Mumbai,Travel,2026-01-27 18:33:05,0
5612ad53-8172-409d-9553-4416bf3a5509,285,6069.06,Delhi,Clothing,2026-01-27 18:50:56,0
708183ae-f051-4b1d-ab61-7b74cf536189,16,165.05,Chennai,Clothing,2026-01-27 18:51:55,0
b5502e2b-4bde-4d88-b867-f62dda3bce8e,140,2004.04,Pune,Food,2026-01-27 19:00:56,0
eb8b3300-0a61-4617-a6f7-592f00667ccf,211,5930.63,Bangalore,Clothing,2026-01-27 19:03:49,0
fdb651a6-28c0-4305-9938-7dfbe9917f60,367,11219.75,Mumbai,Clothing,2026-01-27 19:03:59,0
e5d23d41-12a1-420b-91d4-6f582b728139,392,3592.29,Chennai,Clothing,2026-01-27 19:10:31,0
889339df-6948-45c1-af95-d35ad7e34b19,464,4208.24,Mumbai,Groceries,2026-01-27 19:17:12,0
74faebdd-f1e4-427a-9cab-87e2823c794a,388,5920.39,Pune,Food,2026-01-27 19:20:26,0
897c9f4e-1987-4d8c-87c3-3f174d085264,30,7812.01,Mumbai,Groceries,2026-01-27 19:37:13,0
455be7a1-c79c-4ed5-8005-99309be3148c,100,2359.54,Bangalore,Food,2026-01-27 20:18:54,0
b173e315-0fc4-4567-bcb0-0d3376889e3b,285,7251.27,Jaipur,Clothing,2026-01-27 20:23:37,0
e75b2113-4f62-4c9d-abf4-84d0ce6d29bf,11,9375.96,Bangalore,Food,2026-01-27 20:41:09,0
19f636ea-b3b5-4cc8-a96a-4e81eb1cdb37,436,9039.44,Jaipur,Food,2026-01-27 21:35:58,0
61603399-d307-4198-bc3e-b4029ba14c35,104,11132.53,Bangalore,Groceries,2026-01-27 21:39:31,0
abb5e3f7-bbe4-4aab-83d5-10a1e3ba2e08,439,9279.31,Delhi,Groceries,2026-01-27 21:55:21,0
66e6c48a-d679-4ab4-aae6-c3da5f2d38b8,196,1484.34,Jaipur,Electronics,2026-01-27 22:15:42,0
f7bf688a-af5f-4501-8645-7263d8efc511,308,34152.35,Bangalore,Clothing,2026-01-27 22:16:05,0
3c515d63-03a7-43d8-84fd-264e839f4d7a,202,2508.05,Bangalore,Electronics,2026-01-27 22:18:24,0
19b7a8e8-2d17-434a-8834-19b1c8f5d39e,173,7958.01,Pune,Groceries,2026-01-27 22:42:51,0
354f7ca8-05c9-4f58-9df5-4a2160363d28,93,3311.55,Mumbai,Groceries,2026-01-28 00:37:17,0
148c5b22-bbc9-4d6f-82b3-091c1583fab3,490,5433.75,Delhi,Food,2026-01-28 01:40:41,1
6728cd49-4217-499a-985a-aa57a0fd7ea0,457,5037.95,Delhi,Food,2026-01-28 03:47:27,0
108c7476-f8ec-4ad2-b44a-96992293ce39,223,8980.88,Hyderabad,Clothing,2026-01-28 03:55:36,0
c5a746f3-55cc-4948-b36d-24493b53e59c,289,27632.57,Pune,Electronics,2026-01-28 05:46:02,1
c9eca3eb-92b4-439b-9991-07481732436d,121,5410.35,Jaipur,Groceries,2026-01-28 06:26:43,0
5e452956-81e4-4e99-8c28-6323d27f6d1f,24,4554.2,Kolkata,Groceries,2026-01-28 08:06:42,0
86fd457a-56a1-4c48-bdaf-a58683006ddb,134,5637.2,Jaipur,Groceries,2026-01-28 08:45:33,0
5669c3ef-5979-4e17-b7f6-effbc4edd24a,450,27237.39,Delhi,Clothing,2026-01-28 08:50:29,0
dada6c99-ffda-44da-9b9d-101bf1a158d1,343,11628.99,Pune,Food,2026-01-28 09:17:05,0
1d12b2e7-1d82-43a1-9e6a-19b86f73f619,132,6172.72,Mumbai,Groceries,2026-01-28 09:23:58,0
b79f9bc5-c4be-45ca-9bc1-3d5ef99f975f,282,7794.39,Kolkata,Food,2026-01-28 09:26:19,0
e6aadd6c-db27-4241-a9a6-2dc2fdea45bb,478,3237.98,Bangalore,Clothing,2026-01-28 09:31:43,0
98dc47f9-66fc-4c9b-a8ed-0c12aeb151f9,226,8106.26,Bangalore,Groceries,2026-01-28 09:59:47,0
0576c7e9-8b64-4c78-a15c-132789c46711,346,4037.79,Mumbai,Entertainment,2026-01-28 10:05:29,1
e238fe93-bd17-45e8-95ca-69ab8a2e6a93,93,9217.26,Mumbai,Groceries,2026-01-28 10:09:04,0
aa9df014-c7ef-4eb3-80a9-01c7e3867ddf,10,8707.22,Bangalore,Food,2026-01-28 11:37:48,0
0dbe592f-c855-4334-a589-f9f3983a0480,127,11424.56,Kolkata,Food,2026-01-28 11:52:50,0
50805bbf-963d-4606-ae6b-19defaecfb4c,203,3786.92,Mumbai,Clothing,2026-01-28 12:21:14,0
50e49ecf-9da6-47bf-a65b-55013951252a,107,908.75,Kolkata,Clothing,2026-01-28 12:30:17,0
6d4998ea-914c-49dc-9796-ac30094df20f,488,59488.52,Kolkata,Food,2026-01-28 12:38:52,1
d6cb960a-d84f-49f7-a93a-dfbf8ebaed74,92,22060.55,Jaipur,Food,2026-01-28 13:24:22,1
63b105a8-2128-4b08-8a7c-999a801ac91b,215,8150.51,Pune,Groceries,2026-01-28 14:01:58,0
ad8498a2-9da3-48c9-9912-3e0375ca3ff8,365,3472.47,Hyderabad,Groceries,2026-01-28 14:02:07,0
82aabada-7201-4af7-8e75-e4ab424c4c8f,206,833.81,Mumbai,Groceries,2026-01-28 14:09:45,0
8d40aeb2-aed6-40cc-837f-5347ab402561,165,3433.9,Hyderabad,Clothing,2026-01-28 14:11:16,0
fa7ca745-5894-48d6-ac5d-acd2266cafea,167,17866.24,Jaipur,Food,2026-01-28 14:18:13,0
cdf160a1-1533-45f8-b475-7b230c9fe37c,382,7987.54,Delhi,Clothing,2026-01-28 14:26:35,0
4e3dc31a-2e25-4fee-ab7d-5cefb4d32b86,106,5698.58,Hyderabad,Groceries,2026-01-28 15:01:30,0
51ca2ab6-0238-476a-8a2f-d5ea99ac5f8c,93,2560.16,Pune,Groceries,2026-01-28 15:15:18,0
efa5fccb-eb24-4b05-845a-ede243641b12,65,5231.72,Pune,Groceries,2026-01-28 15:38:03,0
b181ba83-148e-4702-b612-f729ad7f0730,285,6908.78,Jaipur,Groceries,2026-01-28 15:39:58,0
6d1eb722-60ab-4c7f-847b-90ed77eba921,298,2176.71,Pune,Groceries,2026-01-28 15:49:13,0
32c2c61a-9553-407b-8a8c-6e28086c030f,472,1056.58,Bangalore,Food,2026-01-28 15:56:49,0
0bb1b984-7bda-4670-8a4c-3b4dfc8ade6a,34,9102.61,Delhi,Clothing,2026-01-28 16:12:40,0
6a020dca-e566-439e-81a3-e7396a673cff,142,4814.53,Chennai,Clothing,2026-01-28 16:48:28,0
140b7b7c-fa6c-4287-9b66-94a38242a221,450,3481.77,Hyderabad,Clothing,2026-01-28 17:14:00,0
288a5503-2e41-4b92-8bf8-29fb05e99fae,221,7758.76,Chennai,Groceries,2026-01-28 17:27:49,0
6d755a78-c36a-4335-8dae-2693de7a4577,179,8639.83,Pune,Clothing,2026-01-28 17:30:41,0
70a91477-ff1b-454d-ac65-659da2ef1e21,244,4494.6,Kolkata,Clothing,2026-01-28 17:35:33,0
41bb09eb-d8cb-4943-a6d8-a1f9b39a15fa,380,11716.26,Bangalore,Clothing,2026-01-28 18:03:29,0
203a3399-3563-4517-902a-3cf39216d408,410,17532.12,Hyderabad,Electronics,2026-01-28 19:13:02,1
df85a192-d21c-422a-bfa2-df4729ca6e42,38,1444.06,Mumbai,Food,2026-01-28 19:15:22,0
ec0dd9ba-0b94-429c-83fd-e24e9ceeaf74,23,11404.58,Pune,Clothing,2026-01-28 19:20:04,0
d6cc298d-576f-4527-897b-e1ad3ab1534d,10,3771.6,Chennai,Clothing,2026-01-28 19:28:19,0
c91463ac-af4a-4f31-89df-f7488a8b0677,121,7805.44,Delhi,Groceries,2026-01-28 20:01:16,0
fd9077b6-38ac-4355-b495-dd711802f730,450,6127.14,Hyderabad,Clothing,2026-01-28 20:18:04,0
2f64672f-96e1-4522-b2b8-d6985dd0855c,271,11574.74,Hyderabad,Travel,2026-01-28 20:34:00,0
2f2b68ba-bd61-492e-b358-279c99a6a259,376,1934.11,Hyderabad,Groceries,2026-01-28 20:57:21,0
d840486a-1bab-4130-8b6a-3955bf027b83,278,4452.59,Jaipur,Utilities,2026-01-28 20:57:34,1
29476f54-973e-429c-b5f0-b1be7aa1219a,144,1972.55,Hyderabad,Food,2026-01-28 21:07:42,0
bf80b3f8-b3eb-4460-b63d-da7cd93990b6,5,652.41,Chennai,Groceries,2026-01-28 21:41:33,0
bcfcd993-58ae-462c-a783-c1f820bad286,435,4127.01,Kolkata,Clothing,2026-01-28 22:46:53,0
515a3eea-6f69-41cf-8196-66e9aea03292,270,3408.78,Hyderabad,Clothing,2026-01-28 22:51:55,0
8ec565cb-183b-4e9b-a3b6-ce8cfa8e2dec,281,8926.01,Kolkata,Groceries,2026-01-28 23:27:31,0
a771426c-8c2c-4d55-9952-d520ac57d630,154,683.34,Bangalore,Travel,2026-01-29 00:11:11,1
d947c72a-5c61-4985-996e-d71ce94f03ec,356,2898.8,Bangalore,Food,2026-01-29 00:23:35,0
ce779a9d-f782-424b-9584-e6bf555dddac,180,31797.97,Pune,Clothing,2026-01-29 01:54:48,0
9bada6c6-dd7d-48c9-a0cc-7abd4c6cfc1c,276,945.35,Mumbai,Food,2026-01-29 02:38:05,0
5d8c8633-e673-458e-93f7-0eea9c8a9bef,404,7415.49,Mumbai,Clothing,2026-01-29 03:14:51,0
d975a562-89d5-4357-9566-1feb05c5bf8d,317,1200.53,Pune,Food,2026-01-29 03:37:33,0
a6f53bec-ff5e-4fc1-88d0-15173c4e382a,22,22161.97,Delhi,Groceries,2026-01-29 04:17:29,1
639817e5-8a9c-4c8d-9429-179b98610b0b,114,21492.18,Hyderabad,Clothing,2026-01-29 04:46:45,0
74621066-f36e-4549-a399-676100810bd2,138,699.68,Jaipur,Food,2026-01-29 08:25:42,0
9d6ed0d6-d1bb-4400-af51-a6174d94702d,408,4768.71,Bangalore,Food,2026-01-29 09:15:00,0
da2855e3-61df-4243-b8e1-a05d9785db5a,295,9179.88,Hyderabad,Food,2026-01-29 10:08:10,0
b83ce50d-6f2e-4e73-a4d0-83d7c3c25410,190,10203.05,Chennai,Clothing,2026-01-29 10:18:56,0
ef94aed8-cdb7-4cd6-96d2-ae024999a59c,64,16536.21,Delhi,Groceries,2026-01-29 10:57:56,0
b23082d8-246f-4c53-97ac-296566df81e2,278,2801.26,Delhi,Food,2026-01-29 12:01:06,0
6b0bef7f-29d3-4fe2-8826-60b9a5c20bdc,69,11969.38,Chennai,Clothing,2026-01-29 12:22:07,0
0abdbcd1-782c-4fec-9e5d-78a1c5bdb495,431,118.87,Mumbai,Clothing,2026-01-29 13:06:25,0
06bdc6d0-05ff-46eb-8da6-fa319488f45b,408,7878.57,Chennai,Food,2026-01-29 13:06:32,0
b3dbae46-04f9-4de5-811e-6b6fdfa3c787,26,2780.92,Delhi,Groceries,2026-01-29 13:30:17,0
a3ffcebf-54f2-48f6-afc3-fe8ca670e4b0,246,1646.21,Chennai,Groceries,2026-01-29 14:01:45,0
a31fe79b-2d2c-442d-8a68-94bf49412afd,59,3071.73,Hyderabad,Groceries,2026-01-29 14:02:31,0
8b1fabc0-60eb-4fc9-94a5-7da4c75fabdc,115,10667.23,Delhi,Clothing,2026-01-29 14:22:27,0
ba533122-74b7-4620-8a73-b0bff2ce7eeb,128,4197.76,Hyderabad,Clothing,2026-01-29 14:32:37,0
1e22ade1-a3e6-4bfd-a5e2-ebba27ae2220,95,1781.38,Pune,Travel,2026-01-29 14:36:35,0
528bd2de-1562-4845-888e-bf4675805d15,478,7841.63,Pune,Clothing,2026-01-29 14:47:06,0
51d6ca8d-a361-44c0-aecd-98278936e1bb,261,6663.62,Hyderabad,Groceries,2026-01-29 15:03:42,0
44006cc6-950f-4960-947f-5d5000af2bad,157,5239.72,Pune,Clothing,2026-01-29 15:06:21,0
316b6042-63bc-4f61-9c98-2099961f8ddf,182,10460.97,Bangalore,Groceries,2026-01-29 16:16:08,0
9c0e2e5e-0d7b-4369-9769-993ce7f1ec14,159,4813.04,Bangalore,Food,2026-01-29 17:16:56,0
fe6b566e-1216-45e5-b079-1455dce5d07f,49,2215.6,Chennai,Food,2026-01-29 17:23:30,0
3ee82983-d557-4241-91dd-b9bf613d2de9,289,293.02,Pune,Groceries,2026-01-29 17:37:46,0
51ee6023-2f76-4a4e-8c0b-0189ee46e7e0,142,10965.76,Jaipur,Travel,2026-01-29 17:43:48,1
9f8a8460-4fe8-4c12-bfa7-319e6c2b29b1,42,13648.86,Jaipur,Travel,2026-01-29 18:09:34,1
3749af64-cfc0-4fbc-a5dc-733d70bb2a0e,166,585.2,Hyderabad,Groceries,2026-01-29 18:17:01,0
1c31d9b9-fda2-49a0-ab68-38e37de7f41a,1,23542.71,Bangalore,Groceries,2026-01-29 18:18:14,0
01582463-9d87-46a0-b2d7-8bdd781799ff,192,33616.52,Jaipur,Clothing,2026-01-29 18:21:50,0
93acd71b-de03-4536-b703-fa9fe15c1c37,133,9236.57,Mumbai,Clothing,2026-01-29 18:42:12,0
285331c8-02e6-4e89-915b-a3708a618af5,274,1311.53,Pune,Food,2026-01-29 18:56:46,0
bd1e9e72-fc1b-4217-83eb-9e95d8910c36,480,10796.54,Chennai,Groceries,2026-01-29 19:18:41,0
233c2cdf-6f68-4b5b-b22b-ce2b19e9dc59,116,12844.69,Mumbai,Entertainment,2026-01-29 19:46:50,1
e54984ae-f3e2-45de-a7f3-96b405109ebf,261,2323.34,Hyderabad,Clothing,2026-01-29 19:54:04,0
0499bc04-0179-4958-8749-761ca38ac683,447,6027.46,Hyderabad,Clothing,2026-01-29 20:16:06,0
e9e26867-268a-4d9b-8771-f56cb9865ad2,283,144.98,Chennai,Clothing,2026-01-29 20:18:15,0
a8284442-3f73-4f50-99a2-676f28dd2bfd,306,31213.79,Pune,Food,2026-01-29 20:30:33,0
d5afc2dd-69f3-4bf1-852d-50fdbf8aff19,170,8788.83,Pune,Food,2026-01-29 20:35:16,0
e009a2cd-3157-409a-bedf-dad0c6988643,18,7012.65,Chennai,Groceries,2026-01-29 20:35:18,0
524d5da7-9a22-4af4-9ef6-2ab73aa711b5,224,5943.43,Chennai,Food,2026-01-29 21:02:58,0
3756a924-90b5-43dc-9250-2c052a0d516b,412,4351.25,Chennai,Utilities,2026-01-29 21:06:12,1
7c033b29-4ce1-4237-a8f1-e02fa61f829c,312,4346.09,Kolkata,Clothing,2026-01-29 21:28:33,0
5e5ba13d-746c-4b77-9fa3-82e8895ccd99,73,8718.18,Pune,Food,2026-01-29 21:51:35,0
0646b70a-366b-486f-b800-2531232757bb,361,9006.44,Hyderabad,Groceries,2026-01-29 21:52:46,0
60a71f07-e053-4eae-a218-6634bd043605,269,4033.31,Jaipur,Groceries,2026-01-29 22:02:03,0
b0fdede4-e397-423a-8907-35eb0354bb94,199,10400.35,Mumbai,Clothing,2026-01-29 22:03:50,0
07839655-3eac-4cd6-ba7d-1bd700d2d503,101,27007.94,Pune,Food,2026-01-29 22:15:22,0
ee51947d-b8bb-453d-b658-ae2c8877f6e9,206,7526.45,Kolkata,Food,2026-01-29 22:30:11,0
ce706e5a-7f42-40cb-85eb-49253eae0a11,441,6051.11,Jaipur,Food,2026-01-29 22:50:32,0
32d8aff9-f9c0-4882-9b40-bb900c5f606f,373,9690.78,Kolkata,Food,2026-01-29 23:29:33,0
aecf2f69-bef2-40aa-b114-f77445985ebe,278,10747.31,Delhi,Food,2026-01-30 01:54:51,0
ff7ca58f-9aa1-498b-b4a4-feee30cdf149,475,949.05,Bangalore,Food,2026-01-30 03:21:12,0
a61be016-0f5f-4728-bfc1-8b870d93d369,387,4746.62,Hyderabad,Entertainment,2026-01-30 07:07:11,1
f6ae7936-0071-4e0f-ab23-ace018720dc7,103,7801.98,Bangalore,Food,2026-01-30 07:48:06,0
1d937e25-04b4-4a56-83bf-95236ba77cab,407,11897.38,Chennai,Clothing,2026-01-30 08:18:12,0
0c3a3ed8-6e15-4f71-8093-7ba065a07e43,419,6996.81,Jaipur,Groceries,2026-01-30 08:33:14,0
9f85c2dd-88e4-4a48-8570-9e30417b6634,10,11820.07,Bangalore,Clothing,2026-01-30 08:37:32,0
3add0e25-9fa9-4fb9-944e-6215f5ef1ebd,460,9233.75,Delhi,Clothing,2026-01-30 09:32:17,0
480d394d-afdf-45aa-8d8d-65729c22b839,218,1036.77,Hyderabad,Travel,2026-01-30 09:34:44,0
b9e826d0-5f0b-432f-a6dd-bbe3a89a18fe,406,8936.06,Hyderabad,Clothing,2026-01-30 09:38:23,0
ffd16bb4-5e36-43c2-8d93-bca56b1fef8e,59,2043.18,Hyderabad,Clothing,2026-01-30 09:40:56,0
5faf467c-3381-4ec4-862f-ed82d8cae745,98,24343.2,Pune,Entertainment,2026-01-30 09:53:44,1
c1ec1103-9d2b-46ae-bd39-9a47a9cb126d,164,7086.56,Mumbai,Clothing,2026-01-30 10:03:23,0
b429db31-574c-4e22-af16-70c0d1a46b7b,135,5442.78,Mumbai,Groceries,2026-01-30 10:06:50,0
0021fbb4-584d-45a9-9303-001eecc444f1,210,5806.19,Hyderabad,Clothing,2026-01-30 10:09:50,0
f6cd5a04-2cb6-4d24-add3-0b59abadd1a4,237,10688.12,Chennai,Food,2026-01-30 10:38:50,0
0ec238d5-ef5e-4caf-bb88-ace42aec3c2b,206,1037.22,Pune,Clothing,2026-01-30 10:47:09,0
d5c91f22-2dbb-49e3-82e1-6610f6d59f9e,247,6068.45,Kolkata,Groceries,2026-01-30 11:19:20,0
1c036ebe-4384-4061-ae9f-59935c8bfec4,415,1971.84,Jaipur,Groceries,2026-01-30 11:23:38,0
0997ed80-be60-4590-931c-1dff9a0baa34,79,9540.02,Delhi,Clothing,2026-01-30 11:25:34,0
979510e0-bf88-4d12-bdf8-9a3dee24d23e,240,4055.51,Bangalore,Groceries,2026-01-30 11:31:49,0
11701ddc-95ea-4edc-abbb-62c5780ae0ac,277,2900.49,Mumbai,Clothing,2026-01-30 11:34:01,0
e2321d9e-24f7-4b83-b712-aa925f28b55f,149,5136.03,Mumbai,Clothing,2026-01-30 11:50:47,0
75093ae4-f291-4779-bba5-5e2c1486e673,459,34678.89,Hyderabad,Electronics,2026-01-30 12:09:33,1
71a6de48-0682-4e13-a007-77bef2b1068a,162,2500.25,Jaipur,Food,2026-01-30 12:14:59,0
5baca439-0963-4291-a42f-478f77f3cc6c,83,324.44,Hyderabad,Food,2026-01-30 12:27:48,0
d463c183-a231-4211-8578-b1c6f7ebc69a,190,19135.48,Kolkata,Clothing,2026-01-30 13:24:30,0
2e7520e4-57bb-461d-998c-8b2ef96c57ab,370,9312.73,Kolkata,Groceries,2026-01-30 13:35:52,0
9e96f644-c6db-4d77-a1b7-2d0ab6123aeb,322,22199.02,Hyderabad,Electronics,2026-01-30 13:50:30,1
46590f3d-84fa-42f1-b242-e0f6bc8c36ba,478,9131.3,Bangalore,Clothing,2026-01-30 14:07:40,0
ea55ee32-2006-4538-a692-e2579ed53b35,173,33649.76,Pune,Groceries,2026-01-30 14:38:51,0
16352781-a094-46c9-b891-f2c6cf73151c,334,6969.86,Chennai,Food,2026-01-30 14:51:44,0
4a3d0480-f84d-4d6f-96dc-ff7effe2050b,322,34653.29,Pune,Food,2026-01-30 15:33:05,0
b84ac398-4fd7-4fe5-b813-6d65040ffef4,304,21287.83,Kolkata,Food,2026-01-30 15:42:52,0
f7024b30-954c-44f8-bf53-30fef429eb12,448,2924.31,Pune,Food,2026-01-30 15:44:53,0
578cd875-d231-4372-bfb0-942cac777762,360,5007.87,Kolkata,Groceries,2026-01-30 16:00:44,0
a7a09ef7-6666-4d28-8336-1f253897bfe3,383,4377.53,Chennai,Food,2026-01-30 16:22:29,0
280906a9-52e2-4a8e-a793-b627ac00cd5e,391,6071.18,Hyderabad,Food,2026-01-30 16:30:06,0
30260bb1-73f1-4f26-8950-2a6c0abe31af,382,11212.18,Delhi,Food,2026-01-30 16:49:29,0
f8ef6c71-2b9f-4f6a-a666-a9b49e5364dc,327,19233.24,Chennai,Food,2026-01-30 17:00:16,0
70e39ecb-77ec-4430-a885-ca4740ee7a6e,320,15324.83,Bangalore,Clothing,2026-01-30 17:06:13,0
8c68720e-d787-463d-87b8-f95cb265a6c2,411,6283.48,Bangalore,Clothing,2026-01-30 17:21:41,0
82888725-69cd-408d-9982-052f603157f5,458,1960.09,Chennai,Food,2026-01-30 17:29:25,0
92d8212b-d76b-4a4d-a768-d40a42d8e0a5,409,1303.1,Delhi,Clothing,2026-01-30 17:38:56,0
8ed7c6e6-b545-4648-97b4-80c620097646,196,5248.9,Jaipur,Groceries,2026-01-30 18:09:17,0
73fb6c56-e2ea-4644-947e-1c39fc0221b4,223,2077.65,Hyderabad,Utilities,2026-01-30 19:35:56,0
f2af8671-5132-4cb8-bfcb-dd9970f4d484,385,10342.56,Pune,Groceries,2026-01-30 19:43:54,0
1dc68494-571c-496e-9e47-abaefe9a7df9,23,3243.94,Pune,Food,2026-01-30 19:53:46,0
faddc9f0-677a-4c61-a062-cf97627d74d0,109,10891.77,Hyderabad,Food,2026-01-30 20:03:19,0
18aba437-3a34-4cc8-8a76-6472275006d7,411,4309.91,Bangalore,Food,2026-01-30 20:08:21,0
d6262706-0fd4-450f-a520-2b36b1fc0880,87,8902.47,Pune,Groceries,2026-01-30 21:10:09,0
5cf46fb8-cd0b-430f-b19a-9cbc6baf5c17,211,7082.93,Bangalore,Clothing,2026-01-30 21:24:20,0
97880d9b-224f-4b80-8ab5-f262e529e5de,174,6084.97,Chennai,Clothing,2026-01-30 21:30:05,0
ee4ceb4e-675f-49ec-a964-ff0807c58bf9,412,5259.61,Hyderabad,Groceries,2026-01-30 21:53:19,0
13e69df3-2fc0-4e9c-854a-05f95a8d9931,24,2959.21,Kolkata,Groceries,2026-01-30 22:11:51,0
07356d8a-9530-4f89-801e-537aa50f3513,417,24055.54,Chennai,Groceries,2026-01-30 22:28:36,0
6c17e150-1447-46cc-8352-acea3878becf,306,6623.73,Pune,Food,2026-01-30 22:35:27,0
06354d06-0179-4ea4-822d-6d4a0422b68b,389,6882.97,Bangalore,Food,2026-01-31 02:20:01,0
ba3e5b77-45b7-4856-943c-2bcafa703139,451,10394.41,Chennai,Clothing,2026-01-31 04:39:51,0
5c3ab298-fbe5-44ad-ad98-55fcde0c6c7c,1,9335.64,Mumbai,Groceries,2026-01-31 06:52:49,0
1e079f5a-e8fd-4673-9b59-c5b6407dd06b,222,3088.11,Chennai,Food,2026-01-31 06:54:49,0
cbf27106-69bd-469f-9082-575e10ac6b96,428,20832.76,Delhi,Groceries,2026-01-31 07:11:51,1
073593d1-7732-4dc5-b3be-01918b42acfc,400,7754.63,Delhi,Food,2026-01-31 07:45:39,0
eaee13de-0995-4f3d-ad71-4fa317b9d89e,14,6437.31,Chennai,Food,2026-01-31 08:15:45,0
269bded7-1c47-4b1c-b28d-acb1270116e4,65,3335.32,Pune,Groceries,2026-01-31 08:19:46,0
a9d0ff78-f22f-4c79-a41a-6d824e196e19,187,9532.0,Mumbai,Food,2026-01-31 08:44:51,0
35e274e1-41c3-4685-9ad2-de25649aa3e6,404,6119.36,Bangalore,Clothing,2026-01-31 08:48:58,0
33585dfd-c4cf-469e-b363-8c5acdc96272,18,29547.87,Chennai,Groceries,2026-01-31 08:55:20,0
8623bc74-65a2-4cc8-855b-e95d06bfd9c4,65,11291.2,Pune,Groceries,2026-01-31 09:13:10,0
8b1cf1d8-c11f-48aa-b63b-b6de2ae5c7e3,77,11797.04,Kolkata,Food,2026-01-31 09:15:46,0
179ece59-0a18-401d-b94a-3116fe725469,253,1628.22,Jaipur,Groceries,2026-01-31 10:01:49,0
c75b7a65-3305-4f33-b56f-ad3182092846,116,3398.11,Mumbai,Groceries,2026-01-31 10:38:33,0
2bf86bcc-2ec0-4323-a396-4cc91279491b,361,5802.47,Pune,Groceries,2026-01-31 10:38:44,0
9247da54-b687-4ad4-b234-24a30c6ecafb,361,526.67,Pune,Groceries,2026-01-31 10:57:31,0
f2deb798-b31a-45b5-9fec-aa6e88917cf5,381,2694.3,Hyderabad,Clothing,2026-01-31 11:17:28,0
699fdb02-bcdd-4b48-bcb3-c9fa191abb3d,37,7153.21,Delhi,Groceries,2026-01-31 11:47:43,0
771db808-88db-439c-878f-c57dd5cf18c2,489,9267.04,Pune,Groceries,2026-01-31 12:11:07,0
07a76739-609e-4d33-ad92-abbf65c51c9a,372,10648.64,Mumbai,Groceries,2026-01-31 12:17:01,0
a39ad4df-afd3-4c8b-8a29-8783099c4929,189,6061.54,Hyderabad,Food,2026-01-31 12:21:46,0
1d4d08e7-17c1-49a5-9b8b-8ccd2618dd5d,387,886.65,Hyderabad,Groceries,2026-01-31 12:24:46,0
aaef7529-01aa-4b80-8040-1b203946ad23,77,9300.42,Delhi,Food,2026-01-31 12:40:57,0
b788f5d1-ffe5-45f6-a5ed-cfe34f2dad3f,72,412.78,Delhi,Groceries,2026-01-31 13:29:51,0
5d3881f1-ae07-4ed8-8fd6-8f90ecb8a955,88,4410.1,Mumbai,Clothing,2026-01-31 13:47:11,0
2923d53c-2645-4e70-a475-9e9e74decbb3,165,10106.41,Chennai,Food,2026-01-31 14:06:45,0
6e4429cc-846b-41c4-8602-21abccb02dbe,75,487.24,Mumbai,Food,2026-01-31 14:16:28,0
8afb9b2d-b766-40f6-b79f-00d5571d7650,107,7108.05,Kolkata,Groceries,2026-01-31 14:22:06,0
38245275-a4f8-43ca-8042-0c588c7cdc6f,34,6871.23,Kolkata,Clothing,2026-01-31 14:23:49,0
902ba0c8-364c-45fe-b29f-eec3f27c7f99,14,7381.25,Chennai,Food,2026-01-31 14:35:25,0
5d0b7acc-5f4c-4f41-8677-6680f0a0eebb,218,4869.42,Hyderabad,Food,2026-01-31 14:48:53,0
d02b4c3a-6610-4a20-b0b0-c031098aef72,392,8104.05,Jaipur,Clothing,2026-01-31 14:52:25,0
5d694936-5d4c-4687-b2c4-67d65f9c6608,41,3717.49,Hyderabad,Food,2026-01-31 15:50:23,0
34783752-0b3b-41a9-9dd6-52a86925f2d5,242,5968.49,Mumbai,Food,2026-01-31 16:01:44,0
3841a305-125d-4ccd-a8f5-314fe37355f3,424,28380.05,Mumbai,Clothing,2026-01-31 16:19:49,0
f38ef31f-08ae-44bb-8c62-f74854b4a8a6,138,7346.64,Delhi,Food,2026-01-31 16:55:01,0
aed54a46-8bde-405b-9d8b-abd76bbdb66f,489,1441.65,Mumbai,Clothing,2026-01-31 17:04:33,0
31115e09-c8c6-4bbb-a560-6cc71c39d22b,219,194.44,Pune,Food,2026-01-31 17:13:22,0
06db51d3-731b-4edd-ab25-e1e9fa781472,346,3699.59,Mumbai,Food,2026-01-31 17:44:01,0
a15e0655-e276-4b30-9ade-cee4bfcc8e33,60,8309.32,Mumbai,Groceries,2026-01-31 17:52:29,0
55194b8a-bd7d-47e4-9982-4862cfc21217,283,6810.68,Chennai,Clothing,2026-01-31 17:56:22,0
750c81de-6d88-48ec-acc2-9194df2aa87e,129,40213.48,Chennai,Clothing,2026-01-31 17:58:10,1
274dafe5-982b-435c-ba52-9fce7207fa0d,73,2672.39,Pune,Food,2026-01-31 18:00:27,0
2dcdf194-6e78-4fb9-a016-a380c4c331e2,222,7858.77,Bangalore,Groceries,2026-01-31 18:02:14,0
214cfb58-d21e-4f8a-8979-e451b8e118d6,106,11340.11,Hyderabad,Food,2026-01-31 18:28:43,0
61d9e819-c51c-4229-a145-676d17795b66,181,11238.04,Pune,Clothing,2026-01-31 18:36:57,0
a54eaaa6-76d6-4f91-8104-9882079778f0,226,6235.17,Bangalore,Groceries,2026-01-31 18:42:18,0
1c405045-4a22-4ae9-a2f9-cafe2eb23ca3,321,9619.51,Delhi,Groceries,2026-01-31 19:43:17,0
4af53dfe-54cb-4831-b7e4-d6981c360249,403,3138.69,Kolkata,Clothing,2026-01-31 20:23:28,0
3e2bf9c9-636f-4e5c-a253-e70687ad8b26,243,3678.76,Pune,Clothing,2026-01-31 20:29:58,0
5270481c-0bca-4a10-9923-734f24f36ae7,490,711.11,Delhi,Clothing,2026-01-31 20:57:05,1
28cbb7ca-33b5-4667-8979-13a0e7d90c1b,208,2383.8,Jaipur,Food,2026-01-31 21:19:29,0
1ae38baa-339e-482b-b2e8-f8bfffdf6588,3,1295.71,Hyderabad,Food,2026-01-31 21:32:24,0
0626cb30-699e-4eed-bcfa-000c08225318,83,3215.07,Hyderabad,Food,2026-01-31 21:37:43,0
ce315937-34fa-42b6-9043-7e4c34e50699,416,8877.59,Pune,Food,2026-01-31 21:45:39,0
35c5edf0-f43f-447a-a9ba-adccdf2ff029,155,7780.34,Chennai,Food,2026-01-31 21:50:36,0
457bbd48-3bbc-4600-8488-5ef8b08a695d,440,4040.82,Jaipur,Food,2026-01-31 21:55:33,0
df63b4e9-8d80-4237-b8d6-90afc2c26d9f,95,3771.64,Mumbai,Clothing,2026-01-31 22:06:41,0
0dad0c7b-e666-43e3-81d9-beaee86b063d,370,5068.53,Chennai,Groceries,2026-01-31 22:12:38,0
303014d0-f2c8-4743-9027-e7702460d0d2,91,9693.9,Delhi,Groceries,2026-01-31 22:37:01,0
a78b6ea5-507f-43a0-a75e-0e611a3bcd06,354,9390.3,Delhi,Food,2026-01-31 22:37:19,0
fed239d6-f983-403b-8753-97ab3475bcba,146,6740.8,Kolkata,Clothing,2026-01-31 22:41:57,0
5d51ca84-b66f-4ffe-aea1-6edd613ea092,269,9369.85,Jaipur,Utilities,2026-01-31 23:45:23,0
0f682c33-1d86-42c3-8411-84fe0544b199,359,5418.77,Kolkata,Clothing,2026-01-31 23:52:36,0
f611c0ec-916f-4778-ba8f-3e6c61a4cd19,342,1376.41,Hyderabad,Groceries,2026-02-01 00:39:03,0
cbccdf6a-0e1d-40be-9710-31ceb6c53b98,342,5863.35,Chennai,Clothing,2026-02-01 00:53:44,0
734bda19-c991-46cc-94a6-368b71d60744,468,2600.01,Bangalore,Clothing,2026-02-01 01:29:57,0
04842e8d-9c45-4093-95fc-16f574106831,36,31546.4,Bangalore,Electronics,2026-02-01 04:52:44,1
cdcbe818-4dfa-4a17-9999-1b39180a7e01,251,637.6,Delhi,Food,2026-02-01 04:53:14,0
8a9db593-8ce1-4e35-a51f-d429c1171668,57,7311.53,Kolkata,Food,2026-02-01 06:08:00,0
a2588ba4-9ead-40d9-b0bd-4fe403c8eb11,53,18255.82,Jaipur,Entertainment,2026-02-01 07:31:43,1
20d1dd51-d3de-4fba-8d6d-1283dd5fdcf6,231,7130.29,Delhi,Clothing,2026-02-01 07:46:47,0
1a187531-d4b0-427b-9fc7-aa60be8e30d1,310,4964.29,Delhi,Food,2026-02-01 08:16:29,0
bcb12a00-7ee6-47de-993e-ea4d6a6a642b,300,6876.22,Mumbai,Groceries,2026-02-01 08:21:00,0
c8972af5-43d4-41a6-bef3-2adcd04fc75a,199,5389.5,Pune,Food,2026-02-01 08:32:39,0
423cad9d-193e-4783-82b3-42541b1f2eb1,394,4324.6,Kolkata,Travel,2026-02-01 08:36:41,0
d7d0ece9-52d8-4832-bb3f-17a5599ce45d,345,1263.16,Hyderabad,Food,2026-02-01 08:47:31,0
244f4ce3-6a50-48b5-9623-c671e2eed64b,80,8335.29,Pune,Clothing,2026-02-01 09:01:52,0
8ba55e2f-19bd-45ca-8f63-22ae6013761a,455,8013.87,Mumbai,Clothing,2026-02-01 09:03:55,0
ab4d738c-7657-437c-9fc8-e06063629509,380,6773.52,Pune,Clothing,2026-02-01 09:18:24,0
fb3df063-8409-45ea-8de9-18b33922a7e4,165,8671.43,Chennai,Clothing,2026-02-01 09:36:23,0
9d345ce9-3a5b-40ff-8076-8a77b25a2225,297,4938.91,Delhi,Clothing,2026-02-01 10:00:32,0
a8575900-7a8c-4c36-a5d7-71639b2aeea6,448,1011.68,Jaipur,Electronics,2026-02-01 10:18:02,0
9fc63a31-f4d1-495a-b58d-a99502ecaffd,35,5901.07,Pune,Groceries,2026-02-01 10:39:53,0
aa483a0a-b672-4c9b-ab70-923dda2813ab,360,2214.13,Kolkata,Groceries,2026-02-01 10:41:40,0
e8e52412-660f-475f-9ac8-8b740bb5c276,277,681.09,Mumbai,Clothing,2026-02-01 11:48:59,0
080a1cf5-a6f3-4448-8a76-c888e7b1a394,138,11593.12,Jaipur,Food,2026-02-01 12:06:08,0
af77a587-f69c-4ed6-9bd1-a6a568cba1df,335,4449.9,Chennai,Clothing,2026-02-01 12:42:08,0
d82d6041-7544-4e02-a3af-ac49d6a016b1,281,11454.26,Chennai,Groceries,2026-02-01 13:02:35,0
8e242b1d-c573-4b1c-80b1-5ca389ae67cb,185,4639.73,Pune,Clothing,2026-02-01 13:07:04,0
a7f9fde9-1aee-4fde-b0b4-f9ca0175c34a,486,9302.07,Bangalore,Food,2026-02-01 13:25:57,0
23d34fb6-58a5-402e-9779-87b7ae6791cd,280,6712.65,Hyderabad,Groceries,2026-02-01 13:35:20,0
613721c3-dd05-491b-8315-22d9f57443d3,332,1832.75,Bangalore,Food,2026-02-01 13:53:31,0
4b2327aa-82e5-4a40-b0f8-2c5d8768462a,414,10029.63,Mumbai,Groceries,2026-02-01 13:59:48,0
f6ad7753-a457-4e6a-bb87-b957ea5480e5,187,133.06,Mumbai,Clothing,2026-02-01 14:06:59,0
67022d7c-63f6-42df-bfbd-3aa58afb46c5,262,21183.84,Jaipur,Electronics,2026-02-01 14:09:23,1
f8b933bb-d56d-443f-8452-74c1bf476015,482,17877.2,Hyderabad,Utilities,2026-02-01 14:12:53,1
76fafb9c-1e67-420b-b710-499e82c4817a,456,1302.41,Delhi,Food,2026-02-01 14:27:28,0
0779250a-6544-4313-aea0-5d13a84554c3,380,6667.73,Pune,Clothing,2026-02-01 14:29:14,0
e5c4f606-14a7-491a-983c-c6ad5e01107c,70,3245.03,Chennai,Groceries,2026-02-01 14:52:23,0
ae991d4e-ba47-42e9-8e0a-cb92f60060af,250,3719.62,Pune,Food,2026-02-01 14:58:34,0
e2b2de4b-3d5c-4b0e-8b2d-983af2189128,213,7451.06,Pune,Groceries,2026-02-01 14:58:42,0
002394e2-2ad9-4682-b8da-5a79a72edd5f,87,5142.65,Pune,Food,2026-02-01 15:02:00,0
3a9048cc-d063-43e7-ac7e-f0abe1a29ffa,399,5077.1,Jaipur,Clothing,2026-02-01 15:22:51,0
ae6b0455-9cdd-47c2-925a-0b3f42a1279b,50,5737.53,Delhi,Clothing,2026-02-01 15:25:03,0
db418f9f-4631-4d28-bf8c-18bb525647f6,245,8026.34,Hyderabad,Groceries,2026-02-01 15:26:51,0
c6cec51b-93ef-45c4-86e5-edf46bfdc189,335,6637.14,Chennai,Clothing,2026-02-01 15:34:34,0
c82fdccf-15e1-4488-83db-0c3beaa36268,374,8798.45,Jaipur,Food,2026-02-01 16:13:09,0
9291b76d-a8b3-415d-8fdd-267e8d02ecf7,132,1084.21,Mumbai,Electronics,2026-02-01 16:20:47,0
f5c7a800-f72d-4fbd-a7bf-4b11e48bf1aa,343,7641.07,Pune,Clothing,2026-02-01 16:21:57,0
b9da7480-4b8f-45ff-ad8b-0dd99e7badb8,477,4599.25,Hyderabad,Food,2026-02-01 16:41:04,0
0604844f-3181-456b-a7fa-fcda69213be0,491,11209.9,Jaipur,Clothing,2026-02-01 17:04:26,0
639159f1-c6ab-4e65-b17b-b53b06bd7560,116,186.06,Mumbai,Food,2026-02-01 17:23:05,0
8a5a4272-5f90-4e57-a472-2a76f7c90c89,52,7853.46,Hyderabad,Groceries,2026-02-01 17:26:28,0
0e24c8b8-c10b-4887-a123-420fca7c90d5,264,10161.97,Mumbai,Electronics,2026-02-01 17:31:42,0
1cc6c6ab-bb4b-4004-8274-850c56d3c165,118,4341.12,Chennai,Electronics,2026-02-01 18:11:50,1
0899c691-2d61-4a88-bba7-78b92fdd77cd,307,9471.4,Jaipur,Clothing,2026-02-01 18:58:05,0
3f386c5c-1634-4fd5-a635-d9e72a6aeb6c,77,26218.2,Kolkata,Travel,2026-02-01 19:10:16,1
f9698825-dbb0-4951-a07f-aacf83cddcb4,472,2718.55,Hyderabad,Food,2026-02-01 19:36:23,0
2630fc95-889d-469c-a652-b0c1c9d42fd3,429,9400.47,Bangalore,Groceries,2026-02-01 19:36:46,0
5132b306-bc24-4acb-a965-9f05bbcd2da5,250,8985.32,Pune,Utilities,2026-02-01 20:23:32,0
9de9dc4f-57ba-41a4-9839-b7d9cd2fcca3,292,3981.26,Bangalore,Clothing,2026-02-01 20:47:31,0
24a6f558-e78e-4f5d-8f9e-e382f68cc63e,175,11545.97,Mumbai,Clothing,2026-02-01 20:51:33,0
b3c5b29f-2b55-4b40-9de1-4ac0b9932694,174,588.07,Chennai,Groceries,2026-02-01 21:01:06,0
d27f6f41-cdec-4bbc-a801-5ea2b0dd9227,160,16921.72,Chennai,Clothing,2026-02-01 21:17:54,0
1f6d3881-8341-4c1a-9872-8ca3264f9642,104,8720.92,Bangalore,Clothing,2026-02-01 21:27:35,0
394ad526-3c45-4cd6-99ed-9940a099fa5d,26,7615.71,Jaipur,Groceries,2026-02-01 22:22:42,0
56f95d20-0a53-4f38-94ad-dbba4b4b254e,259,7358.66,Mumbai,Clothing,2026-02-02 00:35:41,0
23254f28-5e60-49fe-9d8e-b663198958b3,452,2213.1,Hyderabad,Food,2026-02-02 02:05:43,0
02ee09bf-9811-4d8b-accd-00e792ca30b9,390,7788.82,Hyderabad,Clothing,2026-02-02 02:50:10,0
e1960d8a-b4f1-4c9a-918a-bb38ad64cf1c,460,51649.17,Delhi,Travel,2026-02-02 02:50:21,1
3607cc00-cabc-4d91-8746-bac462923d86,266,15980.48,Kolkata,Food,2026-02-02 04:02:01,0
3ca30618-5448-4106-9ba7-e9449ec3c5d4,390,9916.8,Pune,Clothing,2026-02-02 04:37:40,0
9ca8764f-c3ec-49dd-9862-8425840d0069,156,10917.38,Chennai,Food,2026-02-02 07:51:20,0
1db67101-83d0-4ae7-bc2c-fbcf0770d18f,223,9681.33,Hyderabad,Food,2026-02-02 08:06:47,0
f15cb210-ee5a-4d74-8e92-4b09af8e966f,204,5244.49,Chennai,Food,2026-02-02 08:10:10,0
fe2bc3df-a6dd-441c-b2a9-c5efbb5361a1,452,6489.07,Delhi,Food,2026-02-02 08:52:28,0
a5c5bce0-dffb-4c2d-bffb-ce287933ea49,361,781.0,Hyderabad,Groceries,2026-02-02 08:55:45,0
d905be03-bd2e-44df-99c9-72aed8869323,22,828.98,Mumbai,Groceries,2026-02-02 09:36:06,0
ae3acdf2-eac9-41cc-9ea3-93eadb646a33,243,5360.34,Pune,Clothing,2026-02-02 09:36:31,0
20733f6d-0d6a-45b3-83ef-20162c9b662e,277,1408.12,Mumbai,Clothing,2026-02-02 10:00:22,0
fad5ab17-0ebd-4eef-8836-b2d104dbe9aa,473,10686.67,Pune,Food,2026-02-02 10:05:22,0
1d7a7162-b071-4bec-9bfb-d264992c28a2,477,186.76,Hyderabad,Food,2026-02-02 10:35:56,0
82b55700-7285-4c02-b0fd-4a4d435a04db,365,10297.32,Bangalore,Food,2026-02-02 10:45:32,0
d20cd375-a5d4-43c4-a845-fee9904ada37,484,11288.37,Pune,Food,2026-02-02 11:04:40,0
fca70408-4a69-4e22-9c35-4c633a0fb9af,391,899.08,Hyderabad,Food,2026-02-02 11:04:59,0
7db7fc38-bd1c-48b8-815d-97570d75ab61,478,10494.92,Pune,Clothing,2026-02-02 11:08:27,0
a18e1a64-b51f-44b7-9ba0-aa70b32eddf2,64,29980.45,Delhi,Groceries,2026-02-02 11:34:49,0
beee34b2-274e-4204-89cd-2208527e3dea,394,1632.97,Kolkata,Groceries,2026-02-02 11:44:03,0
70fe1138-a2fd-4e96-abf8-c7bd154e3433,322,6747.57,Jaipur,Groceries,2026-02-02 11:58:53,0
06d23bde-350c-459f-89ea-3c351f65206e,127,1366.46,Bangalore,Clothing,2026-02-02 12:29:27,0
32d01eb5-e7b8-4769-a232-524a86e9d465,169,11006.96,Chennai,Groceries,2026-02-02 12:46:18,0
f16a033f-7f6b-46f5-b150-55a780d0d17a,73,1745.99,Pune,Food,2026-02-02 13:11:14,0
3f59dfa0-fcc5-44be-bd4a-5466f3acca68,98,6515.51,Pune,Clothing,2026-02-02 14:20:28,0
a8cb54c3-67d7-4d7a-98f6-359000a484e8,152,11844.43,Mumbai,Food,2026-02-02 14:30:00,0
ee714b0c-f2d9-4421-b426-0100f76c703e,26,6340.77,Delhi,Groceries,2026-02-02 14:36:39,0
4c4e0560-b27e-4bff-9420-edf3b44d4d25,380,11897.36,Mumbai,Clothing,2026-02-02 16:01:11,0
68939da2-7a43-4419-9ddd-7eccdd30827c,370,10037.3,Kolkata,Groceries,2026-02-02 16:10:28,0
eb1313b7-95d1-4b6d-ae9a-e156325cba4e,26,10556.79,Delhi,Clothing,2026-02-02 16:42:49,0
74c8a3a4-4fdc-4645-84ec-89bb86886817,212,5192.72,Delhi,Utilities,2026-02-02 16:43:26,0
e1656eaf-7f9a-4ca7-b940-964ff2cd4e4b,201,1578.75,Bangalore,Clothing,2026-02-02 16:47:00,0
41965462-b5c4-46ac-b34e-061407916b95,248,5699.19,Chennai,Electronics,2026-02-02 17:06:44,0
bb335cf7-0beb-41de-beb0-77223fffbc75,383,6961.73,Chennai,Food,2026-02-02 17:07:42,0
89f78cf7-c4a6-47f5-bcbe-f1967f98638d,3,3953.72,Hyderabad,Food,2026-02-02 17:21:03,0
ce31ce5c-213b-4241-83c5-9c143824c62b,463,7910.85,Pune,Groceries,2026-02-02 17:42:45,0
31c034f0-a091-429b-af18-35b139a90a45,175,4266.39,Mumbai,Clothing,2026-02-02 18:03:25,0
92e075f2-d1fd-43a6-bb62-da24928c6aba,164,11020.33,Mumbai,Clothing,2026-02-02 18:19:46,0
9c193073-edd8-42da-ac60-92bbee906cfe,242,8753.15,Mumbai,Clothing,2026-02-02 18:36:22,0
b52d00ee-4232-44f6-b96c-7d29fc231b0c,118,368.44,Chennai,Groceries,2026-02-02 19:56:01,0
232fa8fa-0b26-454d-bf16-30aa642c643c,383,11386.82,Chennai,Food,2026-02-02 20:01:33,0
2679e833-df43-4659-83e0-1c800667daa2,404,10443.63,Mumbai,Clothing,2026-02-02 20:15:30,0
130da476-1b59-42d2-8622-70cbdb3d419b,339,4544.35,Chennai,Food,2026-02-02 20:24:20,0
6fda9a90-d820-4cb7-893a-f2f78ad645c8,417,3906.09,Chennai,Groceries,2026-02-02 20:26:55,0
4a68369c-12b9-4a50-8cb6-d1f0a5096396,428,2258.16,Jaipur,Food,2026-02-02 21:03:54,0
103a627b-f6a0-400e-9b42-e3b3e07788c7,463,7534.66,Pune,Food,2026-02-02 21:12:42,0
4f942b3e-ce05-4281-b3c2-5e627960e810,305,5719.39,Chennai,Groceries,2026-02-02 21:46:05,0
ec39212e-a3d8-49fa-a5a4-56d82541f181,225,5649.55,Bangalore,Groceries,2026-02-02 22:13:29,0
bb66a28c-a8fe-4f18-aeaf-cad7a2aeb199,417,7664.95,Chennai,Groceries,2026-02-02 22:19:24,0
11419520-6e88-4ea0-8b27-4facd6368fba,11,4369.06,Bangalore,Food,2026-02-02 22:51:32,0
853270b4-041f-428c-a669-973519706349,245,3468.57,Hyderabad,Groceries,2026-02-03 01:38:12,1
94deff78-ccaf-419b-b8e2-74d8f250f86c,395,2130.47,Hyderabad,Clothing,2026-02-03 04:45:58,0
3a0f144a-feea-4d3f-9d1f-a85991f3aae2,255,10763.55,Mumbai,Travel,2026-02-03 05:03:11,0
5e2f5749-e02b-4406-95b1-29a5c7445bfb,85,8117.87,Chennai,Clothing,2026-02-03 06:01:40,0
282fbcce-8e25-4e3d-a1cc-06e5a03a5196,153,3623.63,Kolkata,Clothing,2026-02-03 06:05:23,0
02863337-efe7-424b-b838-7fa13f9044e8,166,29051.01,Hyderabad,Entertainment,2026-02-03 06:53:13,1
710a17e5-3b26-4e53-afeb-89764e8d0d4b,271,3421.21,Bangalore,Groceries,2026-02-03 07:52:16,0
b6a16e80-176c-496e-992f-db732a879ac0,403,6708.36,Kolkata,Clothing,2026-02-03 08:04:51,0
212132b3-30d0-4f88-98b4-d74d06f880eb,75,1958.77,Mumbai,Food,2026-02-03 08:09:14,0
b0c58278-54dc-4ba5-a103-5e1ce3bb22ae,211,5878.46,Bangalore,Food,2026-02-03 08:11:17,0
4dee33d4-b699-4c57-8f02-8be238472b9f,19,31087.39,Jaipur,Utilities,2026-02-03 08:24:06,1
83bc8530-620a-4e58-913f-7d20663c756c,39,8883.86,Pune,Clothing,2026-02-03 08:58:10,0
8b2e1eb3-b523-41f3-9e3b-c735071f1a27,322,1992.73,Pune,Food,2026-02-03 09:05:01,0
5f10c67f-5535-4761-b05a-d90a6f79e139,268,2920.42,Delhi,Travel,2026-02-03 09:28:28,0
1b1a5a06-69f6-48cb-82ac-dbbbd328bb73,470,6602.93,Pune,Food,2026-02-03 09:53:58,0
f1dde1f6-4e81-42da-8a8d-4853b6bbcd58,359,7173.69,Kolkata,Clothing,2026-02-03 10:33:18,0
513cd464-9473-47cd-b0b8-1530dc4e557f,142,1613.95,Chennai,Clothing,2026-02-03 10:55:39,0
69abb1ca-5df1-45d6-8d1d-ac4afa9006cd,299,6180.05,Pune,Food,2026-02-03 11:02:36,0
1ddea07d-651a-4277-817f-319f04961795,320,11025.53,Delhi,Clothing,2026-02-03 11:11:05,0
2f8611d5-1651-44bb-aa7f-ae108bff5388,120,8549.62,Kolkata,Travel,2026-02-03 11:13:38,0
59481c34-8e40-49cc-85ab-a44d5cfbb010,447,16043.24,Hyderabad,Clothing,2026-02-03 11:30:55,0
62ff6f8b-089b-47f4-bb6c-b764aaf04265,143,8389.48,Jaipur,Food,2026-02-03 12:13:17,0
d34172ff-6200-42e0-8cc2-b118a24eae81,468,8732.33,Chennai,Food,2026-02-03 12:41:11,0
dfb46e9e-1549-4c7e-abd9-5a4f37bffcbd,103,10825.49,Chennai,Clothing,2026-02-03 13:14:31,0
d7ce6242-0a2f-4756-af7c-51b89fd31f6d,166,9513.63,Hyderabad,Utilities,2026-02-03 13:20:12,0
999c35a0-1d69-447d-929c-a30763b54f04,319,3716.79,Chennai,Clothing,2026-02-03 13:26:38,0
921603fe-dc4e-4ff1-82f1-ecf20b8a48fb,126,7314.14,Mumbai,Groceries,2026-02-03 13:39:13,0
34c993ae-8938-479c-aaa2-0c1ee028c315,205,3292.98,Delhi,Groceries,2026-02-03 13:40:52,0
6e09d12d-695f-4955-b105-43f9215070d4,149,6351.47,Mumbai,Utilities,2026-02-03 13:41:42,0
45e45d13-0b89-45c6-a9c8-4ef86580f2b8,375,5811.49,Mumbai,Food,2026-02-03 13:53:46,0
07ef2ba8-b45a-4ab3-bb94-a34de4aa786d,164,982.98,Mumbai,Clothing,2026-02-03 14:10:46,0
b7997607-4f7b-4138-ab7d-df225dfff86b,46,2984.03,Chennai,Food,2026-02-03 14:18:05,0
c9729540-cb18-4ba6-b0ef-b72c0a12cce6,316,2072.59,Kolkata,Clothing,2026-02-03 14:18:07,0
390fecf5-e841-4a39-b901-2b9c6057153a,141,6884.91,Pune,Groceries,2026-02-03 14:23:37,0
2ab18038-03f8-4c7b-b43d-e03ae05c1fb9,311,4164.7,Pune,Groceries,2026-02-03 14:26:32,0
433b66fc-797e-43e4-a3db-a8c8b4a2b699,329,1480.33,Delhi,Clothing,2026-02-03 14:30:19,0
5f5258ab-cf3a-4723-9ea0-c5033d7a774e,91,349.83,Mumbai,Groceries,2026-02-03 14:41:50,0
7648415d-acc7-4535-a97c-8fd8ed0c5208,45,5581.22,Bangalore,Food,2026-02-03 14:49:40,0
f3e5118a-ab0d-4f11-b577-0452d37805ee,77,6744.18,Kolkata,Groceries,2026-02-03 15:26:34,0
b37d8da8-e93a-4edc-8e87-69c0f679ed15,94,2997.49,Bangalore,Clothing,2026-02-03 15:47:37,0
f57ecb8e-4cf8-4b40-9fd6-d1df721990e8,423,9565.32,Bangalore,Clothing,2026-02-03 15:53:44,0
d9af7bf4-4e52-46c8-93c6-fffe53cec5c5,109,10037.22,Hyderabad,Food,2026-02-03 15:58:48,0
8271bbba-f96f-4a1b-a4b3-b66b51b795ed,154,3063.36,Bangalore,Groceries,2026-02-03 16:32:19,0
45b81441-4596-4eee-b928-9cda8c4513c4,28,6601.0,Kolkata,Groceries,2026-02-03 16:36:26,0
9d23c3cf-7e1f-48c4-a9d6-290df4adfa22,447,2512.92,Hyderabad,Clothing,2026-02-03 17:22:09,0
95d12c70-d5b0-4c12-b31d-40e209673567,152,3248.09,Mumbai,Groceries,2026-02-03 17:23:22,0
cad6d3ef-cae2-4489-b7d8-e0869110c9fd,90,4251.26,Kolkata,Food,2026-02-03 17:26:17,0
d8cf6e23-f591-4e59-a9c0-303822cd1168,247,7828.85,Kolkata,Clothing,2026-02-03 17:45:39,0
8be07309-5d40-4ce8-a301-65defa9331eb,422,6103.26,Chennai,Clothing,2026-02-03 18:13:52,1
c2bde805-0c48-4217-9d54-949661a651c5,467,2105.65,Pune,Clothing,2026-02-03 18:33:38,0
430d741a-85c5-4b09-a812-4d3df4c88b1d,40,693.94,Mumbai,Food,2026-02-03 18:40:26,0
ed3f3aff-8237-4bd0-87e5-55c17dfcb03a,353,1215.84,Hyderabad,Groceries,2026-02-03 18:53:22,0
85514ed6-1c00-4740-938f-aa8eecae4832,232,3346.9,Bangalore,Clothing,2026-02-03 19:13:11,0
1973f264-81fa-4644-8775-1bd41ee55227,93,877.34,Mumbai,Travel,2026-02-03 19:35:59,1
eb6db35f-2950-44bb-b3c8-e316244226d7,441,5793.87,Jaipur,Electronics,2026-02-03 20:16:08,0
a9a4de81-ed5b-4d52-bfd0-ea2a904fda43,159,9536.31,Bangalore,Food,2026-02-03 20:30:51,0
5f30e7b8-fb1c-4fb4-8a72-280eea829a85,476,4001.51,Kolkata,Clothing,2026-02-03 20:58:56,0
8d5b3f8b-1137-4e40-a1c1-fba2015e560f,429,5287.82,Bangalore,Groceries,2026-02-03 21:13:20,0
cf4180b1-b7e8-40a4-b6a7-581e4f171a4e,342,7043.9,Chennai,Groceries,2026-02-03 22:10:26,0
7e6226e9-6787-4ea5-bfac-1bc1251b7aea,24,3547.34,Kolkata,Groceries,2026-02-03 22:17:47,0
6f0ebf80-cdf8-463d-a8fb-d881d58284be,370,10621.05,Pune,Electronics,2026-02-03 23:58:14,1
c2f446f4-411b-4399-a8e6-f528006bfc3a,40,4264.96,Mumbai,Groceries,2026-02-04 01:57:10,0
f01f7382-e4fa-42c2-b398-e4fc59dd9452,437,11824.47,Pune,Food,2026-02-04 04:15:51,0
0e72f8df-f38d-406a-a247-17f99d62c05d,386,10568.48,Delhi,Clothing,2026-02-04 05:48:38,0
84440efa-9f25-44d2-b68b-08536069065c,468,26368.11,Bangalore,Travel,2026-02-04 08:23:19,1
04f299ef-c26c-4636-a316-4f25e22f8d1a,456,4830.5,Delhi,Food,2026-02-04 09:03:27,0
208d3d09-7e3a-413a-8c2f-be1d3d6a9e9c,162,35682.17,Bangalore,Electronics,2026-02-04 09:18:15,1
a9c55ff9-9dd0-4b9c-ac14-52b48bc1163c,50,3323.35,Mumbai,Food,2026-02-04 09:50:14,0
ee887f49-0b95-44bb-af50-1e71ca3f4357,42,2620.38,Kolkata,Groceries,2026-02-04 10:02:31,0
71cce9ff-0a54-4465-8687-48f7f80fd08d,383,23891.25,Bangalore,Food,2026-02-04 10:15:49,0
13d328fe-9a51-4a3f-bd60-01ceb5c9f26a,147,5513.46,Jaipur,Food,2026-02-04 11:20:46,0
0d2c55f1-3e9e-498c-805e-92847eeaf075,397,4702.99,Jaipur,Food,2026-02-04 11:32:26,0
adb19a9b-dc0c-4fc9-a534-faaa7c6bc671,77,4021.15,Kolkata,Food,2026-02-04 11:33:53,0
7800e27a-9ace-43cc-989c-83f68098580d,316,7387.11,Kolkata,Clothing,2026-02-04 11:43:01,0
12456efb-cb4d-4a66-99cb-0881a31de68a,336,7470.59,Jaipur,Clothing,2026-02-04 11:44:46,0
720f2288-0760-4502-b39f-51c3490ec6f3,145,6179.47,Pune,Clothing,2026-02-04 11:48:38,0
318c6ee8-f1c8-4a37-a3d3-59b81c84f34f,487,28516.41,Pune,Electronics,2026-02-04 12:41:23,0
55ad6655-4b94-43d9-969f-915e59828abf,468,7426.65,Bangalore,Food,2026-02-04 12:51:12,0
ce21e01c-1d6f-4a80-9508-b722785329a9,132,5257.5,Mumbai,Groceries,2026-02-04 12:52:31,0
dcaed202-13ca-4714-a3c3-cdc612b98a79,323,7978.87,Bangalore,Groceries,2026-02-04 13:26:09,0
19916116-3aa4-4cd6-b3f7-31b713759f4a,397,6839.65,Jaipur,Food,2026-02-04 13:39:50,0
889c0299-7a19-42f3-b86a-76b1c7f06fea,484,4750.7,Pune,Clothing,2026-02-04 13:49:37,0
f717909b-3651-497a-9c78-8b435ef43ea4,358,8338.55,Pune,Travel,2026-02-04 14:11:32,0
a6601381-76f3-4ab6-b35b-811abbed3411,368,3176.95,Bangalore,Groceries,2026-02-04 14:29:59,0
00fc21fd-8ffb-4c0f-8587-29f37c03af35,228,1798.36,Bangalore,Food,2026-02-04 14:37:19,0
acd32f62-960f-49fc-b6a6-46ee8dd7e052,59,5631.4,Hyderabad,Groceries,2026-02-04 15:01:26,0
f1a19dab-7303-4903-8274-9f61431b9f9f,240,8697.51,Chennai,Food,2026-02-04 15:12:23,0
52af891a-9639-42b7-b79d-7db423caef2f,381,9303.57,Pune,Clothing,2026-02-04 15:16:02,0
bc9d6d7f-4d96-45cb-9cc1-d21187cb58fc,382,7351.87,Delhi,Food,2026-02-04 15:22:05,0
5fc192a3-c083-4277-8927-9de77de7920d,3,6416.84,Hyderabad,Food,2026-02-04 15:23:54,0
7804b7be-4cfa-4607-8034-02c6929a097e,426,11111.78,Chennai,Food,2026-02-04 16:25:30,0
add28dc7-1415-496f-b5c3-1837d4611d95,19,10033.39,Jaipur,Food,2026-02-04 16:55:28,0
c1df6079-3223-45fb-81dd-c3fd0ed4247c,423,24553.3,Pune,Groceries,2026-02-04 17:30:05,0
46c3c90c-c92e-4e01-9402-3a93a4c688ec,163,2236.83,Chennai,Food,2026-02-04 18:04:22,0
1f462f03-55bf-4a6f-b6f1-002a1acec4e9,62,11182.85,Chennai,Clothing,2026-02-04 18:09:04,0
2559506f-ca69-4526-8810-88d8939806fa,193,7110.88,Pune,Groceries,2026-02-04 18:51:33,0
6b8d8642-8021-4c15-9404-211d97e3e23f,452,3239.15,Hyderabad,Food,2026-02-04 18:53:42,0
e99e9370-ede4-4cf0-bf35-3843d25bb219,357,3849.06,Bangalore,Clothing,2026-02-04 19:04:20,0
cb7b4883-f389-46be-897f-24ecd61aa612,447,3794.47,Hyderabad,Clothing,2026-02-04 19:14:22,0
0c8f814f-652c-4e28-a1ee-9638d1239f58,50,6500.42,Mumbai,Groceries,2026-02-04 19:15:21,0
0a88bdd7-cdf3-42f9-aa6c-fab9dffbad37,92,3106.69,Jaipur,Food,2026-02-04 20:14:00,0
2c78644f-d860-45a2-bdd5-b0f8d6d744fd,124,9515.72,Jaipur,Food,2026-02-04 20:14:36,0
00c818ba-a210-4d25-b92c-5f423f203c22,485,4735.96,Jaipur,Clothing,2026-02-04 20:17:45,0
994e594e-8785-4fc6-b0cb-2492673ed606,115,4331.55,Delhi,Clothing,2026-02-04 20:22:49,0
844d1991-b40a-422e-bb91-beaa7cff0d7d,489,42834.49,Pune,Utilities,2026-02-04 20:42:33,1
694a88d1-e1b6-4bea-b19a-7f7d9bb7501b,258,3232.78,Pune,Food,2026-02-04 20:44:50,0
05e9f407-daad-40b1-af13-2a6d2ad55c0b,150,4805.92,Chennai,Food,2026-02-04 20:55:23,0
6f26324b-3740-4af1-be99-1651d50624d6,342,9459.93,Hyderabad,Food,2026-02-04 21:14:42,0
1450b807-4e0e-421b-9d26-f1604817c190,405,1431.63,Chennai,Groceries,2026-02-04 22:29:27,0
c0e4f44d-0101-48e9-b7f1-ee38cc454c0b,303,6249.5,Bangalore,Travel,2026-02-04 22:41:15,0
b4508610-f17a-47a9-a43d-116d4563abbe,61,3356.28,Delhi,Clothing,2026-02-04 23:35:32,0
644a9c55-aaf7-421f-85c5-e5808eb4faa3,275,12321.74,Chennai,Travel,2026-02-04 23:51:35,1
cce44ed9-e82c-4fd9-b1d5-aea543e6b71f,56,7724.04,Kolkata,Food,2026-02-05 00:51:57,0
f7e53755-0986-4425-809a-594908923f0c,61,16145.88,Delhi,Clothing,2026-02-05 01:15:45,0
e96a5228-1fdd-407f-8d8a-0f07ad328e36,122,3933.37,Bangalore,Utilities,2026-02-05 03:01:11,1
d6e087af-c962-49ef-9cb4-29336a83f667,457,5374.75,Delhi,Travel,2026-02-05 04:31:29,1
5663bf05-e15e-4f09-8dbb-fe6c59358c39,346,31173.13,Pune,Utilities,2026-02-05 05:24:04,1
9e944384-5516-49b6-9306-6a39441cccb8,61,2958.96,Delhi,Food,2026-02-05 05:31:16,0
2caeef83-b1bb-4f1f-a515-a2c21e342c86,400,1262.26,Delhi,Food,2026-02-05 06:43:36,0
c6a28e4e-002f-4ca4-b43e-85315dfb1922,240,7224.29,Chennai,Groceries,2026-02-05 10:04:33,0
73c7fd75-1bb9-4499-b6ee-a1cf8becc264,288,10901.22,Bangalore,Clothing,2026-02-05 11:24:01,0
2b94906d-d252-4321-8f64-710a5dbffb1f,265,4921.68,Chennai,Groceries,2026-02-05 11:26:09,0
50924b7f-971d-4716-b8dc-2be1d8338894,101,11831.16,Pune,Groceries,2026-02-05 11:36:02,0
ade66d02-8e06-4a33-98a0-49b2db5d3744,293,6387.02,Kolkata,Clothing,2026-02-05 11:45:06,0
3fc4f4d0-d1d5-4a53-9035-dd193cad3401,244,6968.92,Mumbai,Clothing,2026-02-05 11:57:08,0
01877510-f6f9-49a8-a66c-5839e307b437,386,4143.22,Mumbai,Clothing,2026-02-05 12:15:54,0
9e9a3e83-9a4e-46fc-b9a0-e72710e29558,89,11009.8,Kolkata,Utilities,2026-02-05 12:16:27,0
9432d797-94f6-467a-9009-550707fc584e,431,1766.02,Mumbai,Clothing,2026-02-05 12:46:56,0
b1e93b1a-34b5-49be-9b19-de67bc3a8abb,251,8797.29,Delhi,Clothing,2026-02-05 12:49:18,0
cf6d2a9d-a72d-4bf4-884d-16c04021a347,487,3074.2,Pune,Groceries,2026-02-05 13:36:25,0
273fd952-fe77-49f9-8533-4baf222b8537,484,4126.25,Pune,Clothing,2026-02-05 13:46:55,0
2c11e260-f74f-42b9-bdbf-27b019917aee,487,8019.57,Pune,Groceries,2026-02-05 14:20:20,0
72730e7b-7f9a-4277-9b49-6e6d1688782f,170,2750.21,Jaipur,Food,2026-02-05 14:52:15,0
9ca3fbb3-ff11-48ba-b6ee-1640723ef466,333,1450.04,Delhi,Groceries,2026-02-05 15:33:24,0
946de7eb-5149-4bee-9c39-ae23162a895f,182,8050.99,Bangalore,Groceries,2026-02-05 15:34:58,0
2635a5ad-1476-4010-a117-4c66aa515063,454,7269.92,Kolkata,Food,2026-02-05 16:09:08,0
62111f63-9ca6-4d0e-aef1-607203e2aeb7,418,8136.41,Pune,Clothing,2026-02-05 16:22:36,0
df0fea06-bcbd-4eeb-8eab-2f76f776f4e8,111,6807.55,Delhi,Food,2026-02-05 16:37:41,0
68ea0d22-6c18-4782-ae96-f611e00c04a3,314,6369.47,Chennai,Clothing,2026-02-05 16:44:12,0
10fb20d2-1904-474e-8d06-d7b892de882b,287,58045.25,Bangalore,Travel,2026-02-05 16:45:12,1
039479c1-c363-461f-9400-9191d1d06bcd,434,4239.25,Jaipur,Groceries,2026-02-05 16:49:46,0
b86ad0f8-fa33-4ec0-ad99-35f016236b47,375,635.89,Mumbai,Food,2026-02-05 17:04:51,0
953b0f1f-ea3e-472a-8f22-1604d46b7756,45,4302.22,Bangalore,Clothing,2026-02-05 17:12:33,0
312f0c12-4c4c-43d0-93da-b73b80e46e2b,406,1784.62,Hyderabad,Clothing,2026-02-05 17:14:12,0
c351c359-6739-4010-b9dc-86a923c560d2,327,10759.05,Chennai,Clothing,2026-02-05 17:18:25,0
7ff72b20-97ee-4179-afd0-63d635dde534,245,8845.57,Pune,Clothing,2026-02-05 17:52:12,0
0f4634ef-f98b-45df-8457-af4052da47ac,399,11275.29,Jaipur,Groceries,2026-02-05 18:08:10,0
5f2bfb03-479e-4614-8cda-8910525c7256,334,353.82,Chennai,Clothing,2026-02-05 18:37:39,0
6fbe5698-f150-4003-a550-3df5a8ac3e8c,216,9171.39,Hyderabad,Food,2026-02-05 18:45:53,0
3d8d99fc-b643-468a-9086-339500db44b5,105,2016.51,Mumbai,Clothing,2026-02-05 18:53:31,0
dbf4437c-b7b3-4950-97a2-1432931f330c,349,11209.1,Pune,Clothing,2026-02-05 19:10:49,0
1d015e72-6f4c-43d1-8148-6eb519730453,399,17292.17,Jaipur,Utilities,2026-02-05 19:20:04,1
a6685e80-f16d-4fe8-ac50-4475a4165dd1,374,8167.95,Kolkata,Food,2026-02-05 19:43:34,0
42a30532-5089-4f61-b840-6a76089b1373,135,3987.04,Mumbai,Groceries,2026-02-05 19:44:46,0
75912faf-2a6e-4a4c-87aa-dc66c1b9f9a5,413,5101.39,Kolkata,Clothing,2026-02-05 20:14:10,0
6f3312ce-71e7-4c0c-b0a2-302345a937a9,220,2216.33,Jaipur,Food,2026-02-05 20:15:33,0
327549f1-44d8-48a8-bcea-71e50128e7a4,194,6908.0,Delhi,Groceries,2026-02-05 20:22:43,0
f1abf7a0-cd59-4b8c-a362-7835555df8c6,219,3944.34,Pune,Clothing,2026-02-05 20:24:22,0
7f331ead-2808-4c29-a55e-d31a72e63b3e,153,5174.6,Kolkata,Clothing,2026-02-05 20:24:43,0
e952584b-0807-4020-97d9-896495cc4560,386,3295.41,Delhi,Electronics,2026-02-05 20:25:00,0
22be2e23-0ba9-4532-8f94-f54557d90d12,475,10921.04,Pune,Clothing,2026-02-05 20:26:26,0
be065bbe-37aa-4053-a035-621ad6a01a22,302,11186.83,Delhi,Groceries,2026-02-05 21:01:52,0
1448b067-cbed-4db9-92c2-ef31be0a3d76,74,6385.21,Hyderabad,Clothing,2026-02-05 21:03:41,0
fefb4d28-5d7d-4236-b821-a40522803be7,439,5781.87,Delhi,Groceries,2026-02-05 21:07:17,0
d3f04058-2717-4e59-9548-f613cf69ef2d,64,8507.61,Jaipur,Groceries,2026-02-05 21:13:31,0
89a29dad-5422-4d6d-8454-d1a5d4d8c52e,391,6158.86,Bangalore,Food,2026-02-05 21:20:48,0
e6d1fe21-e51b-4fff-97aa-3aee0dc20df3,36,3650.21,Bangalore,Clothing,2026-02-05 21:26:33,0
3155cb64-604d-456b-9c91-46373997bfda,76,9952.67,Kolkata,Travel,2026-02-05 21:54:02,0
6f02eb0d-f67e-4ec9-842f-2c4b609629e6,175,6153.04,Mumbai,Clothing,2026-02-05 22:17:18,0
e1e669e5-c055-4921-a35b-8f49823483a8,323,10232.88,Bangalore,Groceries,2026-02-05 22:31:13,0
1679bbe0-2323-4416-a82c-ae186491982b,257,7546.93,Mumbai,Groceries,2026-02-05 22:52:01,0
ffc0ff69-5ae1-40d2-b9ad-b171569c9898,345,2748.22,Hyderabad,Food,2026-02-05 23:05:19,0
24ed5794-de02-4d2c-93a7-a2f533ae30e9,337,26289.54,Kolkata,Electronics,2026-02-05 23:05:34,1
8a32699a-14ce-4627-89ab-086a90826954,451,1713.92,Chennai,Groceries,2026-02-06 00:00:52,1
65e653b9-413d-44e0-9363-3d858eea2b85,451,7903.17,Chennai,Food,2026-02-06 00:03:52,1
89ea0125-d208-4692-b1cc-56af5435b8a7,451,2007.28,Chennai,Travel,2026-02-06 00:09:32,1
a69ed347-3fbe-425d-94d9-85c6436f8858,451,41685.64,Mumbai,Utilities,2026-02-06 00:12:22,1
665463ad-0a00-4974-a8b8-2a4aed1cec0d,451,49991.1,Chennai,Utilities,2026-02-06 00:14:25,1
ad686f63-cdaa-447b-bcec-9729d409a2d2,22,11457.94,Chennai,Groceries,2026-02-06 01:51:56,0
a67c1311-435d-4233-99e2-29a16d1a9231,456,14278.6,Hyderabad,Clothing,2026-02-06 02:00:34,1
53653eaa-70e3-418b-8148-774df6117428,100,9432.13,Pune,Clothing,2026-02-06 03:18:25,0
f679d544-5acf-414a-a834-fb5be879c9a6,15,6814.09,Bangalore,Groceries,2026-02-06 04:02:41,0
02306382-8644-433e-bc8b-6970730d2c44,329,23819.57,Mumbai,Food,2026-02-06 07:55:53,1
ac868c19-832f-4f67-b320-7444fb3d4749,158,2121.41,Mumbai,Food,2026-02-06 08:47:31,0
4d6f3ca7-567d-42aa-a9ed-ad76d6346a4d,234,21327.6,Delhi,Electronics,2026-02-06 08:50:07,1
870b230c-eb04-4ecb-8891-4b26e5551570,11,30666.11,Bangalore,Food,2026-02-06 08:58:29,0
7e39a37c-6d68-4a1c-b619-8d800eae0439,34,4947.47,Kolkata,Clothing,2026-02-06 09:39:30,0
3ebc5194-49d5-441d-ba43-c7bbc48eca3f,83,3461.87,Hyderabad,Food,2026-02-06 09:59:59,0
d9815a41-e1cc-433c-9838-d1688d3a5b2d,444,7328.86,Hyderabad,Utilities,2026-02-06 10:20:48,0
7ca08cde-4dbb-47cd-a9a0-99deaa10e595,178,199.19,Kolkata,Groceries,2026-02-06 10:29:43,0
97205b7b-2dce-4ef0-a7be-d4177c97b3bb,36,5212.76,Bangalore,Clothing,2026-02-06 10:39:54,0
3ce5988c-7e53-4702-a1f8-d1929ba4d5a6,229,1498.89,Jaipur,Groceries,2026-02-06 11:00:39,0
c33a1f6c-1d69-4fba-9e18-7b248e676a01,496,4284.59,Mumbai,Clothing,2026-02-06 11:09:42,0
a0a11839-e745-4704-98df-bc3ca0d4de3d,427,2838.41,Delhi,Groceries,2026-02-06 11:40:12,0
923382ab-b971-47c1-95c6-663ae5755c10,207,1471.63,Jaipur,Electronics,2026-02-06 11:46:38,0
d284b528-b091-4fb7-b17f-3f92d26aa790,18,6259.55,Bangalore,Groceries,2026-02-06 12:00:19,0
d5694a38-36ac-4970-afe6-052b136ac2c8,19,910.84,Jaipur,Food,2026-02-06 12:15:04,0
f7f199e1-f5dc-4f5f-b04c-6cda36a1e8cc,8,5941.02,Delhi,Food,2026-02-06 12:26:27,0
7e35f431-12e9-416c-a3cc-975a7b59a1f4,383,11182.5,Chennai,Clothing,2026-02-06 12:27:27,0
b8398731-ec09-42f2-83e0-f9f0e579b25e,32,10723.22,Mumbai,Groceries,2026-02-06 12:35:53,0
b1a9a576-3411-4ce8-8ffc-e678d13a785c,483,1276.69,Hyderabad,Food,2026-02-06 12:53:17,0
c13ed0d3-823a-4b12-96ba-f0f28d5a9549,61,5323.11,Jaipur,Groceries,2026-02-06 12:58:16,0
4c015404-6764-484e-81a2-4ee20e07ac8c,56,12162.86,Chennai,Electronics,2026-02-06 13:44:43,1
567351cb-3934-4843-9739-d3a370033ea7,332,7669.98,Pune,Groceries,2026-02-06 13:55:23,0
9c2a4c35-9599-4a6f-b3d8-dee6c0684c4e,294,10146.26,Delhi,Groceries,2026-02-06 14:04:25,0
d2ef5ed9-7e76-47b7-bdfc-ec1cc1d78eda,232,10464.22,Bangalore,Clothing,2026-02-06 14:13:49,0
884bfa8c-e359-4ee9-ad41-1244ff79f0f4,44,5964.92,Pune,Clothing,2026-02-06 14:43:32,0
511367d5-b3a7-459f-ab41-90c5382e50f0,33,13109.82,Kolkata,Utilities,2026-02-06 15:41:18,1
bf9bacae-f0f0-4856-8682-ec28cfb489f5,272,2688.42,Hyderabad,Groceries,2026-02-06 15:48:52,0
fd065ff1-0e65-47ad-b4d6-08623f9d4a7f,10,16549.86,Bangalore,Clothing,2026-02-06 15:51:06,0
db32ff5c-16c8-4a74-8a2e-96247e19afe7,253,11215.59,Jaipur,Groceries,2026-02-06 16:06:10,0
d709acc3-0461-444d-a0f9-85d86025cf7c,47,26167.73,Kolkata,Food,2026-02-06 16:08:59,0
49289254-ef70-45b1-a231-a0ebde43e8dc,259,7829.49,Mumbai,Clothing,2026-02-06 16:35:46,0
ffeae7f5-c3d5-4ee0-9645-864a3965b77d,165,33083.8,Chennai,Groceries,2026-02-06 17:38:21,0
16187c53-41c7-4191-9e7e-0704fc6c12c8,134,8218.03,Mumbai,Groceries,2026-02-06 18:09:38,0
7cf4437e-0d33-4e35-a25b-0887580d806b,304,22561.66,Kolkata,Travel,2026-02-06 18:48:00,1
07a75ee9-cea1-4b7f-a303-a0f474ef052c,438,2642.11,Jaipur,Groceries,2026-02-06 18:49:55,0
40adbe1d-a8d1-4eb0-a47f-7b58e6915476,301,11764.59,Mumbai,Food,2026-02-06 19:41:52,0
17664a5a-f24e-4477-af51-5686a88db0f3,71,4237.61,Chennai,Clothing,2026-02-06 19:53:55,0
f390ca5d-4bfe-4fa6-8037-9b0c37e9df35,475,11540.84,Bangalore,Clothing,2026-02-06 20:25:56,0
3360d07d-bc1e-4de2-a92b-6788bfa1ec07,95,4309.11,Bangalore,Food,2026-02-06 20:42:26,0
6233960a-1b1e-46c3-8cea-af73aced4d55,412,2138.17,Chennai,Food,2026-02-06 22:21:34,0
f9606ca3-16c7-4b1a-a826-fac73a8c8ed5,410,5032.51,Bangalore,Clothing,2026-02-06 22:24:53,0
be91b54c-815a-4c51-a78a-4b974ecc4285,241,4327.09,Bangalore,Food,2026-02-06 22:41:25,0
a52c745d-1c78-42f6-814f-cc5e1b917589,311,3654.55,Bangalore,Clothing,2026-02-06 22:56:57,1
778d817b-9f47-4d7c-a47a-884be7ed2748,203,8457.65,Mumbai,Groceries,2026-02-06 22:59:17,0
8f7763e0-5982-4a44-9573-68cf0ba56050,363,118.81,Pune,Food,2026-02-07 01:47:54,0
723b80d4-23ef-4561-839e-7623c1d841d3,439,6063.37,Delhi,Groceries,2026-02-07 05:32:00,0
008f90ae-2b4f-4899-b6af-127a23f42dd3,346,8940.39,Mumbai,Food,2026-02-07 08:06:32,0
b5d981f6-12e6-4372-8719-73b765e887f4,119,2570.77,Chennai,Food,2026-02-07 08:11:41,0
dc0aa72e-8321-4d53-ae0c-d662019ffde2,88,5420.68,Pune,Clothing,2026-02-07 08:19:06,0
f0cf9d73-e812-4ef0-b9c9-c839c8ef0377,255,5080.93,Pune,Clothing,2026-02-07 08:37:45,0
34077faa-7801-4d81-a8ca-fb6bbe9710e5,375,7335.03,Bangalore,Food,2026-02-07 09:00:51,0
1b2bae11-d0b3-43f2-8d0e-1789780f3182,467,8069.32,Hyderabad,Clothing,2026-02-07 09:05:02,0
f3c7f5f2-0dd1-4aa2-9956-6b19321e746b,99,1137.16,Mumbai,Clothing,2026-02-07 09:12:15,0
dc7f8ec3-7088-4b92-9705-2ee6b1687434,286,8366.25,Hyderabad,Food,2026-02-07 09:20:14,0
db30e078-c435-4ad5-8046-75c7c87533e5,284,7833.52,Hyderabad,Food,2026-02-07 09:37:32,0
d1e38b26-54d6-47a8-bbb7-acd2ac33f5c1,143,11542.18,Chennai,Food,2026-02-07 09:38:37,0
5dc48d40-b834-423b-bdf4-80b7e597f43b,411,10852.43,Hyderabad,Clothing,2026-02-07 11:02:19,0
496e756d-f790-43f0-8878-cc30fcd3c9cd,435,100.93,Kolkata,Clothing,2026-02-07 11:38:34,0
e953ab78-dd8f-4010-b58f-56a031116b6a,388,603.6,Pune,Clothing,2026-02-07 11:46:43,0
0c37eb80-918b-4e18-8ba4-af256d7fd4e2,43,1042.28,Chennai,Clothing,2026-02-07 12:09:08,0
7b6ef5d2-31b5-4390-a81a-1d16129226f9,395,180.06,Jaipur,Clothing,2026-02-07 12:31:16,0
9beb8455-bafa-4035-b858-6a0386a4ef70,302,3998.99,Bangalore,Food,2026-02-07 12:37:59,0
6bb17a8b-26c1-48f2-ab1c-0430df114270,240,10591.62,Chennai,Groceries,2026-02-07 13:28:16,0
cf731584-b7dd-4ccf-97f4-94b52a3d3bca,452,33007.22,Hyderabad,Food,2026-02-07 13:40:05,1
8a9ed16f-bd23-41ad-945c-e2cf312dd27a,341,3371.75,Bangalore,Groceries,2026-02-07 13:40:32,0
25ee3dfd-6cc1-4a4d-9041-1dec6ab9ba0f,246,1290.23,Chennai,Groceries,2026-02-07 13:42:17,0
6cd9dc3f-7123-4c96-8f1c-a02164315fc2,15,2659.76,Bangalore,Groceries,2026-02-07 14:03:35,0
44fbb5b9-c9e5-4194-b746-682ad4e73adb,84,4789.96,Chennai,Food,2026-02-07 14:08:00,0
1ab7f3ba-4028-4391-9df2-fc73f84cd398,82,7611.76,Delhi,Groceries,2026-02-07 14:15:16,0
364f1efd-1ad8-45b4-934b-c67eb206aab0,167,2278.66,Jaipur,Food,2026-02-07 15:00:03,0
0f97f401-1051-4316-a976-86778f8b5cae,405,3418.17,Chennai,Groceries,2026-02-07 15:08:23,0
f02cddd2-81a7-4180-84e0-a18835aaa1ea,400,10000.6,Bangalore,Travel,2026-02-07 15:49:46,0
cdbbbc7a-a48a-4be5-a0d0-dacc6a1917c8,341,6876.84,Pune,Groceries,2026-02-07 15:58:46,0
6acfe5e3-6339-42d3-995f-33f537e6a5ed,289,10993.35,Pune,Groceries,2026-02-07 16:11:13,0
1cf1c734-f51d-4d4c-987e-a63c6de10032,336,9222.8,Jaipur,Clothing,2026-02-07 17:01:21,0
639fc4c6-b0cd-4b41-a49b-6445d46a312f,6,8993.92,Chennai,Food,2026-02-07 17:16:39,1
b04816fd-fd86-4a13-809b-d8134f13823b,75,6048.01,Mumbai,Food,2026-02-07 17:18:09,0
ec5b9593-fb07-407f-8299-0524b0a50755,137,9902.17,Delhi,Clothing,2026-02-07 17:51:50,0
b55e8dd5-96c2-4ce6-a025-a26eee576a97,51,1130.59,Pune,Clothing,2026-02-07 17:53:18,0
a393d432-0ba6-4d79-af16-c754d90b5e44,346,8939.68,Mumbai,Food,2026-02-07 18:06:48,0
f069a543-769d-474e-ab34-73a49ca6cfec,469,766.62,Chennai,Groceries,2026-02-07 19:18:43,0
b85a74cd-bf2b-40e4-ad55-169f54867db3,73,2533.1,Pune,Food,2026-02-07 19:23:33,0
6d9222bb-b624-4283-abb4-5123f81d4272,315,4297.65,Bangalore,Food,2026-02-07 19:58:06,0
5efb336e-2f54-4033-a334-fa2a8b4bd7e7,327,5735.49,Chennai,Clothing,2026-02-07 20:25:30,0
aa0e0c70-f104-41ef-9580-ddc14eed751a,131,7165.2,Chennai,Clothing,2026-02-07 20:41:32,0
905c3fd9-2c5d-449c-8f8c-61b998d788d9,42,5730.82,Kolkata,Travel,2026-02-07 20:43:40,0
650c5ea2-1f47-4751-b579-0849e22bc2f8,30,11006.18,Mumbai,Groceries,2026-02-07 20:52:22,0
3ca72cb2-d4cb-4420-b1bf-e0c4cb14b5e2,355,1072.64,Hyderabad,Clothing,2026-02-07 21:00:20,0
fa902bfb-a845-4723-8992-4e2d0400e249,314,781.43,Chennai,Clothing,2026-02-07 21:22:14,0
253c4262-8efb-4a99-80d6-369ffbf96d27,100,37192.29,Chennai,Electronics,2026-02-07 21:35:04,1
09f81e6f-1997-4851-9484-2b4d4f4cea72,69,4464.53,Bangalore,Clothing,2026-02-07 21:44:22,0
9175d729-9b8a-48d6-8b92-76cb990551c2,95,10288.19,Mumbai,Groceries,2026-02-07 22:05:58,0
63e07207-113c-4009-9cff-77c550e5b83b,78,9168.24,Chennai,Groceries,2026-02-07 22:30:44,0
0a5fcede-7a23-41bc-8d36-192983373b02,52,4271.61,Hyderabad,Groceries,2026-02-07 22:41:55,0
8864d32c-b32d-442a-9443-c6c9c0ff8a48,387,3887.12,Hyderabad,Clothing,2026-02-07 22:44:19,0
bee78217-ea31-403b-ba0e-4b77645bb0df,368,42237.56,Jaipur,Travel,2026-02-07 23:59:28,1
aba4fc03-5efa-4c5b-b421-ff46637e4b01,359,1488.44,Kolkata,Clothing,2026-02-08 00:19:31,0
1f1c0b97-c9b9-47f3-8379-56f8eb8acd15,40,2793.73,Mumbai,Groceries,2026-02-08 01:58:34,0
9555fba1-cf6b-407d-bacc-78f80df4495a,153,5195.54,Kolkata,Clothing,2026-02-08 04:37:32,0
418a775e-e8fb-4d3e-9d59-61403796b4ae,318,2460.66,Delhi,Clothing,2026-02-08 05:07:29,0
3f8b94ca-312d-4c0b-9438-ceff61b7461d,61,3220.93,Delhi,Clothing,2026-02-08 05:47:09,1
4bb64f5a-b74d-49e0-881b-0b205f0c3ee5,25,4946.06,Hyderabad,Groceries,2026-02-08 06:14:32,0
6894520a-a683-45d8-a242-2489c5ec796d,201,2960.02,Hyderabad,Clothing,2026-02-08 07:30:23,0
496cc03a-06fd-41e6-9fd3-3d40bcc4f0db,306,6808.1,Pune,Food,2026-02-08 07:37:10,0
363b4b94-9e1f-4f1b-80f7-b844c7cf9be2,127,52990.99,Kolkata,Food,2026-02-08 08:10:58,1
779ee330-6ded-43f8-9d60-cc7341b74316,337,4740.18,Kolkata,Food,2026-02-08 08:14:56,0
408eff3d-cdba-4621-9a62-a307d753ba99,301,2596.29,Mumbai,Food,2026-02-08 08:23:10,0
4f303331-5bfe-4588-aef2-dd6ef4143104,41,4254.46,Hyderabad,Food,2026-02-08 08:24:40,0
04bc969a-452f-43c9-befd-b8dae5d6ab9b,408,3523.2,Chennai,Food,2026-02-08 08:40:30,0
ac81ae9b-3257-43d5-a0bb-37ad7a62e1a7,438,4568.07,Jaipur,Food,2026-02-08 08:48:43,0
b749d03f-833a-46a4-a034-7370c577c9e7,411,10713.7,Pune,Clothing,2026-02-08 08:49:37,0
fa2f558b-188c-4153-9950-18fb97125512,294,3227.82,Delhi,Food,2026-02-08 09:34:09,0
af12011a-fa28-4214-b378-1d0f314754c0,316,6134.71,Kolkata,Clothing,2026-02-08 10:26:54,0
d2fb1ec9-aa53-4f33-85bc-244a06ba77ae,143,3806.84,Chennai,Food,2026-02-08 10:37:09,0
2bcd0cff-f452-4ae2-947e-63b9105dd48d,110,10697.61,Bangalore,Food,2026-02-08 10:40:39,0
45ea95d4-686a-4229-a8eb-ee25fa8c3f0e,273,7542.97,Pune,Groceries,2026-02-08 11:32:07,0
966da436-db67-4c19-881a-b64e5a0a3790,343,7724.79,Pune,Food,2026-02-08 11:32:59,0
bbdcdd1f-343b-49ce-9d63-734cc75e769c,222,862.65,Chennai,Groceries,2026-02-08 11:36:03,0
d85f18ce-8b37-4aed-afbc-f4847951ec7b,341,4354.0,Bangalore,Groceries,2026-02-08 11:44:29,0
8b5ec0e5-dd2a-4f59-82bf-e362d9c9cfe5,137,10922.92,Delhi,Clothing,2026-02-08 12:01:56,0
f71b9634-deac-44ca-b50b-2226587a536e,267,10829.28,Hyderabad,Groceries,2026-02-08 12:36:17,0
39873b7f-b79f-451d-b045-c38cc52c7f93,31,9367.75,Pune,Clothing,2026-02-08 12:41:02,0
8ec70dca-fb07-4fa5-9d62-e6bf37b9491b,229,3619.7,Bangalore,Travel,2026-02-08 12:45:16,0
bdae8eff-683c-410e-92ef-a93be9d6bb7e,69,5373.02,Bangalore,Clothing,2026-02-08 12:46:26,0
e59a3a64-a9ad-4897-9a6d-f5cebd339897,59,10516.45,Hyderabad,Groceries,2026-02-08 12:57:04,0
8186eed6-4ca8-463f-8e65-ac31734d73fc,385,8676.29,Pune,Groceries,2026-02-08 13:13:39,0
eed4db89-8010-4995-bc06-e86b922b4fb2,309,10816.84,Chennai,Groceries,2026-02-08 13:42:42,0
b95f45e0-e029-4295-a4e8-315162b7f150,30,6065.58,Mumbai,Groceries,2026-02-08 14:18:41,0
cbf925b5-6418-46b7-bf2b-43b422e9e527,352,3450.06,Mumbai,Food,2026-02-08 14:25:52,0
1899f328-ee31-484f-99f0-320bc3fcf60d,185,7058.77,Pune,Clothing,2026-02-08 15:05:11,0
3ca54f38-a4d6-45d4-b59a-a7b57447d77c,67,8899.87,Chennai,Food,2026-02-08 15:07:02,0
5416f272-f1ed-4676-acb2-8e38c48ca510,355,5236.03,Hyderabad,Food,2026-02-08 15:15:09,0
27c17c4a-0b17-4746-bfd9-d256bfadf4fc,389,39049.11,Bangalore,Utilities,2026-02-08 15:51:31,1
ddd62795-84be-45c1-a4f2-9f6739097369,176,5603.03,Mumbai,Food,2026-02-08 17:55:24,0
48c5d75f-2975-4005-a611-36cca2bfd683,326,729.0,Hyderabad,Food,2026-02-08 18:11:51,0
9383f86d-b3ed-46ed-b089-4de4e6267164,416,4857.6,Pune,Food,2026-02-08 19:04:46,0
ecaf8800-ad8a-4364-a379-064fb241b95b,211,6044.95,Pune,Clothing,2026-02-08 19:34:50,0
42e88605-a29a-4e5f-97b6-f1aaf2064a1c,36,8411.31,Hyderabad,Clothing,2026-02-08 19:35:17,0
ae4e31cf-594e-4567-babf-14cd094d4ebd,293,10740.14,Kolkata,Groceries,2026-02-08 20:29:54,0
8513176c-1efc-4c94-a141-10b69a920655,80,8657.79,Pune,Clothing,2026-02-08 20:31:39,0
d7e40d03-e174-4e11-85e1-4de1e1c8cc3e,271,11275.63,Bangalore,Groceries,2026-02-08 20:48:26,0
6a237315-f54c-4df4-b450-3db26a88b70c,471,7937.61,Pune,Groceries,2026-02-08 20:58:25,0
25d7b127-83c8-4104-8af3-5eeb0563c684,110,5256.49,Pune,Groceries,2026-02-08 20:59:48,1
d79330f1-6f8f-455c-bde5-4ee2a655596c,203,1707.86,Pune,Groceries,2026-02-08 21:01:44,0
c899c1fd-58df-432a-a6f7-293aebcb0baf,330,11611.62,Mumbai,Food,2026-02-08 21:49:20,0
346683ad-c68f-4f12-bd02-c8fbbb6329e8,472,3364.18,Bangalore,Food,2026-02-08 22:06:19,1
bcdbdaf3-eb12-461d-b1c1-e9ca3e3a128f,462,6687.09,Mumbai,Electronics,2026-02-08 22:18:10,0
b477ce4b-27a5-42db-a74d-8fd1882a0b7b,114,43523.85,Bangalore,Travel,2026-02-08 22:20:27,1
d18c1169-06c9-4a0a-ae01-36ccc6b216df,266,8791.89,Delhi,Groceries,2026-02-08 22:21:23,0
9caad37c-fc67-45e2-832f-c21b06b4ed27,211,11211.85,Bangalore,Clothing,2026-02-08 22:47:17,0
f8b53c16-5079-4aac-82af-ea6655ead359,8,6684.22,Mumbai,Food,2026-02-08 23:23:59,0
a49d54dc-0d9f-463b-a547-751d5e930c91,271,10664.09,Bangalore,Groceries,2026-02-09 01:20:45,0
e4195bd1-e381-43da-8f3b-ad0fe7fd6363,368,6187.55,Bangalore,Utilities,2026-02-09 04:55:12,1
4272341e-5bd8-4310-a06e-e5aa8ac54e88,16,18719.15,Bangalore,Electronics,2026-02-09 04:59:11,1
cb882c8a-fb00-4331-a647-89f01f4b83af,165,3878.0,Chennai,Clothing,2026-02-09 05:30:47,0
1dcf6c9e-3ee5-47c5-8e20-d6d8a4bd7d3a,151,8509.31,Bangalore,Clothing,2026-02-09 06:37:07,0
57e66dd9-ed1e-484b-856c-610da3e76468,446,10214.99,Chennai,Food,2026-02-09 06:37:57,0
793c4fbf-1b9b-41f0-bf45-74d4401ad5cd,169,7541.01,Delhi,Food,2026-02-09 06:51:01,0
3cd46719-7d93-43a7-9f36-436659dec688,81,8660.77,Pune,Food,2026-02-09 08:07:14,0
ac15f7e3-00f4-41a5-8334-9f8166f7ac98,238,8704.38,Pune,Travel,2026-02-09 08:29:01,0
80da2406-d149-4761-a91b-e9454bc0e6a0,2,558.77,Pune,Food,2026-02-09 08:36:47,0
7537fe4f-0d17-4a20-8218-c6a9d29e8c00,405,808.92,Chennai,Groceries,2026-02-09 08:38:11,0
d4f7f15f-3e9a-44fb-bafe-378086403806,159,10062.34,Bangalore,Clothing,2026-02-09 08:50:24,0
a565cd41-28d1-41db-894b-cc99642830f3,343,8828.18,Pune,Groceries,2026-02-09 09:03:48,0
c0a6a43b-1a37-40ae-b399-7b7eeb747d0d,23,6158.3,Pune,Clothing,2026-02-09 09:19:04,0
e0a09aee-32c0-41f1-9c18-6c2307f2bde7,58,8466.27,Chennai,Clothing,2026-02-09 09:26:34,0
3ff466c3-68a8-483c-ba18-c14ac00cc5bd,163,2124.76,Kolkata,Groceries,2026-02-09 10:06:33,0
4c492312-64d6-4f9e-8c16-3118aa9559cf,249,9598.73,Hyderabad,Food,2026-02-09 10:20:08,0
ce21d713-90ba-4806-b051-715a8e36839c,207,2432.21,Jaipur,Clothing,2026-02-09 10:40:24,0
292254f9-37cc-4228-820f-8fa553fdd1f7,148,11561.84,Jaipur,Food,2026-02-09 11:01:00,0
ef2b03e0-0e5b-4328-ab7a-523ea71dc051,99,5236.29,Mumbai,Clothing,2026-02-09 11:03:30,0
c35826a5-37b5-4a07-ab21-0c92c4ecdf3a,34,5611.06,Kolkata,Groceries,2026-02-09 11:07:27,0
6fe9dfc5-cede-4d22-948d-4ee753b8a95d,46,3161.2,Chennai,Clothing,2026-02-09 11:50:36,0
0858abdd-1bf5-4c95-a7e1-9ab09425b29d,128,5144.62,Hyderabad,Clothing,2026-02-09 12:26:06,0
bb673f53-c5e2-4469-832e-45fc0707e950,197,39478.45,Chennai,Food,2026-02-09 13:23:28,1
f77c2763-5de1-4440-8951-f2a525025d89,250,6454.21,Pune,Food,2026-02-09 13:29:13,0
335898ac-a9cf-42d4-8804-86d4edf151e1,309,9523.09,Bangalore,Clothing,2026-02-09 13:36:30,0
f0d72b10-6f75-4001-86ad-c489187b0b2d,156,11992.03,Chennai,Clothing,2026-02-09 13:53:11,0
d563680d-662b-401c-bc50-2b2097711705,126,9066.23,Mumbai,Food,2026-02-09 14:04:05,0
d5a838fa-953b-484b-89d2-8423613c9aa5,431,6874.33,Mumbai,Clothing,2026-02-09 15:18:11,0
ce25d281-81a4-4ce0-8800-9f5e3139c12d,420,10395.62,Hyderabad,Groceries,2026-02-09 15:21:34,0
b0fd219e-d2d9-4a70-ba52-115ccc6cfce7,348,3767.27,Kolkata,Groceries,2026-02-09 15:38:09,0
299d6ad4-a9c7-4de4-a919-cff23735a803,460,22808.23,Delhi,Electronics,2026-02-09 16:27:43,0
ec2a10da-b35b-4e92-9736-e54bbcc04576,326,4746.18,Pune,Food,2026-02-09 16:37:13,0
87f18545-fc78-4aaf-a73c-90539f291fe8,265,5482.59,Chennai,Clothing,2026-02-09 16:58:32,0
a226a75b-b432-4ce9-b6dc-16b5a076aed6,343,5565.47,Pune,Food,2026-02-09 17:01:29,0
932df381-39f6-449b-88fb-95d1736d8da9,460,4806.71,Delhi,Clothing,2026-02-09 17:15:48,0
021ef301-1eab-4b88-ae92-f1de83bf8b10,444,11811.98,Hyderabad,Groceries,2026-02-09 17:36:09,0
55f8bbb8-c3dc-4b92-b95c-a96d85ee751c,460,10426.32,Delhi,Clothing,2026-02-09 18:29:26,0
2048ba6e-72ec-4f04-bf8b-b8911b908e3f,434,2605.51,Jaipur,Groceries,2026-02-09 19:09:02,0
b165468a-e826-4352-9b60-20f262544892,27,9370.25,Chennai,Food,2026-02-09 19:29:05,0
8c8e2f8c-6237-40a3-b672-2183db83959d,53,1273.79,Jaipur,Food,2026-02-09 19:41:22,0
8fe004bb-0062-4acc-9bdf-0e7c02b294be,379,11309.36,Kolkata,Groceries,2026-02-09 19:43:21,0
ab7b36aa-1449-4be4-be17-07b10b61783d,390,6067.87,Chennai,Clothing,2026-02-09 19:53:34,0
0d559b64-e334-4bac-9c44-ebd132df8d45,349,1987.48,Pune,Clothing,2026-02-09 19:59:35,0
6c2e9bfa-cbaf-40dc-8cdf-321b237c3e70,36,6288.26,Bangalore,Clothing,2026-02-09 20:01:29,0
a9fc9c2d-ee83-439f-8b75-50f73b61260f,273,11958.83,Mumbai,Groceries,2026-02-09 20:03:52,0
2dc5ab49-0a94-4f99-b39a-ff5d141de088,201,5182.61,Bangalore,Clothing,2026-02-09 20:11:34,0
f7d32ec4-eb59-4794-8537-d786698774c3,262,40630.07,Delhi,Clothing,2026-02-09 20:11:54,1
c20554a7-2cf3-4d53-b752-ed69dc46fd1b,436,6996.26,Jaipur,Clothing,2026-02-09 20:30:19,0
11ba91f9-960a-4974-9efd-393b28960c25,169,11450.37,Delhi,Food,2026-02-09 20:37:40,0
16dee315-62b0-4537-9908-92d56de2ea64,107,1346.75,Kolkata,Groceries,2026-02-09 21:18:51,1
08842230-6dab-4dd3-a1de-9299c0bdf939,265,8400.3,Chennai,Clothing,2026-02-09 21:35:24,0
0b91eff6-2e59-4333-a118-99a398a450f1,410,1661.83,Chennai,Food,2026-02-09 22:14:23,0
d221cdde-54ad-414c-b52b-60504c401b56,461,4091.63,Chennai,Food,2026-02-09 22:16:39,0
09152bae-236b-414c-be0a-30c7161f6697,27,2904.47,Chennai,Groceries,2026-02-09 22:22:35,0
cb3e04d1-f74b-4b64-b3cc-65968fad1f23,199,1691.31,Jaipur,Food,2026-02-09 22:23:21,0
76cfd5b6-2902-4bda-bcfc-1f9f0af689dd,399,10037.0,Jaipur,Food,2026-02-09 22:24:27,0
0b641b75-e24b-4c11-bcc5-64da4f3feba3,266,6923.58,Kolkata,Food,2026-02-09 22:47:53,0
a6ea0997-f5a0-4c0a-9021-d3fc7ff3e818,211,10028.45,Chennai,Clothing,2026-02-09 23:38:26,0
f0d9e747-020b-4359-bece-c9eb2c81ef99,476,32274.47,Mumbai,Utilities,2026-02-10 02:00:25,1
c4d4c863-b2a6-40a8-aa86-86b972ce353e,476,7813.95,Kolkata,Entertainment,2026-02-10 02:02:02,1
e5589049-3489-4ff3-8503-812f0a0c4ea6,476,14369.55,Hyderabad,Electronics,2026-02-10 02:06:47,1
579f875d-d329-4a71-b697-492fd840fd58,462,7092.72,Mumbai,Food,2026-02-10 02:40:02,0
6a9db267-f755-4de6-8e2b-a728e307b2f2,55,1448.58,Delhi,Food,2026-02-10 02:46:16,0
5c311e96-20ed-45c4-9388-8f0fb7fe377b,8,8010.3,Pune,Groceries,2026-02-10 03:30:26,0
80986272-20f7-428d-8aa1-d6475ad63166,215,19075.8,Pune,Utilities,2026-02-10 03:59:11,1
218b8dbb-4fbe-4d09-9474-22d663f64077,325,56435.83,Kolkata,Utilities,2026-02-10 05:54:07,1
938fdb37-3c86-4582-a202-f35d9756fd33,417,690.95,Chennai,Groceries,2026-02-10 08:17:26,0
bca40fc2-a956-4750-8574-fe6d6662a715,129,3836.02,Chennai,Clothing,2026-02-10 08:38:15,0
0da26154-3f46-443a-93e2-e04726087b53,192,11726.08,Delhi,Food,2026-02-10 08:48:39,0
cb3c211d-c8f1-4809-9051-b949e6af993c,120,11192.79,Delhi,Food,2026-02-10 09:43:11,0
50e08a81-75ea-4023-9a34-65d989cd90e7,217,9590.47,Jaipur,Food,2026-02-10 10:33:42,0
56378f6a-8238-4d16-bdcb-6a69d0712f17,208,8811.38,Jaipur,Food,2026-02-10 10:43:25,0
33f92a87-8372-4123-9ed7-a652de2bfe58,264,3810.72,Mumbai,Food,2026-02-10 10:54:32,0
33f9776b-072a-4b8c-b983-2fbf66ff8fe3,85,6405.06,Chennai,Groceries,2026-02-10 11:05:16,0
cdcaa84d-ec85-4017-a874-49282a603c3c,84,3051.44,Delhi,Food,2026-02-10 11:11:20,0
c564c53e-67d6-4d8d-9e98-bb1b482497b1,4,9289.73,Bangalore,Food,2026-02-10 11:29:44,0
fc3cc245-2617-4ee0-a8b2-d427766bc38c,181,22750.19,Jaipur,Groceries,2026-02-10 12:51:23,0
f7808afc-a538-46a7-8565-1e804ee45227,58,5750.76,Hyderabad,Clothing,2026-02-10 12:56:50,0
8d344182-8eff-4def-b924-91d90191bb80,98,8514.6,Pune,Food,2026-02-10 13:00:52,0
ab52c00f-4f69-4a5b-b7ec-26b22c864b3e,110,21886.85,Jaipur,Electronics,2026-02-10 13:08:12,1
b9da42b4-0c97-4601-97b1-afbd43bcbd12,343,5999.4,Pune,Food,2026-02-10 13:24:07,0
ec81f021-9076-47b4-aa85-5d668900f547,85,6262.52,Chennai,Electronics,2026-02-10 14:06:15,0
ff6fb946-e10d-4490-bc8c-92673c55ad3a,397,777.15,Kolkata,Food,2026-02-10 14:09:26,0
2f55e5f6-ecf1-43ee-8d8b-f41f46f9cb99,7,8899.32,Mumbai,Food,2026-02-10 14:20:35,0
27aa6b24-1203-415e-9f6c-6e6fe4111f4a,20,4364.31,Hyderabad,Groceries,2026-02-10 14:41:38,0
e81909ce-0dd7-4ac2-8a10-55c534b0738e,143,9149.88,Kolkata,Food,2026-02-10 14:41:52,0
a300df89-da07-4a8b-8772-a3ba0d5ea574,365,1476.31,Hyderabad,Food,2026-02-10 15:23:39,0
e0b62f90-0adb-44ff-a0b5-5615d3b6ef1b,369,11275.76,Bangalore,Clothing,2026-02-10 16:33:41,0
7d8e504a-6d9b-406c-b029-c495893beba6,188,6227.47,Chennai,Clothing,2026-02-10 16:43:56,0
37f7a96a-0957-4517-98f2-399994108438,256,11642.72,Hyderabad,Clothing,2026-02-10 16:46:00,0
78aa16ea-44f7-401a-bcb5-26d7434a130e,236,240.66,Mumbai,Clothing,2026-02-10 17:06:20,0
c145d6ba-65bf-4e04-ae3c-2ce6fde6849b,412,1368.34,Hyderabad,Food,2026-02-10 17:16:16,0
61d51454-8b25-4717-abb8-48a73495ad7d,108,5163.06,Mumbai,Groceries,2026-02-10 17:42:06,0
3bb11ffe-6a03-4e2f-9108-4482bdb77a79,448,8214.26,Jaipur,Clothing,2026-02-10 17:44:57,0
e82fc52f-1b7b-4f07-82a7-54a82b05ab83,351,1601.07,Bangalore,Clothing,2026-02-10 17:50:05,0
436eaced-47b8-495e-9279-9a25b5fe16c1,394,10870.31,Kolkata,Food,2026-02-10 18:05:33,0
becc1545-21bc-4cff-a0a7-b4a8376b1e42,162,20641.91,Bangalore,Food,2026-02-10 18:13:09,0
8e5e71c5-94eb-4e5d-bc16-5b0e3b17b288,385,9005.87,Pune,Groceries,2026-02-10 18:23:13,0
4d92200c-a95c-48b3-8be1-67b57c24d03b,230,411.28,Jaipur,Food,2026-02-10 18:27:46,0
94b77fa7-7256-4910-bc03-a706774cc9de,220,10487.76,Jaipur,Food,2026-02-10 18:40:28,0
7d6602a7-faca-4a8f-b143-dea7e2fb0550,121,3452.6,Delhi,Groceries,2026-02-10 19:00:43,0
585abefb-d181-4f77-a500-1423faebcd19,251,6769.8,Delhi,Food,2026-02-10 19:17:18,0
855d29ed-298e-4a01-bec2-979cdbde6958,218,11946.76,Hyderabad,Travel,2026-02-10 19:18:59,1
d92ef298-d357-458b-a85a-57b56c211614,270,7424.19,Hyderabad,Travel,2026-02-10 19:26:54,1
b00fec0e-811d-4c66-beee-61a9ab82e954,461,11023.46,Chennai,Food,2026-02-10 19:40:08,0
c92e8c93-d105-48d6-87c1-c01760452909,246,4839.05,Chennai,Groceries,2026-02-10 19:44:40,0
188c49b2-c8ab-4f0d-a09e-bc4644b6cc9e,199,2255.15,Jaipur,Food,2026-02-10 20:03:02,0
b3e1511b-2128-44c5-b94e-485d5b182716,25,3772.4,Hyderabad,Groceries,2026-02-10 20:18:25,0
7bbdf826-7f4d-4f02-bc3c-75cf0313d6a0,236,17204.75,Bangalore,Groceries,2026-02-10 20:50:34,1
e0ec2c75-6874-43a0-9dce-c4d7d3faf41e,173,6328.11,Pune,Food,2026-02-10 21:18:07,0
8f9ff3d6-db40-465c-a5dd-8a7f432a23a8,380,7688.4,Pune,Groceries,2026-02-10 21:42:40,0
d9750f00-d5ab-48ae-9112-fbc03d8f95f4,476,19143.16,Kolkata,Food,2026-02-10 21:45:52,0
9c3de1b0-022b-4683-9033-da6587cf63fd,53,3661.14,Jaipur,Food,2026-02-10 21:48:55,0
191122b9-9890-4388-b06b-05a93cd30f3d,195,10628.87,Hyderabad,Groceries,2026-02-10 22:01:16,0
25385ee9-cd30-46e4-b1f8-07544452f7c3,403,3675.55,Kolkata,Clothing,2026-02-10 22:07:59,0
2b69a1e0-af1f-4bd6-aae1-834d479ec9fc,244,6591.1,Kolkata,Clothing,2026-02-10 22:20:42,0
5995f4ff-6d72-42dd-b7c9-ad163522cd56,331,9787.81,Pune,Groceries,2026-02-10 22:27:24,0
b016cb84-636e-4be2-9fde-baddd91c8dbf,14,860.58,Chennai,Food,2026-02-11 02:29:09,1
89d0f972-7eda-4275-a02c-9f1686bcd566,393,9913.53,Pune,Utilities,2026-02-11 04:04:23,0
e4c89114-4981-472e-945e-0cb31f5c2ea2,348,11898.0,Kolkata,Groceries,2026-02-11 08:04:35,0
f309106e-6292-4cdc-8121-c051c09ca132,458,11304.77,Chennai,Food,2026-02-11 08:12:15,0
4bb7e145-a33b-4e9a-9620-342c5bd9b107,381,25793.75,Hyderabad,Electronics,2026-02-11 08:28:12,1
94a3cdd2-a09c-4993-9e44-c5af421e1034,235,5721.52,Mumbai,Travel,2026-02-11 08:29:46,0
8e989023-c17a-4b6a-9a43-f6d4da19152c,366,5330.36,Bangalore,Food,2026-02-11 08:58:02,0
85c1480e-d640-4804-bec0-807e522ef656,76,2233.81,Chennai,Clothing,2026-02-11 10:21:52,0
466f629c-a0c5-4b2b-97bf-3ee14e2bad04,492,8830.25,Delhi,Utilities,2026-02-11 10:31:55,0
25c298e5-fb34-41dd-a71f-a59b8730130c,434,8093.46,Jaipur,Groceries,2026-02-11 10:36:11,0
1cdc2d08-5067-47bb-b959-96227466ddc9,233,1882.51,Mumbai,Groceries,2026-02-11 10:57:03,0
b588d72d-c98b-4146-af05-977a58388d77,295,5751.83,Hyderabad,Food,2026-02-11 11:22:40,0
3e760bb2-99dd-49b0-b383-998c7359f4e9,439,3515.33,Hyderabad,Groceries,2026-02-11 11:37:26,0
93a65b82-1e63-4712-9fcc-2ef7ba141188,354,4262.54,Delhi,Food,2026-02-11 11:40:08,0
cf70ea88-d7aa-431f-aafd-7346ecc69033,2,3986.99,Pune,Groceries,2026-02-11 11:56:33,0
6842a80a-bd8a-4d0e-a353-ed4cfff3f7ef,33,2358.73,Kolkata,Utilities,2026-02-11 12:00:28,0
987d2796-69b8-4e5d-99c5-c0c4eeca7105,454,6174.01,Kolkata,Food,2026-02-11 12:18:26,0
fefe521b-7cd6-4af9-8053-d6348eed8385,451,940.25,Chennai,Clothing,2026-02-11 12:36:39,0
4b5dc077-2bae-4d04-a150-814ffb9dd203,73,3234.16,Hyderabad,Food,2026-02-11 13:44:29,0
c1eecd7a-2428-485a-861d-e0171ee92d3b,206,8240.65,Delhi,Groceries,2026-02-11 13:53:50,0
172d2bd0-0fbd-4c81-a900-8ecda51e01ad,238,9882.07,Pune,Food,2026-02-11 14:04:38,0
42cce5ed-dd6b-440c-a695-047a4f42f29f,26,6078.86,Hyderabad,Groceries,2026-02-11 14:09:20,0
e7a25a16-2f0e-4497-a46e-6d6b6f619f65,43,11067.31,Chennai,Clothing,2026-02-11 14:14:02,0
c7673644-95a1-4c98-a890-f9a82015949c,88,8556.16,Pune,Clothing,2026-02-11 14:50:11,0
214bd473-e375-4867-acc5-60710febecad,54,2391.41,Kolkata,Clothing,2026-02-11 15:06:09,0
a9438200-0e2d-4a48-bf01-915617f7420c,186,8759.0,Kolkata,Food,2026-02-11 15:13:20,0
b5a3050a-563a-49fa-bb89-3d93562d85e5,235,4734.37,Mumbai,Groceries,2026-02-11 15:16:58,0
2ba1ba16-80fb-4b3e-9bda-998ec3cfa636,432,8533.38,Jaipur,Utilities,2026-02-11 15:20:42,0
d873dad9-5a1b-4f0e-9911-96dc1d3e503a,188,1456.06,Chennai,Clothing,2026-02-11 15:33:40,0
d0e4fd8a-48d4-445d-8a6c-28291d7216bf,94,10510.32,Hyderabad,Clothing,2026-02-11 15:37:46,0
4aff5eee-32b2-4952-8376-37d672a9dfa1,336,6799.66,Jaipur,Clothing,2026-02-11 16:25:48,0
af47a214-180b-4e04-9881-0a921e7498ae,108,19724.6,Mumbai,Groceries,2026-02-11 16:40:20,0
5034f6d1-4aff-41ab-851d-f0cab3c675df,190,5830.84,Chennai,Clothing,2026-02-11 17:01:16,0
bb27dcbb-9038-4703-8f12-b31375a870a1,392,6765.42,Chennai,Groceries,2026-02-11 17:18:19,0
7061ccb4-c2d1-4706-b542-2629eb268eb7,307,491.24,Delhi,Clothing,2026-02-11 17:19:55,0
73ce9813-449a-4d03-8de2-fc8dc055ceb0,242,6359.51,Mumbai,Food,2026-02-11 17:37:38,0
353b597d-8513-467d-86cb-7a9b5df54f19,385,4735.15,Bangalore,Food,2026-02-11 17:41:28,0
28d3a709-7be9-4b19-86d8-2f6286448c62,497,11577.05,Pune,Groceries,2026-02-11 17:49:36,0
dcf05365-3c6e-4ced-beef-b219324185a8,306,3658.45,Pune,Food,2026-02-11 17:56:29,0
e4d479e7-ace8-43d1-a0b4-3a731eb6dd1c,287,21408.83,Hyderabad,Groceries,2026-02-11 18:18:52,0
387364c1-5e4c-490b-badf-bb750ce06819,440,4952.71,Mumbai,Food,2026-02-11 18:33:12,0
47269e7f-0c05-4009-b97b-fdd7b8a1e477,27,11941.77,Chennai,Groceries,2026-02-11 18:33:29,0
9afd4015-816b-4b9f-b426-b1934b7e6b3c,42,881.62,Kolkata,Groceries,2026-02-11 18:37:35,0
c1a87e28-4c75-453b-ad61-8c33254dc4f1,431,2825.29,Mumbai,Food,2026-02-11 18:41:17,1
8c7f6489-393d-44e2-84be-ab8f9abb2a50,274,4913.85,Delhi,Food,2026-02-11 18:46:01,0
15f68117-89e7-4823-bbbf-9df8781c695a,406,3414.8,Hyderabad,Groceries,2026-02-11 18:51:50,0
15770238-f10f-406f-99f2-ac020ed81c57,45,8777.31,Hyderabad,Clothing,2026-02-11 18:53:50,0
d608e6ac-9cf2-4216-939c-be4f2d914e29,27,4488.98,Chennai,Groceries,2026-02-11 19:24:35,0
19b7775f-e7bb-4e42-b312-6a11db6ae7db,497,2879.35,Pune,Utilities,2026-02-11 19:39:50,0
851ab93f-297e-4f2f-837c-e599c1c353c4,121,5847.66,Mumbai,Groceries,2026-02-11 19:46:05,0
f7f73151-ecda-4ea8-940a-121fa3757258,456,57349.84,Delhi,Utilities,2026-02-11 19:59:46,1
92714fea-6fad-4460-aef3-8ed18cdfe58d,38,2632.96,Delhi,Food,2026-02-11 20:13:16,0
b9efaad6-000c-421a-a5a7-ba30f5b70dd9,221,6801.42,Delhi,Groceries,2026-02-11 20:35:59,0
0db71d95-0804-45dc-b79a-72807d97fb59,179,3503.36,Pune,Clothing,2026-02-11 20:42:41,0
15d75f31-a410-47a9-bc16-e6e64aa8fd22,395,1434.39,Jaipur,Food,2026-02-11 21:43:15,0
bf59782b-ef20-4e8a-b002-7c3bccfcca2d,360,34570.15,Kolkata,Groceries,2026-02-11 23:48:51,0
7e5083b9-dd80-4c37-b0b7-6ffe7265275d,323,44640.04,Bangalore,Groceries,2026-02-12 00:45:19,1
e9971396-7866-4459-8042-285b41bb126e,199,5837.07,Jaipur,Food,2026-02-12 01:00:19,0
79130b60-8f85-4451-a537-b2e92f5ee4ff,430,17574.68,Bangalore,Utilities,2026-02-12 01:05:34,1
2b9b541c-73a0-494a-8b10-35df14fb11b7,197,3433.9,Chennai,Food,2026-02-12 04:03:24,0
4866fa2c-c27b-49f9-8cb8-ea81ceaade53,380,56493.03,Pune,Utilities,2026-02-12 04:30:47,1
0e47124b-4561-466a-b5d7-80c87d4790e9,21,5465.96,Bangalore,Entertainment,2026-02-12 04:33:17,1
8abbd74f-b51f-41c1-a320-a090c1bc9400,266,3375.96,Kolkata,Food,2026-02-12 04:52:36,0
d80a3b2b-5fb9-41af-a831-6ce5ff68d20d,481,2816.92,Jaipur,Food,2026-02-12 05:58:08,0
66031584-4acf-4169-a95f-9395caff0791,84,8154.52,Delhi,Food,2026-02-12 08:11:24,0
3c479093-31c1-42d2-9f6a-b338057a4d53,235,4407.07,Mumbai,Groceries,2026-02-12 08:24:35,0
7b122ee5-3d30-4a07-b690-3edb9fb938e0,215,5506.19,Hyderabad,Clothing,2026-02-12 08:31:14,0
48c08457-464a-4a48-b150-e60ded8982c2,235,7537.18,Mumbai,Groceries,2026-02-12 09:22:40,0
df7ff285-9a5e-4518-ba08-a5ac0c8248b1,232,114.41,Bangalore,Travel,2026-02-12 09:27:07,0
9924cb65-cfc8-4e84-923d-83f94a9e5ce8,497,10090.22,Mumbai,Groceries,2026-02-12 09:31:47,0
157f54c8-60d2-4804-b691-615d64cc0731,425,10113.04,Pune,Food,2026-02-12 10:01:05,0
be213a6b-5671-46ce-b20f-9a178ce7a530,240,161.93,Hyderabad,Food,2026-02-12 10:09:33,0
b78707bd-2a2d-4813-a7fe-e67f86899a05,410,7963.87,Bangalore,Electronics,2026-02-12 10:23:49,0
8ba33189-babf-41ee-991b-a1aa0bdff995,448,5530.78,Jaipur,Food,2026-02-12 10:27:16,0
21f110f3-9703-4a74-86ed-4e3453836097,371,32073.62,Pune,Utilities,2026-02-12 12:16:59,0
e4675db4-fa99-452a-91ea-ac6c8cab8694,389,11661.63,Hyderabad,Food,2026-02-12 12:20:49,0
a9f7c6d1-c647-4ae2-8490-9370e430fb91,377,8844.3,Hyderabad,Food,2026-02-12 12:42:31,0
65a61c40-f5fe-4a0a-9d3d-a878147eeb2d,25,5401.64,Hyderabad,Groceries,2026-02-12 12:45:03,0
61af0e8e-d137-47e1-8005-353dd76f1e65,17,9031.78,Pune,Clothing,2026-02-12 12:49:25,0
ce5cce93-6c3e-4f5d-9d0e-432fab191261,424,4141.84,Mumbai,Clothing,2026-02-12 12:52:11,0
eb5c4ed8-5ef6-440e-9ef8-b5a9b792ff65,73,8479.5,Pune,Food,2026-02-12 14:03:43,0
1d791295-bd4c-496c-95cf-e765481f1fdc,318,3215.44,Hyderabad,Food,2026-02-12 14:06:43,0
8cfe021d-2b93-4a75-a066-7c02d32d9358,131,6415.81,Hyderabad,Clothing,2026-02-12 15:13:03,0
1fb856ea-9c67-4954-bee5-6a579d17b8ea,309,9943.85,Hyderabad,Clothing,2026-02-12 15:17:57,0
336b00cb-b1fe-4d13-b280-df1d9a6c0db9,203,4620.69,Mumbai,Food,2026-02-12 15:21:27,0
076bb877-bce0-48f0-a62b-cd709082b394,141,6048.19,Hyderabad,Groceries,2026-02-12 15:28:26,0
cc922fee-1b4b-47d4-ab74-68d0b957573c,353,1367.77,Pune,Groceries,2026-02-12 15:29:39,0
a21b65ed-51f8-40df-ba6d-4b35dee52934,220,4507.34,Pune,Food,2026-02-12 15:37:01,0
af52b383-e4ae-4c27-9ffb-bdcc0b888619,188,10697.89,Chennai,Clothing,2026-02-12 16:37:30,0
cd11be4b-63ed-4ae3-9c9b-2e79de6f1e24,435,2293.3,Kolkata,Clothing,2026-02-12 16:47:04,0
8b5c086b-4e06-4994-b5c8-c6e152afb8f4,271,8240.9,Bangalore,Groceries,2026-02-12 17:01:09,0
2a0f31e4-b229-4f1c-8e68-d0c173cd9709,211,6094.04,Bangalore,Clothing,2026-02-12 17:17:00,0
ba63bc40-06c0-4ee8-8b8b-80d9b1229d0c,157,5553.16,Bangalore,Clothing,2026-02-12 17:34:11,0
cc5015cf-7c81-4d5a-8e5a-43726574708d,186,11660.12,Kolkata,Food,2026-02-12 17:47:59,0
ae326c53-ad9e-4a10-a9c1-5adc6232287c,340,10431.06,Kolkata,Groceries,2026-02-12 17:55:47,0
ee1c313c-a7e6-4614-9808-feff1a5c8d43,299,11821.12,Bangalore,Utilities,2026-02-12 18:04:35,0
fff4eb28-b4c4-4672-a995-96e2fe872bed,418,8244.82,Pune,Groceries,2026-02-12 18:41:13,0
7882d300-7e22-4edf-ad12-b92cbc65c13e,20,9214.65,Bangalore,Groceries,2026-02-12 19:08:44,0
78332ea1-49b4-4c9b-833c-2de9a7e19fac,444,1018.7,Hyderabad,Food,2026-02-12 20:08:50,0
a62d7221-a65d-458e-936d-d1a893acb00e,231,4387.65,Delhi,Electronics,2026-02-12 20:16:22,0
922fe35d-2fd1-4775-80b0-2a827054ef5f,293,3121.37,Kolkata,Clothing,2026-02-12 20:31:39,0
6229ba7f-ed40-4e55-93e3-9e26a052cea6,424,8998.27,Mumbai,Groceries,2026-02-12 20:41:31,0
31c46c9e-70be-4630-8a63-33e3247474b3,377,4573.35,Hyderabad,Food,2026-02-12 21:00:23,0
da6b0060-3dcc-4915-934a-85d988cfffa2,277,31426.56,Mumbai,Electronics,2026-02-12 21:16:24,0
1e26ed31-d9e9-4758-b6b9-04364b46ef33,349,2744.82,Pune,Clothing,2026-02-12 21:19:26,0
b20c3a3f-fee8-4cf1-8b3e-2b6e65f69897,159,4489.52,Bangalore,Food,2026-02-12 22:00:38,0
ccfc6b83-9b98-4781-be8f-0cff7ddfd0cc,407,10451.85,Chennai,Clothing,2026-02-12 22:00:55,0
1bbd2513-30bc-46c4-a3fa-68932cd4e76d,76,3603.45,Chennai,Clothing,2026-02-12 22:19:36,0
1e4ac06f-8c08-4fee-bcd2-c914c230d1b9,69,4219.27,Bangalore,Groceries,2026-02-13 04:31:55,1
7e6ae55c-502c-46f1-864d-10e38e738520,21,926.5,Bangalore,Clothing,2026-02-13 06:46:19,0
a832a228-8c65-401b-9521-e8251177fdd5,196,10283.7,Jaipur,Food,2026-02-13 08:16:07,0
59ca5572-fceb-45b1-adb5-3c7b43b6368a,1,5687.91,Mumbai,Groceries,2026-02-13 09:23:49,0
091ca4c7-d00a-450e-8d00-348b82bcb1ee,154,947.36,Bangalore,Groceries,2026-02-13 10:23:52,0
747a9e8e-9e60-4547-a628-55e284ba72fd,256,9723.2,Chennai,Clothing,2026-02-13 10:39:53,0
63a79cb5-8808-46a5-806f-afa87955479e,241,2905.23,Bangalore,Clothing,2026-02-13 10:42:54,0
15e59a0f-1ff4-4f0a-9435-0cb1724af3fb,123,9877.44,Kolkata,Groceries,2026-02-13 11:04:49,0
2ffa40f7-350c-4740-ba6f-8411bf011eb7,448,220.89,Mumbai,Food,2026-02-13 12:32:42,0
9d180608-d771-4c05-b671-f1b2c9a0a9ef,362,11799.53,Mumbai,Food,2026-02-13 12:34:40,0
dc54d59b-86bb-42c7-98b2-f8b61c654aa2,67,11033.49,Chennai,Food,2026-02-13 13:03:01,0
cb5475bf-3c31-485d-ae35-0ed7ce955086,202,8369.41,Bangalore,Clothing,2026-02-13 13:32:19,0
70089e88-44c5-4f4c-94c7-05a939fbaff2,340,1813.9,Jaipur,Clothing,2026-02-13 14:01:46,0
12d0ff7d-25db-4dbd-817f-8e3b9a1a59cf,245,7080.03,Hyderabad,Clothing,2026-02-13 14:12:10,0
028adf1c-d2b1-4838-a39e-8bbc92004957,220,3633.17,Jaipur,Clothing,2026-02-13 14:30:30,0
f5dbed2c-3d4c-4f01-a431-91eb5d9e1717,314,11150.42,Kolkata,Clothing,2026-02-13 14:50:28,0
fce12a25-0804-4cea-9175-fc6351f7c017,163,5886.91,Kolkata,Groceries,2026-02-13 15:07:17,0
1616da8d-9934-4137-99fb-ac2de31ead4f,60,5701.51,Delhi,Groceries,2026-02-13 15:34:26,0
8fc93778-2885-40d1-a8e0-c8009e482e45,244,3547.92,Delhi,Clothing,2026-02-13 16:10:57,0
1e46a0d9-d179-4678-8961-8a6f018cb065,136,2940.16,Delhi,Food,2026-02-13 16:22:08,0
0bb34c14-2581-4b22-9728-e2b6912c4ca9,335,7437.53,Chennai,Clothing,2026-02-13 16:22:22,0
ae5f3f22-f913-4869-8925-259f12deb1e7,114,5831.75,Hyderabad,Food,2026-02-13 16:23:36,0
437fd41c-9b5e-409b-a0e3-3063a8465c0e,327,4060.77,Kolkata,Clothing,2026-02-13 17:17:59,0
ad4a2b3c-386a-49dd-be83-c32ac9e55c47,125,5560.3,Bangalore,Food,2026-02-13 17:55:01,0
35878f40-6fcd-447c-8ece-ac5693dae4ff,109,2133.89,Hyderabad,Food,2026-02-13 18:22:28,0
feb6a7b4-b180-44ec-8136-114bceeacddd,130,9926.1,Bangalore,Food,2026-02-13 18:38:28,0
b26b9ebb-7c8f-4e7a-82de-2c3ca6b04613,217,3759.45,Jaipur,Clothing,2026-02-13 18:48:54,0
d55239e3-7389-4eae-a935-bc95339e154b,364,10605.06,Chennai,Clothing,2026-02-13 19:24:59,0
bf8ed97d-d740-4862-9263-68296b8c3c7c,150,9183.35,Bangalore,Food,2026-02-13 19:31:30,0
e89afbfe-822e-4328-a792-1c1cf14e8d13,26,5797.13,Delhi,Groceries,2026-02-13 19:38:54,0
67915507-c347-447b-921a-bdc91b94ae15,340,6704.16,Chennai,Clothing,2026-02-13 19:38:54,0
cd104ac6-46c2-446e-b0e2-8479a8f0d513,45,5250.6,Bangalore,Food,2026-02-13 19:48:22,0
3d51c7fc-ec32-406d-9a7b-9adb1ce33118,418,4849.3,Pune,Clothing,2026-02-13 20:23:36,0
3768c85b-fee3-4baa-9cb9-13b47d3d16ca,390,3612.42,Pune,Clothing,2026-02-13 20:40:39,0
ce67b962-548b-4bb7-9f82-00b85b24bb54,220,10692.81,Jaipur,Food,2026-02-13 21:15:23,0
bcac6209-3f72-4fa4-9a3a-de247d2202dc,421,7680.15,Chennai,Clothing,2026-02-13 21:58:57,0
b9c40e32-316b-40da-b9a2-8ca272d91c83,135,3744.9,Mumbai,Electronics,2026-02-13 22:22:45,0
a21c1209-c3a1-462d-a98f-546d5f290290,259,6453.42,Mumbai,Clothing,2026-02-13 22:22:57,0
c51c91f4-7bcf-4b31-902b-d15460885550,151,9655.01,Chennai,Groceries,2026-02-13 22:34:52,0
c3b5b2bd-1eec-4d0d-b5a8-edd7c9b49d09,260,5687.55,Chennai,Groceries,2026-02-14 00:35:29,0
0a2d92b9-3264-44a7-aefd-3f61b4aeaec9,423,6066.97,Bangalore,Electronics,2026-02-14 03:12:48,0
cea8be58-e2ca-478d-b6bd-0773d805ee6a,403,7733.62,Kolkata,Clothing,2026-02-14 08:05:07,0
f5321352-b544-48e4-9f2d-a344a3596667,229,3471.23,Bangalore,Clothing,2026-02-14 08:39:05,0
6eba52c0-752d-4b01-8e85-f2046f6a62e3,76,1285.43,Chennai,Clothing,2026-02-14 09:27:08,0
e648d7ae-7830-4c6c-b9eb-17974fb9ef37,8,1196.27,Bangalore,Groceries,2026-02-14 09:30:29,0
80cfb1db-1287-4313-8f02-6c2c1b414999,179,3390.44,Delhi,Clothing,2026-02-14 11:29:59,0
efb56207-ddec-440b-afe3-af13891778e8,343,5026.44,Pune,Food,2026-02-14 11:35:03,0
8b6b7f7a-58a8-4686-9824-e832005f6552,304,4284.94,Kolkata,Groceries,2026-02-14 12:02:38,0
ffa5f72a-c37d-4953-b4cf-afec3df8d793,225,27068.78,Bangalore,Travel,2026-02-14 12:18:25,1
dfe105aa-80da-47fe-b7ba-444fb2d3c152,333,9093.56,Pune,Groceries,2026-02-14 12:18:59,0
953a8bfb-e72a-4c39-b76a-e8a4162a8923,7,11196.92,Mumbai,Food,2026-02-14 12:41:50,0
d5889929-002b-4e26-bc8f-e71ae5112379,166,9432.55,Hyderabad,Food,2026-02-14 12:44:49,0
643a3b69-fcd5-48e6-b771-39d3ace7d566,391,11543.88,Hyderabad,Food,2026-02-14 12:46:28,0
3b7eebe6-674c-4b71-8f4f-aa6edc77be61,302,11193.22,Delhi,Groceries,2026-02-14 13:04:38,0
9112448d-4734-47a3-8d40-e14f0afc32bc,266,7600.54,Kolkata,Groceries,2026-02-14 13:21:30,0
43eeecb8-3df8-448b-915c-b1c672cd11ca,224,8153.28,Chennai,Groceries,2026-02-14 13:25:52,0
7c0c5281-adfc-424b-9fd6-801567bc21bf,474,3161.24,Jaipur,Food,2026-02-14 13:50:55,0
7b1b4da9-0f7a-4992-b86f-1a12c1977527,414,9245.55,Pune,Food,2026-02-14 14:02:11,0
2f0b9138-4138-4eea-8988-7d527599d475,325,967.25,Kolkata,Groceries,2026-02-14 14:20:16,0
f521fb97-581e-4330-a0ce-32567aecba0c,449,2656.1,Mumbai,Clothing,2026-02-14 14:35:49,0
e92fdd21-7cd7-4dc2-8e94-b783a6872c8b,40,9234.84,Mumbai,Food,2026-02-14 14:46:42,0
43451edb-0ff9-4a14-b94c-fcf48fb1d3a5,316,1347.32,Bangalore,Clothing,2026-02-14 14:58:04,0
108134dc-5427-4925-a6ca-0baf3310880a,48,7745.57,Mumbai,Food,2026-02-14 15:06:05,0
8a658cfc-bb7d-49e1-be24-5c7615c40649,288,7959.31,Bangalore,Clothing,2026-02-14 15:22:36,0
f3745283-c4bf-4b22-ab9f-986d21714392,160,9496.5,Chennai,Groceries,2026-02-14 15:30:57,0
6a9e4054-4146-4908-b140-f6ea3f26a88f,469,3175.89,Chennai,Utilities,2026-02-14 15:35:36,0
86dffb72-6100-47f1-af4d-d75af19e24ab,131,7330.02,Chennai,Clothing,2026-02-14 15:57:05,0
d6e18109-d7e1-44e6-b76b-9723a9902071,193,2696.69,Pune,Groceries,2026-02-14 16:52:39,0
ff2f2142-dc01-4a6b-ae0e-c269744d101f,427,583.4,Delhi,Food,2026-02-14 17:17:05,0
097b3ec8-1dd8-473f-bb1e-b38291077679,121,8265.84,Delhi,Electronics,2026-02-14 17:43:17,1
8067e1dd-ed8f-4ec6-9cb4-3f8e7ce06759,191,10024.48,Jaipur,Clothing,2026-02-14 17:50:53,0
2ec7e055-56b6-4004-afa6-2feaf1a08745,475,2706.62,Bangalore,Clothing,2026-02-14 18:10:55,0
b06897c7-7919-4580-b636-e36ccf0ebecc,70,8342.17,Chennai,Food,2026-02-14 18:28:57,0
b372ec80-628c-4048-93b2-a1057d9dfdb7,44,37123.84,Delhi,Electronics,2026-02-14 18:40:11,1
61a11729-3cb9-4350-9b4d-a0fe7bb38605,227,3659.94,Kolkata,Food,2026-02-14 19:16:29,0
96c78cad-304e-461b-a943-b1548d6eb73f,446,17125.79,Hyderabad,Groceries,2026-02-14 19:50:42,0
b7dad6c1-5b77-4393-97cb-f0734fde4ef7,41,10871.56,Chennai,Food,2026-02-14 19:53:47,0
47d6cb16-c93a-4425-acae-03839c64bbd7,468,3415.41,Bangalore,Food,2026-02-14 20:11:21,0
c0a7ac50-aca3-49e1-8395-834245a33e2b,191,8849.46,Jaipur,Clothing,2026-02-14 20:16:31,0
18cc6325-9dfa-4356-8a33-4b34be96ea2b,410,8000.0,Bangalore,Groceries,2026-02-14 20:29:23,0
0db880a4-73ba-4147-922e-9584c4f149d2,154,8288.99,Bangalore,Food,2026-02-14 20:34:36,0
542c6bb8-263a-449e-8335-f7ab4a06ff9b,250,5327.53,Pune,Food,2026-02-14 20:54:03,0
1456a9f5-59e1-4bf5-ae9a-1684940eeb4e,408,5366.61,Chennai,Groceries,2026-02-14 21:51:14,0
96107189-016f-444c-b1e4-385086a81b2b,344,2643.98,Kolkata,Food,2026-02-14 22:12:24,0
9d54c131-cf31-4353-98c2-a68ba89966aa,418,11540.46,Pune,Clothing,2026-02-14 22:12:49,0
8308fac2-657c-41c4-8747-d5c11903b72f,118,3438.79,Hyderabad,Clothing,2026-02-14 22:22:50,0
1f643c0d-4d7d-4c5e-941b-b559c9af2794,161,4964.43,Mumbai,Clothing,2026-02-14 22:44:04,0
f51dbce3-bdc5-4126-b686-90696e12ceb2,239,9339.29,Mumbai,Food,2026-02-15 01:09:56,0
97826620-3fbf-4784-a404-661985fb99dd,401,3318.14,Mumbai,Groceries,2026-02-15 01:38:41,0
31c1b3f3-a2a5-400c-b6fa-64725436273c,244,7895.15,Kolkata,Clothing,2026-02-15 01:38:50,0
274a95b2-1e21-475e-a654-ec7fc30d30e6,86,1678.48,Hyderabad,Food,2026-02-15 03:11:02,0
1c6472c8-bafe-40d2-a5b3-cc2e137de405,483,9448.56,Chennai,Food,2026-02-15 04:28:08,0
6051b970-7a4d-449f-88ad-910676531d32,470,7791.17,Jaipur,Food,2026-02-15 07:04:53,1
caffcc3e-208e-44a0-b43a-58ffe5b7752e,118,5092.28,Chennai,Groceries,2026-02-15 07:11:54,0
bb7eb979-52dc-4ffd-9900-8d658b2ab759,194,3083.29,Delhi,Groceries,2026-02-15 07:35:18,0
b92eefe0-40a8-4d6b-be5b-d4afd58757a3,96,5655.41,Delhi,Food,2026-02-15 08:28:51,0
61009e1c-3390-4997-b481-d400c6ce72ab,435,6888.24,Kolkata,Groceries,2026-02-15 08:51:48,0
6c23d304-2d14-4808-8d01-7fed96fcee8b,26,6081.1,Delhi,Groceries,2026-02-15 08:54:10,0
f970a448-6b08-41f2-b1ce-c98712da42fd,364,4201.65,Chennai,Clothing,2026-02-15 08:58:09,0
655214af-bcfc-424f-9af2-8060f73f39b6,484,22676.56,Pune,Clothing,2026-02-15 09:43:59,0
33ea336c-b83e-4321-8aee-c8d402b6892e,43,7182.03,Kolkata,Food,2026-02-15 10:27:49,0
73c66188-108f-494b-b294-a9b6a53dff52,161,3060.31,Pune,Clothing,2026-02-15 11:24:38,0
2c46e25e-77b5-420f-b02e-d1d747e75b71,85,9295.26,Chennai,Groceries,2026-02-15 11:24:53,0
abfd45aa-2e27-4895-8fda-71690e04e8a2,325,8365.92,Kolkata,Groceries,2026-02-15 11:47:48,0
f52d82cc-302d-4d1f-a555-dfa1cf8be8bd,168,5842.38,Kolkata,Clothing,2026-02-15 12:20:31,0
5ead7db6-744b-42d8-adc2-43c063744bab,420,7773.93,Pune,Food,2026-02-15 13:11:36,0
7f815a33-1ac7-4e05-9692-936cd9ecbdef,284,8318.76,Hyderabad,Food,2026-02-15 13:23:21,0
97e4e173-9d63-4da6-a29d-c0737a7b029b,217,225.76,Jaipur,Food,2026-02-15 13:24:23,0
c2f04e50-2ac6-4e9b-a9e7-d32cb3d7071b,213,12274.31,Mumbai,Travel,2026-02-15 13:52:43,1
f0029577-e4f3-44d5-b6f3-1d0290cafac3,260,9103.06,Chennai,Clothing,2026-02-15 15:19:36,0
a7616e7b-b0fd-4ff3-995c-fa3397afd04f,266,832.44,Kolkata,Groceries,2026-02-15 15:35:04,0
2d669be9-5c4b-4f9c-a005-ac0da310dff5,487,9029.21,Mumbai,Groceries,2026-02-15 15:40:57,0
fe29c9b2-a5fa-4c31-911c-3918dd45a2db,497,1652.12,Pune,Utilities,2026-02-15 16:00:00,0
0afbb4ca-47d7-4d13-bc64-71a6b130c8d2,24,5310.39,Delhi,Groceries,2026-02-15 16:50:36,0
ea34eefd-2bdd-49ef-b02a-0cc9137678df,119,8532.95,Delhi,Groceries,2026-02-15 16:59:01,0
f0678d81-590d-423b-b390-1c466ec480b2,469,7293.66,Chennai,Food,2026-02-15 17:14:03,0
4e31fb70-b569-4260-84b0-b6c139374669,167,5371.16,Jaipur,Utilities,2026-02-15 17:38:54,0
f65e166d-1535-4005-bbfd-3c43be2eaf0a,189,3778.34,Kolkata,Electronics,2026-02-15 17:39:51,0
2fd20944-9498-4581-9fc1-58f5c434e6fd,354,8251.7,Delhi,Utilities,2026-02-15 18:03:47,1
8425fd0c-a8ce-48dd-bc53-54df40cef013,259,5973.27,Mumbai,Utilities,2026-02-15 18:46:34,1
9a81d73f-f2b9-4927-97f8-6146a79a19eb,91,3675.34,Delhi,Food,2026-02-15 18:51:52,0
225b74ad-f519-4b52-b718-31f3d527189b,467,6176.03,Pune,Clothing,2026-02-15 18:52:02,0
f828edb0-1715-4cbe-b42b-622518737a1d,430,6493.52,Chennai,Food,2026-02-15 19:48:55,0
96ed4815-c415-4c73-b944-e4692ef6a152,38,10937.02,Mumbai,Food,2026-02-15 19:53:27,0
84f61a6e-4f91-420a-ab59-baa736fb3f7a,141,10456.17,Pune,Groceries,2026-02-15 20:07:57,0
cdcc2d6a-1a16-498c-b648-776e183fea70,496,682.51,Delhi,Clothing,2026-02-15 21:11:01,0
aac20803-6dc7-41c6-8973-64be33f426ca,15,11560.43,Bangalore,Travel,2026-02-15 21:40:41,1
7f2984f5-bec3-4a37-9b3d-74bde91e314e,293,11913.04,Kolkata,Groceries,2026-02-15 21:42:25,0
8f5d0e9f-c586-443c-be13-d91c183e5726,468,2392.58,Mumbai,Food,2026-02-15 22:14:22,0
85afb75b-e4c4-4071-b0aa-a9ae9daeceaa,316,10331.7,Kolkata,Clothing,2026-02-15 22:15:09,0
6c3e676f-9ef7-433b-93c0-9e962c8cb87b,414,2988.2,Mumbai,Groceries,2026-02-15 22:30:15,0
f269921c-2edd-4141-a9a1-c6d5c34e9baf,344,10160.49,Kolkata,Clothing,2026-02-15 22:35:11,0
d7021edd-2494-4bbd-b61a-e1b04719c1a8,243,6311.63,Pune,Clothing,2026-02-15 22:38:53,0
77ce1ad2-d630-4279-8f11-0ea6ce4887b8,391,4463.67,Hyderabad,Clothing,2026-02-15 22:54:25,0
acd397e7-afe4-4754-915c-a103a5cb190f,485,10324.47,Delhi,Clothing,2026-02-15 23:17:40,0
3f1ad220-1a06-4ff0-b3f5-645268992584,344,1862.77,Kolkata,Clothing,2026-02-16 01:21:45,0
369c5408-6921-4f59-855f-aefc23c3fa41,481,8723.21,Jaipur,Food,2026-02-16 02:08:04,0
148718a0-d755-4b73-8a4f-4f1d8880f9c5,197,20410.6,Jaipur,Travel,2026-02-16 03:58:26,1
4a640fc1-6843-45c3-8dcd-6e9b39d2d74a,391,6729.87,Hyderabad,Food,2026-02-16 05:31:07,0
35c50282-5969-4879-941a-db56d0912596,105,8124.36,Mumbai,Clothing,2026-02-16 05:32:23,0
565bb785-b8f9-45fc-a959-8983785e02ee,76,3016.05,Chennai,Food,2026-02-16 06:09:48,0
688c82c5-a711-4205-a657-4da418900054,29,6079.26,Mumbai,Clothing,2026-02-16 06:55:03,0
cbd880b8-f55b-4385-88a5-41c6148845ca,78,7291.61,Chennai,Clothing,2026-02-16 08:21:01,0
ff8fc468-0e16-439c-ae29-c7f93474ca49,207,3553.14,Jaipur,Clothing,2026-02-16 08:21:22,0
ed809b95-7af7-4d84-8121-221d129c717f,296,11281.28,Delhi,Food,2026-02-16 09:20:03,0
328302de-234e-4cfc-af0c-774ebd9a92c1,448,7462.08,Mumbai,Food,2026-02-16 09:38:24,0
3bfebc95-5a88-4409-ae2f-515485e40918,50,11562.58,Mumbai,Food,2026-02-16 09:38:24,0
ffa8ba5e-3345-4927-952f-13082c415f60,422,2979.47,Delhi,Clothing,2026-02-16 09:50:10,0
32a02b53-565a-4a42-8559-0d60265fd5c1,205,30827.5,Jaipur,Groceries,2026-02-16 10:09:37,0
593acb51-178b-45e7-b406-d6e033013b08,111,2681.8,Delhi,Groceries,2026-02-16 11:05:46,0
fb217359-b2df-4add-a951-0051423ae529,227,5716.58,Kolkata,Food,2026-02-16 11:49:50,0
70386338-4c2d-489b-a422-262ec5ba8420,25,1203.68,Hyderabad,Groceries,2026-02-16 12:17:30,0
f36824d1-d48f-442b-a2d8-88476d34cd77,215,3956.12,Pune,Clothing,2026-02-16 12:31:26,0
1346d1a9-f680-4cdb-b7e4-90c71d7bc313,498,10970.49,Mumbai,Groceries,2026-02-16 12:58:52,0
687885e4-103e-446e-bc97-366d65c4370b,39,2569.76,Delhi,Clothing,2026-02-16 13:44:32,0
54b0f552-7fd7-459e-84c0-8b4eacd5f173,41,6395.12,Hyderabad,Utilities,2026-02-16 13:46:17,0
24c3532a-6b06-4115-a2c9-395dad2b0e4f,328,11425.78,Hyderabad,Food,2026-02-16 14:01:33,0
235d2722-aa78-48aa-95b2-868bac92275a,469,7302.1,Chennai,Food,2026-02-16 14:14:36,0
75be1ba7-0ae4-4096-a4dc-1ee54cc378c3,275,3513.68,Hyderabad,Food,2026-02-16 14:16:56,0
4ce1ca16-73cb-4b3f-a6f9-08648af6d268,317,6623.65,Pune,Food,2026-02-16 14:23:41,0
803f2c47-f7bd-4da4-bc5a-db19447293e1,231,4229.84,Chennai,Food,2026-02-16 14:35:20,0
b11f07a5-899b-46da-9b3c-144d3e44cc41,236,10287.2,Bangalore,Clothing,2026-02-16 14:51:55,0
95694427-3fa7-4532-b7a5-5627b3156457,262,8385.18,Delhi,Clothing,2026-02-16 15:34:57,0
c88ac8b7-c57d-428e-92cc-391dbdd6c8ce,349,10787.05,Mumbai,Food,2026-02-16 15:59:49,0
d1a7ba20-11b4-41e9-b15d-a72dd4cee27c,202,6809.82,Jaipur,Food,2026-02-16 16:11:43,0
c8bc7784-a8c9-4656-bab3-d9a3dfa4a6da,238,8017.94,Pune,Groceries,2026-02-16 16:13:15,0
8e60d31f-e84c-40af-9c3d-122bb72cef88,412,4900.6,Kolkata,Groceries,2026-02-16 16:25:26,0
f4bad423-bc6d-4653-b50f-aeb4506713ea,476,8772.03,Kolkata,Food,2026-02-16 16:47:13,0
dddf8a27-b360-48af-91aa-fb5ceb0cbd6c,415,1372.0,Jaipur,Groceries,2026-02-16 16:57:50,0
80155756-91b0-4f07-8700-3fcfdeb2d490,253,24856.76,Jaipur,Food,2026-02-16 17:13:00,0
907c7b39-d1f0-45ba-8e69-60eda3bd2289,25,5341.95,Hyderabad,Groceries,2026-02-16 17:22:56,0
f9e6eee9-4302-4672-9945-d2554265a528,174,1248.76,Chennai,Groceries,2026-02-16 17:32:14,0
0f475b4b-5ddf-42d6-8b33-9b05bd389791,195,5176.92,Hyderabad,Food,2026-02-16 17:45:27,0
16d312b4-cdc2-4320-a10b-f5beceb53406,91,21286.15,Mumbai,Clothing,2026-02-16 17:47:41,1
ed9f8d7c-9a60-4106-96c3-f2d85aa1031d,160,42118.32,Mumbai,Utilities,2026-02-16 17:51:36,1
6fcddf50-a86d-4251-bc98-756fe288109d,474,1935.78,Jaipur,Food,2026-02-16 18:08:08,0
507b9072-65e5-4f34-9df0-6e8c878aaed9,188,6850.21,Chennai,Clothing,2026-02-16 18:28:23,0
ace829a4-7478-4677-a94e-e99ffa941cbb,458,8998.45,Chennai,Food,2026-02-16 18:51:03,0
1391d18a-8171-4955-8f7a-1e435a1ba9db,394,3846.31,Kolkata,Food,2026-02-16 19:15:28,0
c4b3486f-c68a-4cec-ac52-8ec320aad273,183,6071.66,Mumbai,Groceries,2026-02-16 19:39:10,0
be37d0e3-c626-425c-8f3f-57acf634100c,256,11012.26,Bangalore,Clothing,2026-02-16 19:42:09,0
6dc54709-fa74-4ca5-a6b7-6a5aa41f8cd4,357,5413.57,Mumbai,Food,2026-02-16 20:05:03,0
12250b77-75f7-47b7-8456-9cb382f1417e,60,2559.8,Jaipur,Groceries,2026-02-16 20:12:20,0
8f8604af-6b32-4323-ae39-1a52eb04173e,397,316.75,Jaipur,Food,2026-02-16 20:45:21,0
c1b2a715-81fe-4fe9-8fdf-6e69dbda8188,477,4292.33,Hyderabad,Food,2026-02-16 20:59:13,0
0dc6d899-ee20-4e85-bb5a-aea7fd77319f,277,9174.61,Bangalore,Clothing,2026-02-16 21:01:16,0
85fd5560-b31a-4b4a-a917-db456590af8d,122,2271.6,Bangalore,Food,2026-02-16 21:13:38,0
2efe3d84-2c30-4639-a8b5-cba68e31ea45,87,2678.81,Pune,Food,2026-02-16 21:20:47,0
3b256850-bd60-4ed4-bc9e-223730515e52,410,9028.24,Bangalore,Utilities,2026-02-16 22:00:50,1
227be089-0849-4f04-b842-231b042973a9,408,2566.02,Chennai,Groceries,2026-02-16 22:48:05,0
44b627d6-e845-4fc5-9f6a-03fb98fcad7b,371,27509.99,Pune,Food,2026-02-16 23:15:12,1
9b37bd67-8665-4459-8688-1e5902615b17,90,48063.97,Jaipur,Travel,2026-02-17 02:41:32,1
798aa939-b487-4049-8d80-b9d4a4d8837a,87,4807.76,Pune,Food,2026-02-17 03:00:50,1
e53783e1-4901-4c6b-b61c-d5da516b8815,87,17089.88,Jaipur,Utilities,2026-02-17 03:05:59,1
81ecaca7-b8bc-45c0-8d57-6dc656db94f3,87,3110.42,Pune,Utilities,2026-02-17 03:14:12,1
da81a6f3-2aa8-4859-adc8-26f73b4ce485,87,3299.37,Pune,Groceries,2026-02-17 03:15:45,1
79085291-267c-47af-9d27-14df6d006ab4,87,7805.85,Pune,Electronics,2026-02-17 03:20:03,1
763c714b-993b-4792-8fe5-aa88abe3ec98,304,6023.23,Kolkata,Groceries,2026-02-17 05:16:09,0
da5780de-64a5-4d42-beca-6f4d81ec3ce0,43,27028.64,Chennai,Travel,2026-02-17 05:57:03,1
32d93235-839c-4e9f-9fbe-5c01ed6f3a74,130,4030.65,Pune,Food,2026-02-17 06:41:27,0
41980029-98e1-454c-bc71-51836c5ccba7,128,7802.1,Hyderabad,Clothing,2026-02-17 07:08:55,0
da004752-5298-46bb-8602-29a4ea55292d,272,21526.7,Kolkata,Electronics,2026-02-17 07:23:15,1
ff2068e8-647a-4b28-9f1c-0be0d56c4e9b,488,5542.57,Kolkata,Electronics,2026-02-17 08:21:25,0
86514886-a5b0-4024-a12a-d11986fbbcdb,217,5265.86,Pune,Food,2026-02-17 08:32:21,0
27180985-f2d6-418c-83a3-574a919cf735,316,1798.83,Kolkata,Groceries,2026-02-17 08:42:59,0
43eb3c09-d3d0-40d5-91d1-977cef00137c,32,4984.71,Mumbai,Clothing,2026-02-17 09:09:27,0
ee88891c-b34e-42fc-9243-14c8ace76617,65,3090.76,Pune,Groceries,2026-02-17 09:32:34,0
dc0d81f3-02cd-4d8f-9ee5-15449677fc87,5,29618.68,Chennai,Groceries,2026-02-17 09:41:40,0
f82dd1f5-14f3-4e9b-9497-7ff67d359603,167,7249.31,Jaipur,Food,2026-02-17 09:54:52,0
d1b22e3c-2ede-4487-b730-58be48924bd6,157,5882.51,Bangalore,Clothing,2026-02-17 10:50:37,0
89aa22b0-5e0a-4bb3-9f05-149b5604cb1e,11,10166.15,Pune,Food,2026-02-17 10:58:40,0
3da802e1-4b1e-4ee0-9974-f48a4eb3cc3f,173,4743.34,Pune,Clothing,2026-02-17 11:11:14,0
930fd1fd-72ee-4462-9ce8-f06bc3f9a546,368,11833.83,Bangalore,Food,2026-02-17 11:27:16,0
53bc4e17-7ed9-48ff-aa57-4a5651515ada,150,5607.47,Chennai,Electronics,2026-02-17 11:41:40,0
d0117fee-772d-4864-b536-5ad256f04f7d,134,7845.88,Jaipur,Electronics,2026-02-17 11:54:17,0
80038f26-e7ab-4ef7-bb8f-d09acc8ceba9,122,11413.65,Chennai,Groceries,2026-02-17 12:11:07,0
98b13a81-524e-48e5-ba15-dac8fed6d62d,266,10353.07,Kolkata,Groceries,2026-02-17 12:26:43,0
a6b0a5a7-0251-4371-81bf-d84b02dc87af,443,11866.6,Hyderabad,Utilities,2026-02-17 12:30:15,1
75ae9fb5-bff9-4f1d-b235-418130b4c334,254,8241.25,Kolkata,Food,2026-02-17 12:53:32,0
d534dffe-4d67-4428-ac9e-7811481ceb56,71,2702.29,Mumbai,Clothing,2026-02-17 12:54:04,0
30974b2b-46a0-4a9b-a5ec-7acd0f8035f5,354,5391.88,Delhi,Food,2026-02-17 13:06:43,0
86452f11-c6e1-4ce9-83b5-8ade243cabb0,500,5147.69,Delhi,Food,2026-02-17 13:08:08,0
f21dfe36-2c27-4031-97ef-f6da6cd7f2a3,232,9463.39,Bangalore,Clothing,2026-02-17 13:28:37,0
cd0cb712-1784-4c41-94a3-8eee77d66316,7,11548.47,Pune,Food,2026-02-17 13:53:23,0
6138ecfd-99d0-4cf0-a836-82373f679b26,4,2669.36,Chennai,Food,2026-02-17 13:59:25,0
d597ea14-27dc-4857-b422-acb0a4d6c76c,429,4800.03,Bangalore,Clothing,2026-02-17 14:14:36,0
5eafae7d-50b0-444b-a7ed-4bb0d69ae0db,236,16520.5,Mumbai,Food,2026-02-17 14:19:48,0
4ea23f31-5b46-4a12-b4bd-c2c7d81a40b9,321,8276.29,Pune,Food,2026-02-17 14:36:42,0
caf3c094-b61e-48af-8ad7-6a0d52194d62,44,1705.83,Mumbai,Clothing,2026-02-17 14:58:09,0
b9f6143b-b238-4056-a1ec-47541cf14654,48,2276.15,Mumbai,Groceries,2026-02-17 15:17:53,0
d8b817d4-6261-4710-8b72-0f384aa8b839,378,4228.82,Pune,Travel,2026-02-17 16:15:37,0
aeb8ee1f-9a5a-46c0-9603-20b3a097bb98,142,6767.64,Bangalore,Clothing,2026-02-17 16:20:14,0
fa5d8ae7-4733-4a26-8470-32f633b5f51d,361,4352.63,Pune,Electronics,2026-02-17 16:25:59,0
0bb68d75-df99-4726-9c36-6f5ca23f3abf,128,8265.6,Hyderabad,Groceries,2026-02-17 16:26:42,0
0d2b91ef-b897-4ec5-aa74-bb18de3b496f,50,6720.81,Mumbai,Travel,2026-02-17 16:35:21,0
7887343f-2806-43e5-b048-34f20363f8ee,4,6539.89,Chennai,Food,2026-02-17 16:57:17,0
69d1517c-b48d-4c1b-af83-054113aefbc7,116,7466.75,Mumbai,Food,2026-02-17 17:06:20,0
e30cefb7-1f92-4ab2-a565-745cff895c67,308,28917.26,Bangalore,Utilities,2026-02-17 17:25:36,0
8bccd2b9-b155-4e90-a925-ab2f94ffc632,203,9427.42,Delhi,Utilities,2026-02-17 18:06:30,1
dcdf9bbd-95bb-440b-907f-229b15ecc9c4,342,6630.77,Chennai,Groceries,2026-02-17 19:21:11,0
d05f6669-0e0a-4ba9-b0f4-795e03d29f9d,480,7485.72,Kolkata,Clothing,2026-02-17 19:21:28,0
fe12ace5-09f0-4f24-a28f-553768a64d97,374,11115.72,Kolkata,Food,2026-02-17 19:23:24,0
ef156503-615f-4060-ae56-65df763dffdb,399,8069.84,Jaipur,Clothing,2026-02-17 19:29:59,0
f29ec80c-4237-42b9-87fa-5903ef3647a4,68,9920.26,Kolkata,Clothing,2026-02-17 19:49:37,0
c163df1b-df32-4343-a562-f0a068127855,344,7316.59,Kolkata,Clothing,2026-02-17 19:58:08,0
583bfc76-2337-4bb8-b981-154fcde85e6f,452,322.17,Hyderabad,Food,2026-02-17 20:48:38,0
621285e3-407a-492f-a60d-63f3eaf590ed,247,4869.31,Kolkata,Clothing,2026-02-17 21:17:30,0
529d82f8-35a3-4604-93a6-7d03488b8a9c,319,10561.74,Chennai,Food,2026-02-17 21:40:55,0
d9a09007-5bb4-4c18-b281-87c4aa055442,480,5907.73,Chennai,Groceries,2026-02-17 21:49:54,0
131b9633-ee5c-4bab-9f17-5b50e80339dc,292,8377.67,Bangalore,Food,2026-02-17 22:04:14,0
8fe77c72-a73f-413f-b1ce-ccba56e6e186,358,5117.85,Pune,Food,2026-02-17 22:17:27,0
39f31f6c-f1b6-4d8d-aa41-3b76f826d7d2,116,11907.57,Delhi,Groceries,2026-02-17 22:33:12,0
d5d9211e-a37e-4f52-b5d2-bcadb5574a16,180,7029.95,Pune,Clothing,2026-02-18 00:23:20,0
da32c50c-b0d8-4fbe-93e6-ec0538ac8f0f,85,5435.56,Chennai,Groceries,2026-02-18 00:42:00,0
8d6a773e-09cb-4a7d-a372-a0aa86f4ae8a,180,21236.99,Pune,Travel,2026-02-18 01:49:22,1
24f8516a-d0d3-4a9b-a232-10ca1bdb0585,127,4144.59,Delhi,Food,2026-02-18 01:54:19,0
b05ab6bf-bca9-4eba-b5ff-dd0c2eda17d5,465,1866.43,Kolkata,Food,2026-02-18 08:31:30,0
7ac067a6-9297-4aac-bcc2-ed1892aef13c,333,7873.03,Jaipur,Clothing,2026-02-18 09:07:05,0
35b86d0a-864f-46dd-a9ec-09d586eced99,460,9125.46,Delhi,Clothing,2026-02-18 09:18:30,0
66c3f832-42b0-4e31-af3f-be11173a603d,209,1748.26,Chennai,Clothing,2026-02-18 09:19:22,0
649f7d88-8989-45ab-be2b-34d82db0728d,192,11013.67,Jaipur,Food,2026-02-18 09:43:42,0
929a7800-1f84-4586-b5d1-f63bb901aec9,29,8809.88,Mumbai,Food,2026-02-18 09:43:51,0
faffc92e-a35f-445c-b7ea-059900e0d047,420,11473.08,Pune,Groceries,2026-02-18 10:16:02,0
a615de96-13e7-48c7-ae35-4332bea34677,246,6704.54,Chennai,Groceries,2026-02-18 10:21:57,0
a8c5a01f-1ebd-40eb-a77f-79deafa08a33,354,11497.44,Delhi,Food,2026-02-18 10:32:40,0
b8a31114-f119-47cb-a70d-b5f925af3886,482,179.81,Chennai,Groceries,2026-02-18 10:55:00,0
1b4142aa-8aa4-41e9-a9aa-aa7e483eb6a1,208,9659.74,Jaipur,Groceries,2026-02-18 11:17:06,0
de226bf8-5d44-447b-8675-836715c8bbdc,277,8719.45,Mumbai,Clothing,2026-02-18 12:22:44,0
cabfe4ec-a1d5-4f33-b791-a7546874eff1,181,3726.48,Pune,Clothing,2026-02-18 12:26:44,0
efd13d60-3e3c-44d1-b60f-b1f2fdb59d06,34,9696.25,Kolkata,Clothing,2026-02-18 12:28:40,0
4f7ebc54-94f3-4a1b-b096-0fbb1c89fe3c,96,10286.11,Jaipur,Clothing,2026-02-18 13:51:28,0
f66578db-1a1d-4873-b860-08cd41793186,147,10213.06,Jaipur,Utilities,2026-02-18 14:34:46,0
81d9cff9-9de2-48ca-8edc-3a083442853a,201,11444.76,Bangalore,Food,2026-02-18 14:48:10,0
2448ef43-1566-4d1a-ad15-420ba2bc6715,308,9721.55,Pune,Clothing,2026-02-18 15:13:03,0
15f0ea19-18c1-40d2-aadf-3692b24beb96,454,5404.73,Kolkata,Food,2026-02-18 15:16:14,0
57dfde3b-917f-4f1c-9733-4e1e7ea08ec3,164,5234.77,Mumbai,Clothing,2026-02-18 15:44:58,0
e79398c7-bc2d-4926-9b50-f72bc01cb5b4,415,1409.52,Jaipur,Groceries,2026-02-18 15:48:08,0
b6646199-ed25-459e-8f89-37fa753e9662,119,8545.3,Delhi,Food,2026-02-18 15:55:38,0
4fc2fd2b-9b34-4649-a6f8-03c6d8868d4d,71,6250.12,Bangalore,Clothing,2026-02-18 16:23:26,0
8a96372e-0ccb-4d56-acb6-04d3f495bfb5,459,1866.22,Hyderabad,Clothing,2026-02-18 16:32:57,0
9278f380-b351-4ddc-9951-86208769ee24,114,9414.53,Hyderabad,Clothing,2026-02-18 16:46:56,0
ce6327b3-1539-4ff6-bc67-a2a089f38c4e,191,2215.58,Jaipur,Food,2026-02-18 17:26:51,0
69dcce11-7671-452a-a93d-ffae876d9b13,357,2550.07,Mumbai,Food,2026-02-18 17:29:46,0
5ede88f9-4f63-4eb0-bd14-19afd19c662e,357,3630.74,Mumbai,Food,2026-02-18 17:53:14,0
42c29d17-0e9a-4279-869a-bf22a39b3864,431,9294.87,Mumbai,Groceries,2026-02-18 17:55:30,0
34ee0b67-21bb-4183-8acf-d4d672fcc072,374,8168.14,Kolkata,Travel,2026-02-18 18:14:26,0
f0146b37-b780-4b06-9634-647134cee146,190,6021.88,Chennai,Groceries,2026-02-18 18:18:02,0
16d1d768-1c83-40ba-9672-380e4a7d6fa1,176,8941.32,Mumbai,Groceries,2026-02-18 18:41:50,0
68e5d3b1-9dc4-455d-834d-32216bbd8ecf,234,630.87,Delhi,Groceries,2026-02-18 18:43:22,0
be2ef077-0b61-4c4d-a758-baba57fd84bb,155,617.51,Chennai,Food,2026-02-18 18:48:14,0
e37d9fd7-3ec7-4a20-b234-7c81c1a08ac0,337,8656.51,Kolkata,Groceries,2026-02-18 18:52:13,0
1bc2b4b4-6a40-4733-a75b-7c2c12be16cb,243,22490.71,Pune,Clothing,2026-02-18 18:53:57,0
14aed155-2120-45d1-9a84-c17205ec28ed,126,5643.69,Mumbai,Food,2026-02-18 19:19:41,0
b4be74d0-f9b0-4bff-b1ed-5e546407e982,168,2158.12,Chennai,Groceries,2026-02-18 19:27:24,1
3600f1ae-1ac4-49f0-8120-25cf7191f750,172,17499.87,Jaipur,Utilities,2026-02-18 19:30:45,1
a26d3566-8ac2-40e9-8d79-189d92ee1450,121,5932.25,Delhi,Groceries,2026-02-18 19:36:08,0
aaca86b5-cbba-466d-bf82-1bfbc2142c08,117,2840.49,Hyderabad,Groceries,2026-02-18 19:49:34,0
17b9fa71-cfd8-4503-8340-d816e17c0533,330,7641.1,Mumbai,Food,2026-02-18 20:10:40,0
da242350-033a-408a-a758-d04fac5d3cf5,51,6730.79,Pune,Clothing,2026-02-18 20:10:53,0
06de1761-b118-48b7-b7a7-6752de81b3ed,457,1492.02,Delhi,Food,2026-02-18 20:14:18,0
437478bd-773f-4b30-907d-4224493a55d2,144,11515.23,Hyderabad,Clothing,2026-02-18 20:41:05,0
24d4d5a3-1bc2-497e-bdf7-7791a53e62ba,32,11951.91,Mumbai,Groceries,2026-02-18 21:16:11,0
d65921e3-dcd7-41f5-98e1-d542e9fbbb50,314,2548.71,Chennai,Clothing,2026-02-18 21:29:01,0
77202dd8-e164-4172-802a-8cc75773567b,7,6405.39,Mumbai,Food,2026-02-18 21:41:10,0
a6434df0-31b0-43b1-a24d-b3b460d227cb,122,1892.98,Chennai,Groceries,2026-02-18 21:45:55,0
484f7f7c-244f-42f4-9b69-60311f683d6f,400,7945.17,Delhi,Clothing,2026-02-18 22:09:40,0
4bcd9c1e-eed6-4834-b8e9-45559c934831,213,3968.64,Pune,Groceries,2026-02-18 22:16:55,0
1eb74ad0-57f2-4c3f-b812-b99d74d915c6,49,1351.41,Mumbai,Groceries,2026-02-18 22:38:00,0
bb2bec75-5aae-4bd7-ba4e-acb9cf50c4ca,335,17013.52,Chennai,Clothing,2026-02-18 22:54:16,0
f2fdaf06-676a-4718-b348-ee36f769e23c,171,7772.49,Hyderabad,Food,2026-02-18 23:15:57,1
2469c600-19ba-48cc-994a-8e03307b6d17,28,27615.29,Delhi,Utilities,2026-02-19 00:57:33,1
8bc78e81-5a30-4528-8b59-95622227219f,326,3118.44,Pune,Food,2026-02-19 01:22:15,0
47a7b207-8037-43bd-9939-2e0991888926,426,5398.46,Chennai,Travel,2026-02-19 02:09:47,1
75e2e96a-b066-4e7f-acc3-d4d36cb3c944,169,1730.34,Delhi,Food,2026-02-19 03:33:54,0
8e0370cf-8e96-4227-b2e7-6b516e54ac6d,379,1367.96,Kolkata,Groceries,2026-02-19 04:28:23,0
641632b9-6f96-4190-997e-be4d63b88d2b,314,5707.82,Hyderabad,Groceries,2026-02-19 08:15:13,0
2fb8f0da-0ca9-42c7-8676-676d0d04979b,94,4929.17,Bangalore,Clothing,2026-02-19 08:34:01,0
b0abc45f-cbd2-4e85-8f91-14f169ec5a20,440,149.44,Jaipur,Food,2026-02-19 09:24:43,0
8954fc3d-210f-4a8a-9c59-b736fd561b27,494,2873.17,Kolkata,Groceries,2026-02-19 09:29:03,0
8d17e0ba-9584-4ad4-b40b-417d51c9f33a,149,4057.54,Mumbai,Groceries,2026-02-19 09:47:22,0
efaecf4f-eebb-4c06-9b7c-1a9e283d60f3,8,8635.89,Mumbai,Food,2026-02-19 09:47:52,0
f77741eb-e8aa-445f-bf03-4bfc1fae5904,339,8049.49,Chennai,Food,2026-02-19 09:58:26,0
adc8a219-f4de-4a69-a494-446a3f005dab,172,2948.96,Jaipur,Food,2026-02-19 10:22:22,0
7964421a-2444-419c-ad4f-52f755bc36e9,140,9774.51,Hyderabad,Clothing,2026-02-19 10:36:50,0
03c40337-60b1-43b9-bb0a-d480fffb6cbf,487,6398.44,Pune,Groceries,2026-02-19 10:39:09,0
8e9f69f8-0cd6-4356-b802-9a36dd8ce3ff,370,5775.2,Kolkata,Groceries,2026-02-19 10:53:38,0
b0fb843c-fa31-446b-b041-d9612a983f49,65,9301.49,Pune,Clothing,2026-02-19 11:13:48,0
fd880bfa-7a98-4635-b38f-da15f03bbd44,345,8711.61,Hyderabad,Clothing,2026-02-19 11:26:53,0
739ff437-9ec5-40cc-9f60-8712996e767e,207,11857.76,Pune,Clothing,2026-02-19 11:47:51,0
af6c6716-0453-4d47-b5a0-cc2427d26d0c,322,9938.61,Pune,Food,2026-02-19 12:35:32,0
505739f3-1031-4582-a2d8-84ee5d89378c,397,7967.07,Jaipur,Food,2026-02-19 12:42:25,0
53ca59b9-c72a-4b39-b3cc-a92d27bb607f,212,7468.45,Delhi,Food,2026-02-19 13:06:33,0
324edaa7-f36e-425b-ab18-d634ef1b64cb,104,7149.44,Bangalore,Clothing,2026-02-19 13:30:05,0
94f319ac-1938-4fc7-8224-91e981e02a64,388,1951.5,Pune,Clothing,2026-02-19 13:43:45,0
d16f6817-9ca5-46d6-906d-c63b36634891,324,10114.37,Delhi,Clothing,2026-02-19 13:57:53,0
acb456d3-3945-474b-8e38-b2d46eae629c,119,11735.92,Delhi,Food,2026-02-19 14:07:02,0
5d3a4089-0226-4c30-bf6a-f7e5fb55c310,287,4053.76,Bangalore,Food,2026-02-19 14:07:20,0
5fd89dfd-1784-4b08-a218-e833e0a5a210,2,772.6,Bangalore,Food,2026-02-19 14:12:15,0
8a829f6d-7d76-47cb-803e-de27ab666a8c,319,6639.1,Bangalore,Clothing,2026-02-19 14:52:04,0
6d272c5f-fb86-4a16-a526-3123e1a3969b,244,8099.79,Kolkata,Utilities,2026-02-19 15:03:45,0
876e53a8-f31e-4ab9-a03c-3b65409e9d63,447,5665.42,Hyderabad,Food,2026-02-19 15:48:45,0
16e7c57b-302a-4fdf-b7ee-3353e065e121,127,3537.14,Mumbai,Food,2026-02-19 16:27:39,0
daa222ca-a9fb-489b-97f6-5bd2e7284f5a,497,7238.79,Pune,Groceries,2026-02-19 16:42:20,0
4d25298f-164b-45f0-8bfc-721c7f780428,376,2421.42,Hyderabad,Groceries,2026-02-19 16:56:36,0
c971bf51-4a32-4b22-9b2b-b2ec80b9ec30,9,6464.53,Mumbai,Food,2026-02-19 17:04:48,0
8c28d4a4-d301-476f-a8a9-4b68e9fc5fb3,186,805.97,Kolkata,Food,2026-02-19 17:36:00,0
60baed08-f2d3-4176-b8f9-a26a386d67d8,495,20895.62,Bangalore,Travel,2026-02-19 17:47:49,1
1569b15e-82f9-4ef9-8c2e-13c99d5b467c,480,4150.58,Chennai,Clothing,2026-02-19 18:00:24,0
fe1c4a28-c862-470c-b904-ffb1443ff733,250,4499.81,Pune,Food,2026-02-19 18:32:03,0
6431cbbe-0e44-49dc-81b6-1c872803feb5,367,1401.65,Pune,Clothing,2026-02-19 18:35:43,0
20770cc9-4e38-4d81-8b43-0603c88fa1b8,276,3075.58,Mumbai,Groceries,2026-02-19 18:52:34,0
115b4d5e-9e6b-42d2-a453-cfdc86d95abd,401,1852.41,Mumbai,Groceries,2026-02-19 19:23:45,0
0927d2fc-0306-43e0-8e3a-bb8ae18f8b8e,17,9534.63,Pune,Groceries,2026-02-19 19:34:32,0
405d2466-6ebc-4f80-8c6c-46abff998d95,43,4072.38,Chennai,Food,2026-02-19 19:45:44,0
ed2b6674-17de-453f-aa14-727271b46d8e,25,5570.4,Pune,Groceries,2026-02-19 20:17:23,0
b44e282d-9328-48cb-9da0-c87485691519,228,3907.53,Bangalore,Food,2026-02-19 20:18:34,0
cef483f6-71d5-4861-b6bd-6dbe3a8e36fd,3,9700.95,Hyderabad,Food,2026-02-19 20:24:02,0
10a437d5-e6b1-4ece-85d0-cf83c28fcc52,55,9867.06,Delhi,Clothing,2026-02-19 20:53:02,0
9411bd98-448b-4a0a-9455-0f9486e1d4b3,59,11805.67,Hyderabad,Groceries,2026-02-19 22:07:51,0
bb813d30-0a0a-4a8a-82b6-8a9ac68b113b,65,10857.94,Bangalore,Food,2026-02-19 22:23:28,0
1ee50b79-e084-49b5-bf2b-de3f5832797b,286,5947.65,Hyderabad,Food,2026-02-19 22:49:56,0
d736c320-a19c-4caf-9b45-c4305fd392e2,373,5098.67,Kolkata,Food,2026-02-19 23:16:07,0
bd39de2e-8914-400a-885e-e806c8e572b3,39,5117.51,Pune,Clothing,2026-02-19 23:58:25,1
39d1ec1c-5276-46d3-aa6e-2c7c18391686,251,8256.8,Delhi,Food,2026-02-20 00:34:38,0
c2d30238-dd7e-4cf9-bbf0-bc30da6173ed,214,11002.66,Bangalore,Groceries,2026-02-20 01:08:08,0
a960f8b0-d2fd-47e2-bb6d-f344e4d3207a,105,26400.42,Mumbai,Food,2026-02-20 01:26:52,0
2aaa7136-a9c4-4a88-9ea1-6aad2253c983,332,4458.71,Delhi,Groceries,2026-02-20 01:37:35,0
a54976d0-091a-4875-8c18-dd0e7978dc84,175,7430.32,Mumbai,Clothing,2026-02-20 02:12:21,0
d5f20495-ab26-4eba-a5cc-005b19194cce,97,44470.62,Kolkata,Electronics,2026-02-20 02:14:00,1
aefb4b37-a50e-45e7-8e77-b6893d407ee0,405,6622.36,Chennai,Groceries,2026-02-20 03:28:10,0
f18f2155-865b-4427-aff3-2a6506809246,268,2881.7,Delhi,Groceries,2026-02-20 05:49:23,0
84a91789-b2c0-47e8-9ed0-72e9f9fc6034,144,6962.32,Hyderabad,Food,2026-02-20 06:30:34,0
8a21ab25-1e02-4368-8fcf-635be48dc8b9,60,24837.94,Mumbai,Food,2026-02-20 08:18:00,0
646d826e-3730-4172-a065-bbe1404db2ae,427,8687.57,Delhi,Food,2026-02-20 09:02:00,0
442f6014-25aa-40d9-8c1d-1f890eec639a,443,12733.78,Bangalore,Utilities,2026-02-20 10:05:38,1
eeced5b3-3a8d-4127-84f6-4befb9f9d376,99,10243.05,Bangalore,Clothing,2026-02-20 10:20:33,0
f76361e6-5f9f-4701-b819-544a20b8d865,398,8678.07,Chennai,Food,2026-02-20 10:36:46,0
d09795e3-5697-4811-a506-986faa441b64,50,6983.78,Delhi,Groceries,2026-02-20 10:36:59,0
517a8221-ae62-498f-be00-20f61bac1c4a,496,7294.69,Mumbai,Clothing,2026-02-20 10:49:15,0
4806c38e-7f46-44ce-bf54-dcfcf14aeb52,473,4457.28,Bangalore,Clothing,2026-02-20 11:09:15,1
718170c2-34b1-48aa-a6df-6494ac1cfcfc,215,3058.02,Mumbai,Clothing,2026-02-20 11:17:08,0
e8bd3a83-2e02-4c5c-98ea-3bcdf0072b9b,226,1614.56,Bangalore,Groceries,2026-02-20 11:21:20,0
6dc56044-3016-462b-9886-75455025ac18,77,8707.7,Kolkata,Groceries,2026-02-20 11:33:37,0
b773bf1a-82c8-4535-9c5a-65c7d79645a8,138,11584.55,Jaipur,Food,2026-02-20 11:36:16,0
b8ae35cd-5dcc-4cbd-ac89-550006e8ccbd,184,14280.05,Hyderabad,Travel,2026-02-20 11:52:58,1
ddca9cc3-d48f-46c5-a431-d4a9ca1ef8d9,304,4300.94,Kolkata,Food,2026-02-20 12:11:40,0
a5985a38-f567-4d93-af25-c802132c230d,451,3263.75,Chennai,Utilities,2026-02-20 12:14:50,0
3930d972-4a82-4ba1-9458-01cd948c1f80,50,2506.15,Mumbai,Groceries,2026-02-20 12:15:33,0
1537846c-da6b-491d-a079-165797ec147d,252,4923.28,Hyderabad,Clothing,2026-02-20 12:15:39,0
ddbef36d-c087-4379-aee3-4080f251e040,217,869.09,Jaipur,Food,2026-02-20 12:27:16,0
314cf28c-e1e5-4c0b-b53e-46fbbefd1a00,95,4171.76,Mumbai,Travel,2026-02-20 12:29:23,0
815d6b9d-f4c9-4a79-9971-d61fb9257691,396,3480.06,Jaipur,Groceries,2026-02-20 12:50:34,0
91e3af42-0927-4852-b1ed-e614c7831656,380,5226.58,Pune,Clothing,2026-02-20 12:58:32,0
1b84edc3-d8e0-49de-8217-ea0e896490ab,484,11603.57,Pune,Food,2026-02-20 13:03:03,0
4b8c031f-a5b4-4983-beeb-c04a9df2372e,222,4654.48,Chennai,Clothing,2026-02-20 13:13:58,0
9e85c200-a86b-4cdb-983e-4b4b51c91bec,454,367.6,Kolkata,Food,2026-02-20 13:32:19,0
5c15b36c-1363-4af8-8981-2f8c89268a31,66,2420.93,Hyderabad,Clothing,2026-02-20 14:01:10,0
5c96703d-5caf-4c6a-a4ca-98e8cddedccc,214,9062.4,Bangalore,Groceries,2026-02-20 14:14:44,0
d57097e6-6fd4-460a-bca5-2a0786302ad7,360,36972.73,Jaipur,Travel,2026-02-20 14:26:28,1
fbcaebdc-46ab-4edd-a149-1f7cdb1df2c3,94,145.14,Bangalore,Groceries,2026-02-20 14:45:51,0
2a1f7077-470d-4b46-a982-c35f03d38568,127,3998.78,Delhi,Food,2026-02-20 15:18:54,0
1fb026cc-a529-4f56-8fa0-9a4c4f10aae3,461,645.25,Chennai,Clothing,2026-02-20 15:47:17,0
f8b9f8fe-a2b9-4395-b6e2-e392c46830a5,94,1911.04,Bangalore,Groceries,2026-02-20 16:05:20,0
00e4e0b0-599b-4cae-93d0-25137a045c43,242,3386.5,Mumbai,Food,2026-02-20 16:10:32,0
a7a3bc7a-01c9-4464-87d2-2e313da325e2,84,7148.47,Delhi,Food,2026-02-20 16:40:18,0
03aabfac-e819-462b-951b-769c51f694cc,50,11609.58,Mumbai,Clothing,2026-02-20 16:40:25,0
71c74f62-68a5-457c-9959-a5c3fb418306,106,10245.54,Hyderabad,Food,2026-02-20 17:04:06,0
c1fb1603-2e4d-45c8-96c2-eafaa8a7dccb,86,10669.49,Mumbai,Food,2026-02-20 17:22:14,0
e2236d87-f6a9-48dd-b4a6-6aae93649895,115,10657.29,Chennai,Clothing,2026-02-20 17:43:15,0
a0af0b16-dd35-485c-81eb-2f3fe25f1e36,374,9606.82,Kolkata,Food,2026-02-20 17:43:15,0
c1f04e29-f7af-49c6-95c4-b7afeff27b85,129,4777.48,Chennai,Clothing,2026-02-20 18:15:49,0
952e653e-3ac0-4784-b576-50f90937a982,344,30310.73,Kolkata,Clothing,2026-02-20 18:45:44,0
f941e08f-9bf9-40db-add7-a13078ee2f94,474,5447.33,Pune,Food,2026-02-20 19:16:08,0
a93ca126-b7fb-46e0-bdb7-dd9bf7881d98,39,7204.21,Hyderabad,Clothing,2026-02-20 19:21:17,0
d8d20bb0-0141-4ba4-bc6a-57385c518a84,135,2582.65,Mumbai,Food,2026-02-20 19:38:28,0
7c4a42db-6105-4668-8e49-a74399786dc1,414,3841.22,Mumbai,Groceries,2026-02-20 19:41:08,0
5e206bf5-d68e-4ea7-93c5-3f25deb4b9ae,199,225.84,Jaipur,Food,2026-02-20 19:53:41,0
ae3b0ab2-8df8-456c-b516-545cea468cd2,39,8586.66,Chennai,Clothing,2026-02-20 21:06:30,0
9ce81282-8a06-4575-97e3-52cb107e1a81,444,2963.77,Chennai,Food,2026-02-20 21:46:06,0
86450a77-932a-42ab-ad9c-2e1229dd3c5f,303,2454.1,Bangalore,Groceries,2026-02-20 21:55:23,0
48d90846-55c5-41fc-bba5-7cc8edaf3766,429,2317.11,Hyderabad,Groceries,2026-02-20 21:59:18,0
38f1c43d-ca77-4a53-953b-acff2bcf26e5,294,2793.26,Delhi,Food,2026-02-20 22:16:03,0
23294408-9dc2-4b33-9021-c57d0157c575,27,8783.39,Chennai,Groceries,2026-02-20 22:17:55,0
6085811b-67a4-4db6-a0dc-3d2b994fe7dc,183,10687.01,Mumbai,Food,2026-02-20 22:33:25,0
09bd7a03-44ea-4da0-96e4-2b52845a91f2,320,8175.86,Delhi,Clothing,2026-02-20 22:36:39,0
ccfcc304-fb13-44ee-a0fb-b1e1d6d8cd81,487,11211.85,Pune,Groceries,2026-02-20 22:52:16,0
ab8ddbbc-6807-46fd-9896-d3beb8c62324,452,4545.37,Hyderabad,Clothing,2026-02-20 23:38:38,1
f1fb6b77-54bf-4243-97c8-3e0a8a40fc3e,16,5552.06,Chennai,Electronics,2026-02-21 03:49:15,1
95284c0a-cb6b-4562-a488-c84d99d090fd,265,6806.9,Chennai,Food,2026-02-21 04:05:13,0
9225a71c-c10f-4ed9-b276-df06337b9b20,94,893.57,Bangalore,Travel,2026-02-21 04:31:52,1
7077d33e-d04c-44db-a70a-4855d0b6eada,221,4940.18,Chennai,Food,2026-02-21 08:07:17,0
05ecad50-00ad-4d8f-8c5e-c79b67fc50e0,150,7165.55,Chennai,Groceries,2026-02-21 08:33:33,0
c6691549-d6fb-4c44-b501-f85b02860877,148,1199.72,Delhi,Food,2026-02-21 08:40:03,0
a4424db0-8076-46ac-9da2-24b2a0eda542,273,9285.6,Mumbai,Groceries,2026-02-21 09:08:04,0
8c141f23-1695-4ee6-bcfc-7e7f556ff5ff,246,2929.76,Kolkata,Groceries,2026-02-21 09:11:07,0
cc54432e-8392-47dd-950f-a45ba36054c6,134,29868.57,Delhi,Groceries,2026-02-21 09:29:56,0
00421dd9-14c7-4aa6-84c9-921c0060566b,413,8266.93,Jaipur,Groceries,2026-02-21 09:46:21,0
2bfee718-5e96-478d-a9d6-9511dd972216,194,6099.96,Delhi,Groceries,2026-02-21 09:56:58,0
a8c7916a-142d-4e7c-9c03-53172f384264,324,2074.61,Jaipur,Groceries,2026-02-21 10:14:57,0
263e0670-a1d7-4730-9ec8-bcbbfd610d09,484,10799.17,Pune,Food,2026-02-21 10:47:48,0
9ba78cb4-97bf-44ad-8e72-19538ab60405,458,5901.65,Chennai,Food,2026-02-21 11:00:46,0
de598930-23de-4993-8ea2-afafe1b5eaf4,142,3595.81,Bangalore,Travel,2026-02-21 11:15:49,0
ed11b850-273b-4ecb-a7b9-86cb76df7b9a,499,7141.14,Jaipur,Electronics,2026-02-21 12:06:52,0
0bcbb729-b064-4038-a727-09090500e955,235,141.75,Mumbai,Groceries,2026-02-21 12:21:47,0
2fe12ed8-75fa-4ebe-a4e3-9c20043f1b5f,400,3406.28,Delhi,Groceries,2026-02-21 12:55:36,0
3e4fd83b-2bcd-4d80-a6ad-e006e011cc2b,16,6460.75,Chennai,Clothing,2026-02-21 12:56:44,0
5b5c87cf-560d-4b39-9b98-8c390bb9c606,322,11531.78,Pune,Food,2026-02-21 13:06:24,0
150bd1d8-f882-4326-91f2-84859d091856,340,1834.61,Bangalore,Travel,2026-02-21 13:25:08,0
fccaee60-09e2-42b2-89e1-341c3885549e,236,9011.0,Pune,Electronics,2026-02-21 13:50:52,1
55ae2b6b-0884-4c76-ac9b-568ff1068b87,76,947.29,Chennai,Clothing,2026-02-21 14:16:07,0
add0bd16-7e53-4386-a0bb-5ab49f4de1b6,71,6111.66,Bangalore,Clothing,2026-02-21 14:56:53,0
69e03350-819a-4246-a9cf-b6924824b524,441,5386.17,Jaipur,Food,2026-02-21 15:03:27,0
4a2615c0-e69f-477e-b5fc-e80ccdc92af0,408,4110.25,Chennai,Food,2026-02-21 15:31:12,0
a5c3a06d-8c4f-4e95-990f-c88c91820c88,360,4115.3,Chennai,Groceries,2026-02-21 15:50:52,0
eb0981b6-d4e2-4024-87b7-6f3c045e92f9,111,7223.97,Delhi,Groceries,2026-02-21 15:53:22,0
a4bae8bf-83b8-4a05-93bc-0dc63ae0acdb,265,10425.86,Chennai,Clothing,2026-02-21 15:56:38,0
80ce9afc-2ab9-4a52-a85d-9acfefd6b83c,372,5652.78,Mumbai,Clothing,2026-02-21 16:22:50,0
38604b38-3772-4988-a341-c5f86bd0f844,146,5016.94,Hyderabad,Food,2026-02-21 16:42:19,0
99d62357-e45c-449a-b75f-26130443777c,310,11859.75,Kolkata,Food,2026-02-21 16:45:57,0
9f9fcd78-719e-4eb1-afcb-79966daa6647,190,8996.36,Chennai,Clothing,2026-02-21 16:55:17,0
ee462fcd-a829-407c-99be-ccff33a315f3,477,6299.97,Hyderabad,Food,2026-02-21 17:03:49,0
43a2ccae-4e65-489c-a009-316fae6c8d4d,419,23194.97,Jaipur,Groceries,2026-02-21 17:34:01,0
4cc27145-0401-4498-9144-fc61b783bd34,9,3340.09,Pune,Food,2026-02-21 17:41:58,0
6e8f75a1-17dd-4d81-95da-705cd4ef00aa,233,1231.52,Bangalore,Groceries,2026-02-21 18:16:23,0
1689ebcf-8429-4df3-8c6f-232a904694d5,307,11144.13,Delhi,Clothing,2026-02-21 18:26:52,0
cd53e991-e84b-4b88-ae5d-237cdfbea358,168,7063.78,Chennai,Clothing,2026-02-21 18:33:20,0
77a4d097-aaa2-4344-bc53-ccb096a8df54,137,1291.99,Delhi,Clothing,2026-02-21 18:37:01,0
f5233a4e-a4de-4b47-84ae-47f78f65fbb1,131,11648.79,Chennai,Clothing,2026-02-21 18:47:18,0
3c15ae1f-efda-41b2-aced-f328e669dd22,298,10674.39,Pune,Food,2026-02-21 19:16:45,0
38954fb9-9439-414f-a32f-96af20a61d1f,81,8006.99,Jaipur,Food,2026-02-21 19:23:07,0
acacb625-3817-4b04-a2b3-50c3d9474341,359,5950.8,Delhi,Utilities,2026-02-21 19:45:32,0
2a7b6a7c-a674-4d6b-9055-e0855f234322,215,17351.67,Pune,Clothing,2026-02-21 19:59:56,0
09950822-b531-4b8c-b44c-e24ab64bcd2d,359,20037.41,Kolkata,Utilities,2026-02-21 20:29:17,1
3d61a1ef-5103-495d-a1fc-0ced9bafa427,455,8191.1,Mumbai,Clothing,2026-02-21 20:43:08,0
a287dd10-7c64-4f0e-8681-54a7c5757f5b,212,8544.69,Delhi,Food,2026-02-21 21:11:13,0
4dcd0009-c8d5-4717-9055-a36f4aa5f9d3,24,5634.62,Kolkata,Groceries,2026-02-21 21:19:20,0
608f74e7-bf16-4e1e-adcd-5acb51c30102,150,7656.95,Chennai,Food,2026-02-21 21:28:48,0
221deb4f-677a-41cf-a3c4-722c27f3b303,340,4432.33,Hyderabad,Clothing,2026-02-21 22:09:54,0
d4b8a420-ea5f-45f4-9391-a1f4acdf286c,7,18693.72,Mumbai,Electronics,2026-02-21 22:27:55,0
8e461d8b-b555-46ee-8057-1cf3132ab649,497,10821.38,Pune,Groceries,2026-02-21 22:30:29,0
84b37623-65ad-4ff1-b2c5-d55ae48d6e56,210,8230.52,Pune,Groceries,2026-02-21 22:59:16,0
4afcf9e8-cc47-4b72-ae31-0234c4100108,188,3712.52,Jaipur,Groceries,2026-02-22 02:22:18,0
dee4ce9f-6def-4ab0-bce3-3348048e7dd2,192,4861.29,Delhi,Food,2026-02-22 02:54:56,1
c61186bd-3aea-4088-b7ee-beccaef35465,230,3745.59,Jaipur,Travel,2026-02-22 04:42:48,1
8b2d158a-cd5a-4324-be7c-80e9a1791e93,256,5800.47,Bangalore,Clothing,2026-02-22 06:08:26,0
a1a07993-8670-4967-84a5-3e31b106441e,246,2954.26,Chennai,Groceries,2026-02-22 08:08:12,0
2000a583-3065-458e-a77c-0194569fed82,109,649.52,Bangalore,Food,2026-02-22 08:12:57,0
abcb482f-eff6-4bdd-85ba-d376d47299d3,285,9970.91,Jaipur,Clothing,2026-02-22 08:32:20,0
5f322b99-33c1-45d0-bc9b-59fc56137abd,149,7926.72,Mumbai,Food,2026-02-22 09:08:12,0
2e16f0b6-ec25-4a75-821d-4dca2a955908,332,15862.89,Bangalore,Groceries,2026-02-22 10:08:40,0
4023d444-2542-4d14-8349-263f6b241f7c,92,4281.54,Jaipur,Groceries,2026-02-22 10:14:12,0
c189c9f2-38d5-4872-a2b1-d31f05c75509,285,3525.26,Jaipur,Electronics,2026-02-22 10:35:02,0
68353c7e-3eb0-49ec-8e6f-c9d441bff5b9,381,11985.64,Bangalore,Clothing,2026-02-22 10:35:51,0
ad1db537-d7f3-4368-82ef-eecb3f5fbf4f,385,11910.59,Pune,Groceries,2026-02-22 10:44:55,0
73769d97-cc47-468a-9b8c-9c44452751ac,198,4250.87,Delhi,Groceries,2026-02-22 11:37:49,0
6337468f-aef1-400d-bab2-6507000814d9,306,5313.7,Pune,Food,2026-02-22 11:41:14,0
bf12c07e-8082-4c7f-b730-e7c22ad4f90c,156,5595.62,Hyderabad,Clothing,2026-02-22 11:44:52,0
54b0e4d1-4c7d-4780-993d-736f5b69a0a6,500,5546.45,Delhi,Food,2026-02-22 11:54:26,0
edd7c801-96e2-4abf-9de5-76ca37367c37,17,10821.97,Pune,Groceries,2026-02-22 12:12:10,0
5393325a-0a50-4374-bd00-bfe2aab1da7e,378,8620.36,Pune,Clothing,2026-02-22 12:14:31,0
f0a52b57-fa76-4b7b-b3c6-6ba18f6f4f87,100,9905.72,Hyderabad,Food,2026-02-22 12:28:46,0
950df1a0-7aaf-4001-9912-316afd9e8e20,435,1756.23,Kolkata,Clothing,2026-02-22 12:42:09,0
1ad1e843-563e-487c-b58e-20c9ec731eed,73,7870.95,Pune,Food,2026-02-22 12:55:31,0
553fc35f-d7e8-4bba-8816-4097486689cd,136,10613.32,Delhi,Groceries,2026-02-22 13:06:43,0
331f7cd2-1842-41fd-953f-5b3ebc9ae353,360,30001.4,Chennai,Electronics,2026-02-22 13:22:42,1
cc502050-9b7e-423a-9328-c471df2b3ac1,412,8685.11,Chennai,Food,2026-02-22 13:29:26,0
b2f089b9-964a-452c-bb1e-e55a37b3ef4d,485,3464.42,Jaipur,Clothing,2026-02-22 13:38:31,0
f8018a19-fabf-4aef-a08d-4b5419130b90,281,7718.11,Chennai,Groceries,2026-02-22 13:49:17,0
a72ec4ed-116c-49b8-a5a6-55983c8ec0ac,144,9183.52,Hyderabad,Clothing,2026-02-22 13:52:26,0
5fb0abd2-0dc9-4f83-9db1-2a8c603e75db,217,7525.71,Jaipur,Electronics,2026-02-22 13:58:59,1
00d4c311-29a4-4136-bd38-752d6a8dc6eb,48,11202.95,Mumbai,Groceries,2026-02-22 14:11:19,0
69f52e16-abe5-44e1-8345-f3174e7db439,12,1857.57,Mumbai,Food,2026-02-22 14:58:50,0
2b975bb1-ef8c-4e3d-802d-c9901ea51dc7,202,6020.68,Bangalore,Clothing,2026-02-22 15:09:50,0
9f9a8a33-1ad6-4f7b-a4af-65aa08f343a9,194,33282.25,Delhi,Groceries,2026-02-22 16:05:24,0
1eec917d-e30a-4de8-be1d-d7a755a7fce8,322,6886.26,Kolkata,Food,2026-02-22 16:28:11,0
02fea0e2-41a7-42d6-895f-a84518cb913a,240,8889.52,Chennai,Groceries,2026-02-22 16:28:45,0
2358755c-bc5c-4cd8-a5eb-d4dcb49b4b72,105,6735.0,Mumbai,Food,2026-02-22 16:35:30,0
ec4fa141-626c-459a-ac3e-83c379613250,442,7196.11,Hyderabad,Food,2026-02-22 16:51:05,0
f7c4c6ab-fa0b-44f4-b3d5-0d58933a10ee,299,1650.4,Bangalore,Clothing,2026-02-22 16:59:34,0
b5328fd7-7671-40dd-ade2-279c442959f1,200,4141.07,Mumbai,Groceries,2026-02-22 17:13:51,0
7e7c8be7-5ebd-442d-9e21-d9341c253408,450,572.05,Hyderabad,Clothing,2026-02-22 17:33:51,0
b98f5dbe-15ae-4e0f-8777-a07f6346d4ef,263,1166.46,Kolkata,Groceries,2026-02-22 17:38:50,0
a7742626-ca35-4116-a22d-dfbb99f19675,293,3967.74,Kolkata,Clothing,2026-02-22 17:40:30,0
7134ae6e-cd84-4a47-bd7b-1279d2535515,344,4244.86,Kolkata,Clothing,2026-02-22 17:41:01,0
3e70fee2-da34-4ac3-a25e-d56c1ba80c6e,64,52501.61,Jaipur,Electronics,2026-02-22 18:04:34,1
9808bb94-713d-4909-bd57-98e2680e1866,373,10193.91,Kolkata,Food,2026-02-22 18:35:12,0
b9516ca3-ed9d-4c71-9986-113e363de47c,412,1714.32,Chennai,Food,2026-02-22 19:14:44,0
d53187a5-b368-4a24-b451-f36c949442f4,276,9645.2,Mumbai,Food,2026-02-22 19:29:45,0
a89cb1d6-a091-4f92-93e7-2b9e90f92971,301,8662.94,Bangalore,Food,2026-02-22 20:03:50,0
ba0d24f5-cff5-4357-98f1-101e84506864,413,1294.49,Jaipur,Groceries,2026-02-22 20:05:31,0
56f2ce96-8d1d-422a-ab37-ff0aa574625f,331,7506.83,Pune,Groceries,2026-02-22 20:11:02,0
05f1ef89-d1ef-4dbc-a7bc-cf846726a229,415,3724.62,Jaipur,Groceries,2026-02-22 20:32:24,0
2777a40b-cff7-46ad-b85f-20e5ab1aa0c5,476,1904.45,Kolkata,Food,2026-02-22 20:42:44,0
806272a1-3132-4047-ab22-d9cd685b58a9,417,7234.11,Chennai,Groceries,2026-02-22 20:48:06,0
a618130e-6ba7-4190-9ebf-d7b5bcc7303f,28,5248.31,Delhi,Groceries,2026-02-22 21:32:21,0
dfbe8420-025e-4dbb-a1a4-f52550e19f95,62,10239.68,Chennai,Clothing,2026-02-22 21:34:42,0
3f129d60-9c59-47f6-a03f-074ee0414805,351,8470.26,Bangalore,Clothing,2026-02-22 21:36:20,0
230c1c0d-1628-4bf4-9d9b-3ca44c0d4017,102,5323.36,Jaipur,Food,2026-02-22 21:52:54,0
c79e46ae-551b-4d7f-a68e-43e1182a4ea3,105,2638.79,Mumbai,Clothing,2026-02-22 22:00:21,0
81a05782-57ec-45f3-8af2-0a23e3c60f79,278,5237.36,Chennai,Electronics,2026-02-22 22:08:21,0
6a1aba9d-c1d4-4a10-9b96-89255682d038,381,7369.14,Hyderabad,Clothing,2026-02-22 22:54:25,0
fd180366-229b-4869-9dde-05de6b98c85a,201,3367.58,Bangalore,Clothing,2026-02-23 00:31:44,0
0b49e375-e13f-4a1b-a681-b071378ca8bb,334,1968.91,Chennai,Travel,2026-02-23 00:46:14,1
d03ed6d2-c681-4466-8415-84262f37a236,53,5629.76,Jaipur,Food,2026-02-23 02:01:40,0
9eceb743-643f-4e6a-9fab-af5c746c0e6b,3,2167.94,Hyderabad,Food,2026-02-23 03:22:26,0
130c7a15-afa4-41a6-a7d0-b36fb2b3eef2,99,7244.77,Pune,Travel,2026-02-23 03:51:14,1
bc125ea2-6e28-47a4-b5a5-73ff46b55953,159,4642.95,Bangalore,Food,2026-02-23 04:37:51,0
734783b0-1e79-4f28-b948-26b3a75d0978,160,7165.27,Chennai,Clothing,2026-02-23 06:59:09,0
f58b8c61-2ba0-49ec-95c8-74415145c6f8,463,149.47,Pune,Clothing,2026-02-23 08:00:01,0
759997d4-22ad-47e8-ae7c-21c0a205e9c1,461,4866.0,Chennai,Food,2026-02-23 08:12:35,0
31f46bcb-798e-4f0b-a8dc-711da3e6f29d,424,13859.02,Jaipur,Clothing,2026-02-23 08:28:02,1
e9f660a9-8f3f-4876-8d43-240a8dfcfcef,379,5006.13,Kolkata,Groceries,2026-02-23 09:03:14,0
d4a02c01-da36-4bc1-ba0a-4e55ba59aca8,352,9422.97,Bangalore,Food,2026-02-23 09:21:57,0
e3068822-901f-4323-82c1-21844ae352b6,184,3976.93,Bangalore,Clothing,2026-02-23 09:34:46,0
de96c3f4-c332-4820-b8cf-55d4b819ad30,56,3044.66,Kolkata,Food,2026-02-23 09:53:08,0
16a54aa0-1e12-46dc-9582-8d59e1cef59e,291,3697.38,Bangalore,Clothing,2026-02-23 10:29:12,0
f8f40e49-cb5d-4aff-8f90-27d590f0d47c,248,11434.09,Chennai,Food,2026-02-23 10:38:17,0
e0028f9a-3b5d-4c9c-9737-94d54cd36406,20,7399.2,Hyderabad,Groceries,2026-02-23 11:40:22,0
f2e61828-01bb-419c-8dfe-111722af711f,142,9413.73,Chennai,Clothing,2026-02-23 11:46:40,0
09e8ede2-da27-47af-a6ed-0e6be43a3562,243,10977.85,Pune,Clothing,2026-02-23 11:59:20,0
2048018c-3523-415d-be2e-c7af9b96312e,111,22700.03,Delhi,Groceries,2026-02-23 12:23:40,0
0dbdfa9d-4828-4e3e-9548-28932c9c9fbd,464,6793.6,Pune,Groceries,2026-02-23 12:42:08,0
2a1b76e3-3266-44ff-bffe-f652eac032fa,471,3863.28,Chennai,Groceries,2026-02-23 13:05:56,0
d2f206f0-861b-4272-ae19-f157af6abe30,269,6524.75,Delhi,Groceries,2026-02-23 13:24:18,0
11fa3489-b3df-4cf4-acfc-8b138e606faa,388,6627.14,Pune,Clothing,2026-02-23 13:25:11,0
ba0c1750-cc84-4414-bfde-37e0cffa9d71,371,11125.78,Pune,Food,2026-02-23 13:29:57,0
4c0476a9-64e6-4715-b999-76785013c8aa,265,7359.5,Chennai,Clothing,2026-02-23 13:51:52,0
5edbb8ee-c2ba-40e0-a179-e3f066124ab4,226,2527.87,Bangalore,Groceries,2026-02-23 13:55:45,0
4b254c58-c32c-4d66-b7b5-46521de3c9e1,188,7374.88,Chennai,Clothing,2026-02-23 14:24:55,0
5a7324eb-325d-430b-a18e-942e041ae5fb,416,3784.2,Pune,Travel,2026-02-23 15:00:18,0
74be3766-aa47-4fc8-964b-a766b4c7573a,126,2005.79,Mumbai,Food,2026-02-23 15:22:01,0
5a81f5cf-45b9-4df4-81d7-f38cdc527466,491,8529.54,Jaipur,Food,2026-02-23 15:47:53,0
a23ff67d-e957-4bc2-b9bd-8bd6d479cc36,199,11712.29,Jaipur,Travel,2026-02-23 16:03:00,0
66020424-b90f-4ddf-ba99-e31031c78f1c,115,922.43,Delhi,Clothing,2026-02-23 16:03:08,0
7e225d5c-2362-4303-aae7-2b5ddcd2dfd4,220,3961.02,Jaipur,Food,2026-02-23 16:26:50,0
afa0dd4a-549c-416f-8258-7c9af39e79cf,486,10511.14,Bangalore,Groceries,2026-02-23 16:50:33,0
17331a6b-d973-452a-839d-fa204e4c8439,430,3338.25,Chennai,Food,2026-02-23 16:57:03,0
e3e850fa-2190-46c0-80f0-36b0a40b1790,192,28960.81,Delhi,Travel,2026-02-23 17:26:27,1
e3fce367-16ca-47c8-9d9a-7088b9627c78,254,10462.91,Kolkata,Food,2026-02-23 17:43:34,0
57756632-039f-465c-a3a4-5bd46846ebe8,347,5114.28,Pune,Food,2026-02-23 17:57:19,0
30b9cead-1fbc-45f0-b19c-4b306f71d28a,344,31032.95,Kolkata,Groceries,2026-02-23 18:07:19,0
6a6a0149-0b44-476d-aac3-9be9b958d153,9,15291.2,Pune,Groceries,2026-02-23 18:42:04,0
e7215e6c-e2eb-4222-a6c6-87460391ddc5,330,652.1,Mumbai,Food,2026-02-23 18:48:34,0
32fd7344-7862-41cf-b878-a369b2f3bc00,46,4689.32,Chennai,Clothing,2026-02-23 19:02:16,0
6c1fb2fc-e77d-4bec-a35b-729ceb2ae08b,62,6699.49,Delhi,Clothing,2026-02-23 19:06:08,0
ab8eb995-5366-4145-b86b-f5fc9b52ba4d,235,463.19,Mumbai,Groceries,2026-02-23 19:13:19,0
2188966e-12ac-4cff-a373-9fe7ddd12868,230,2233.95,Jaipur,Food,2026-02-23 19:20:44,0
bdb11045-d4c7-48b4-8b1b-f79ccd0b80f0,52,4287.64,Hyderabad,Groceries,2026-02-23 19:36:20,0
c8819065-ba2c-48ce-8b19-f88e9d77a45e,380,8973.42,Pune,Clothing,2026-02-23 20:23:32,0
7b9ea9eb-aac4-463f-9610-ac0abfcf214e,200,8109.98,Pune,Groceries,2026-02-23 20:30:51,0
9b8cfe0e-ab38-4a29-99e1-50a50ba18cf1,264,913.7,Mumbai,Food,2026-02-23 20:31:57,0
7570d730-e5e7-4add-a8c8-7ed8eb035cda,191,8013.44,Jaipur,Clothing,2026-02-23 20:33:26,0
8bb17e56-4d3e-4f13-aaa4-b0c93df8c314,224,7731.05,Chennai,Food,2026-02-23 20:50:50,0
4051dbda-d617-42cb-aabf-1a086b6de0da,222,1351.76,Chennai,Groceries,2026-02-23 21:46:46,0
c8e6cd4b-4feb-4a0e-9bfb-491a9b0e9a7e,361,29853.04,Pune,Groceries,2026-02-23 22:09:06,0
3f2c5757-4402-4558-97e2-4aab02b06112,206,29579.57,Pune,Entertainment,2026-02-24 00:00:48,1
b5d753eb-4c20-46fd-a2aa-d03cd1d6e0a1,206,22279.02,Kolkata,Electronics,2026-02-24 00:05:05,1
1ed460b7-23dc-4810-94ef-f59d9f9a94d0,206,5528.19,Pune,Entertainment,2026-02-24 00:09:15,1
083c1697-1af9-4401-b4ce-684e7f20ac12,206,37082.47,Kolkata,Electronics,2026-02-24 00:16:44,1
cd766087-abb9-4dce-99a8-e218a85fdb39,129,5416.42,Chennai,Electronics,2026-02-24 02:00:51,1
e69ea47c-e293-4633-b0fa-62235252ead2,129,46423.39,Chennai,Utilities,2026-02-24 02:04:36,1
0edea541-7cee-4e40-bafa-811891bbf5d1,129,1129.87,Chennai,Food,2026-02-24 02:08:50,1
21a4c6c4-f143-47c4-89bc-8e3ed9002223,129,49320.77,Chennai,Clothing,2026-02-24 02:10:09,1
42819cc1-19a8-4905-914e-192c9660442e,129,48767.74,Delhi,Utilities,2026-02-24 02:12:09,1
006bc64f-79f0-4d12-aa8d-9e258b976174,129,19578.16,Chennai,Travel,2026-02-24 02:28:28,1
3d309c42-39e8-4170-bdd3-854ecde86ca1,237,11715.11,Chennai,Groceries,2026-02-24 02:30:28,0
d5897d69-a541-4b63-9261-d4df8d43830e,59,134.95,Hyderabad,Groceries,2026-02-24 02:57:10,0
f1bb5d9b-7499-4b6b-9afd-d46442e6918c,475,2984.0,Bangalore,Clothing,2026-02-24 05:40:45,0
0aea1ae2-f5ca-4a0f-83f7-5276a7346b26,59,1852.54,Pune,Groceries,2026-02-24 07:39:36,0
f2a930fe-85d9-41ba-ae52-8b8ba37b16b0,270,32460.75,Hyderabad,Clothing,2026-02-24 08:00:45,0
343f75d0-6d2b-499d-a7ec-a309296fc0d7,351,7797.43,Pune,Food,2026-02-24 08:06:08,0
a3edaaf9-38fa-4094-8dbe-cfd5af0a5ad2,16,8997.56,Chennai,Clothing,2026-02-24 08:20:59,0
47ddafc9-bbeb-4043-84d0-2163f93b9f4f,349,4973.1,Pune,Clothing,2026-02-24 08:39:25,0
63b860b2-3014-464f-bf83-55af78e45b98,343,3149.83,Pune,Food,2026-02-24 08:45:15,0
ffae7699-93dd-49ce-884f-20dc1f42e0cd,151,953.8,Chennai,Food,2026-02-24 09:02:58,0
5b06b98e-eef4-44a3-bb31-a55f28e9209e,314,24061.2,Chennai,Clothing,2026-02-24 09:28:00,0
054da360-624d-4473-a0bc-6cbc1987e6d0,37,10918.66,Jaipur,Groceries,2026-02-24 09:46:33,0
efd85485-970f-4058-aac6-2d03f84e08f9,42,2235.73,Kolkata,Groceries,2026-02-24 10:23:07,0
aebeca58-ccb1-4c1e-87db-f6a203e30f78,238,6862.81,Pune,Groceries,2026-02-24 10:24:29,0
e5cd69f3-1aeb-4382-bcef-304bfd9386d9,298,10293.89,Pune,Groceries,2026-02-24 11:04:05,0
68054a24-f785-4cc1-b8e5-91c417d2efe7,166,378.84,Pune,Food,2026-02-24 11:06:16,0
1fc775eb-88b1-4a44-adc1-49ddc87c1935,483,2911.32,Hyderabad,Groceries,2026-02-24 11:38:45,0
69cc7010-f565-4938-817c-ff67509d612c,302,3416.32,Pune,Groceries,2026-02-24 12:45:23,0
52ee9077-a981-49ad-83f3-6a3645384b24,257,1342.17,Jaipur,Clothing,2026-02-24 12:49:44,0
4357ac51-7e45-4ee4-aea8-fb32e38d9fb0,293,6298.64,Kolkata,Clothing,2026-02-24 12:58:07,0
8ce7e0f2-05c2-40ab-984e-e48f72fe0ed8,118,9173.71,Chennai,Groceries,2026-02-24 13:09:11,0
618f996a-66f6-4fa8-9f58-ecdea88cabba,80,9396.73,Pune,Clothing,2026-02-24 13:10:13,0
29ee29f4-49e3-4b48-b147-f758cdbe5548,367,4536.69,Mumbai,Food,2026-02-24 13:19:28,0
ae716f47-518d-4cf3-bb48-5bbd65d6bab3,264,1040.99,Mumbai,Food,2026-02-24 13:32:01,0
c40f5405-7a25-4d81-8128-17eb224629cd,272,9647.37,Hyderabad,Food,2026-02-24 14:22:37,0
662acc6c-ef2e-4509-8bc1-ee3369ec66a9,441,9179.21,Jaipur,Food,2026-02-24 14:28:10,0
164c0e98-e25f-4355-b8f4-32493c02c906,274,3764.74,Delhi,Clothing,2026-02-24 14:37:18,0
bb0c686a-1a5c-4752-a705-1d9697b732b3,421,3738.43,Chennai,Clothing,2026-02-24 14:59:16,0
e7f3072a-86a5-4dc3-8b74-89366eb48828,249,10414.61,Pune,Groceries,2026-02-24 15:25:55,0
85cd3384-7024-4792-a578-7d0c1aec8b70,438,928.35,Jaipur,Groceries,2026-02-24 15:43:23,0
c1143180-373b-4989-b259-656e10353a74,179,6408.93,Pune,Clothing,2026-02-24 16:09:13,0
f3e00dc5-fa2c-4e79-a758-4f1a239e5593,215,4900.09,Pune,Clothing,2026-02-24 16:19:20,0
fa4fa0ff-3445-447c-8079-e2ecebdc2c9d,446,6839.67,Chennai,Food,2026-02-24 16:23:33,0
6a84d736-0b05-45c9-b7d6-43db8c63dc6c,253,29320.12,Jaipur,Groceries,2026-02-24 16:41:01,0
e2f16201-628a-472e-8fe2-b9ac18c0f0fe,428,4636.25,Jaipur,Food,2026-02-24 16:54:19,0
c190b0cf-9736-4b4f-b5c8-ce3ceee31d47,413,5028.91,Jaipur,Electronics,2026-02-24 17:05:09,0
9620bee6-6406-4ace-93a5-e8508950ddd6,213,1080.89,Pune,Electronics,2026-02-24 17:09:17,0
1c3fcf29-126c-45f9-b1a6-8992f47d3f5e,128,794.02,Hyderabad,Food,2026-02-24 17:14:32,0
258e9524-3261-427c-a667-c883824f9885,155,11839.26,Chennai,Food,2026-02-24 17:36:28,0
fcce5213-6789-4d92-b33c-4c369a690cad,120,3414.37,Kolkata,Clothing,2026-02-24 17:37:17,0
4def1085-a2ba-4c1a-a654-0ba453d05823,498,10704.13,Delhi,Groceries,2026-02-24 17:47:01,0
903ae711-d04e-4137-98f8-af4ec30d0b0d,293,795.62,Kolkata,Electronics,2026-02-24 18:03:16,0
49bb1313-294d-45fc-8553-9a506facc50d,10,6683.74,Bangalore,Clothing,2026-02-24 18:26:56,0
b69aca1e-985d-454b-8325-58201a49de98,408,7468.84,Chennai,Food,2026-02-24 18:50:01,0
b327f7d8-eecb-4ee9-829a-17c4a4ddc4b6,209,5503.36,Chennai,Clothing,2026-02-24 19:00:05,0
4f3c25a9-e9c3-41e0-b224-caddbffcd2c3,7,8947.01,Mumbai,Food,2026-02-24 19:01:24,0
608a626f-6a65-416c-b048-96aae4045f1e,78,7649.54,Chennai,Clothing,2026-02-24 19:01:36,0
c310d2a2-0700-47c1-b1f9-4a097408f646,368,9860.87,Bangalore,Food,2026-02-24 19:16:32,0
2456d767-56ff-46fd-a812-cf1b69b35bf2,226,1333.11,Bangalore,Groceries,2026-02-24 20:52:37,0
e09397d5-d3a1-488a-9a98-04574b211512,197,4299.69,Hyderabad,Food,2026-02-24 21:04:28,0
900276b6-0ac6-4e0d-a280-3ae1f6335079,308,11557.78,Bangalore,Clothing,2026-02-24 21:08:04,0
98cd2655-5297-41ad-adba-948427591ad4,21,3244.45,Bangalore,Clothing,2026-02-24 21:16:00,0
a90b1ddd-b4dd-4c13-a5a2-4a6c52144d02,1,14452.8,Delhi,Electronics,2026-02-24 21:36:21,1
8d87b7be-271d-40f1-8985-c98d985defc4,226,8845.64,Bangalore,Food,2026-02-24 21:50:30,0
ef9dbfbc-dd69-4de9-957d-e53dbc5bce3a,55,11065.28,Pune,Clothing,2026-02-24 22:24:28,0
deff8c70-6d38-4708-a380-f160e57fb49f,433,694.77,Mumbai,Food,2026-02-24 22:33:04,0
3e1e0693-c960-4851-8d69-6e19e8273dee,182,11541.22,Chennai,Groceries,2026-02-24 22:35:01,0
fecba0a6-ac2c-4e6a-8826-449f00bf94e3,311,5141.2,Bangalore,Food,2026-02-24 22:39:45,0
98efc8a3-0850-491f-9208-908e6efc95c4,483,20530.71,Mumbai,Electronics,2026-02-25 02:42:32,1
5748218a-0700-4750-81db-480a376f6fff,338,7958.79,Chennai,Clothing,2026-02-25 05:59:01,0
907fdee6-364d-463a-8fb5-6a91ebca02d3,191,10622.98,Jaipur,Clothing,2026-02-25 08:10:07,0
5c983385-09ed-43b6-a6b3-9de48d3ab986,396,7763.43,Jaipur,Groceries,2026-02-25 08:36:16,0
ee596910-236e-498f-982a-8f3a1e60f1ea,26,5851.45,Delhi,Groceries,2026-02-25 08:36:37,0
b43e9061-171d-481d-b57e-526c1627999a,224,8054.46,Hyderabad,Food,2026-02-25 09:04:00,0
39f99c64-4684-433e-99dd-3b908839c8e4,266,693.47,Hyderabad,Groceries,2026-02-25 09:14:07,0
0f109a9f-c6ab-485e-99b8-0e9ee6d6a7ef,366,6055.14,Bangalore,Food,2026-02-25 09:52:12,0
bbc68b49-534c-433a-b797-e352cfc150f3,128,9960.68,Hyderabad,Clothing,2026-02-25 10:01:05,0
308995e3-befc-4195-8723-280b9a663d0a,400,17428.36,Mumbai,Groceries,2026-02-25 10:03:33,0
5565cf0e-0f31-4c37-b067-0e4c3bf99938,406,12158.91,Pune,Utilities,2026-02-25 10:04:54,1
98986758-9798-40c3-9d44-43517c93cdc3,221,4172.19,Delhi,Groceries,2026-02-25 10:42:42,0
0a41579f-f210-413d-86ba-e13a818b2792,354,7455.72,Delhi,Food,2026-02-25 10:44:28,0
b3d205ae-8aa4-4423-b1da-8d086d6f0d8e,107,6323.16,Mumbai,Groceries,2026-02-25 10:50:28,0
a5679365-33c6-425c-b6bd-babf20c55972,497,4092.05,Mumbai,Utilities,2026-02-25 10:52:28,0
634c842f-6584-4875-93c7-0de6b21d856b,285,1038.69,Jaipur,Clothing,2026-02-25 11:04:16,0
fe36b4bf-f9e4-41bc-9120-653db285d65b,200,6197.8,Mumbai,Groceries,2026-02-25 11:10:12,0
39d89067-81e7-47c0-97cc-90ecb24bc220,42,8585.93,Kolkata,Utilities,2026-02-25 12:06:09,1
37f8373a-868e-4928-899c-a7afabc163b1,23,1276.83,Pune,Food,2026-02-25 12:06:14,0
59e6f700-911a-4f39-8561-89d86734086c,395,9737.31,Jaipur,Clothing,2026-02-25 12:07:16,0
57f1480a-546b-4509-8df2-bbdd22306240,260,4407.46,Chennai,Groceries,2026-02-25 12:15:46,0
b2a6e5d6-c12f-4a40-b492-2364f3d5c6e4,169,372.16,Delhi,Travel,2026-02-25 12:32:11,0
c6f656e7-bf97-45b1-a1eb-f7fdffd93e32,115,7447.7,Delhi,Clothing,2026-02-25 12:33:14,0
ddd90589-f7c7-4827-bb5a-8cb96f2aa5c5,73,23738.38,Pune,Utilities,2026-02-25 12:35:47,1
af1ae1b1-e2a4-4e18-8d3c-b60f64b18f8b,377,10342.47,Hyderabad,Food,2026-02-25 12:40:30,0
a6e4d53e-f8bd-4f02-a090-d3f828223984,418,5281.58,Pune,Clothing,2026-02-25 12:41:00,0
e846a9df-7373-4554-9e20-4ac73c48c936,67,7240.99,Chennai,Food,2026-02-25 12:46:43,0
3f3fc276-94b3-4271-b748-2c594e5ef01f,99,2607.4,Mumbai,Groceries,2026-02-25 13:53:54,0
233398e5-a874-4a3f-93b3-7d74d07311ba,15,10225.95,Bangalore,Groceries,2026-02-25 15:27:07,0
6dd85a73-6fe7-499b-8068-684dd555c60a,235,1044.1,Mumbai,Food,2026-02-25 15:45:31,0
b366fe63-3c49-403f-8617-a1dec0fed388,208,1665.98,Jaipur,Food,2026-02-25 15:49:44,0
81d7ecfd-3055-449c-9545-91261889abab,412,5672.55,Chennai,Food,2026-02-25 16:26:47,0
d6cef975-8a75-4c9e-97b8-54c99d796635,391,6116.51,Mumbai,Food,2026-02-25 16:30:02,0
0b0feea9-7ed6-4ca2-988f-763dfe8cda1c,495,11132.09,Pune,Food,2026-02-25 16:34:47,0
04cc3ede-6fac-4673-8ad4-5230bdf66ba5,383,4624.47,Chennai,Food,2026-02-25 16:35:53,0
8becb8cc-917b-4866-a874-7b44c63e23bf,83,9723.2,Bangalore,Travel,2026-02-25 17:01:40,0
1a2f2c52-8fa0-49d1-8d57-02e0e4e16851,218,7486.56,Hyderabad,Groceries,2026-02-25 17:02:10,0
8c5dbe7a-8467-4462-a90a-ffcbfd95dcc1,432,8630.07,Pune,Groceries,2026-02-25 17:15:16,0
30b85953-d74d-415f-9d34-ee36b9f52c1c,36,11986.91,Chennai,Clothing,2026-02-25 17:21:21,0
532a547f-d128-4916-bd50-8f47652a176a,222,9986.55,Chennai,Groceries,2026-02-25 17:44:44,0
bd0b7eef-0b71-4a15-b6c2-194f7e2dca62,459,14151.97,Delhi,Utilities,2026-02-25 17:53:39,1
bebe0dcc-5c7b-4756-b72a-2225c82ff097,483,3598.31,Hyderabad,Utilities,2026-02-25 18:03:44,1
3c73013b-99ea-4bbd-afd5-b90b41a67c90,154,10336.21,Bangalore,Groceries,2026-02-25 18:13:54,0
fa33fa98-63f2-4557-a2e2-d1caf07bf9bb,293,11684.53,Kolkata,Clothing,2026-02-25 18:25:53,0
d4e69bc1-f0e9-475c-9d87-fe81dc8fe24a,255,4361.41,Mumbai,Clothing,2026-02-25 18:31:31,0
06761e48-9aaa-4e2f-a905-c5a0bcffa962,291,6718.19,Bangalore,Food,2026-02-25 18:42:05,0
46a2abf9-6241-4277-89c4-489be338b6c3,142,8448.6,Chennai,Travel,2026-02-25 18:45:26,0
23dde678-7cbb-4a4d-8afa-449f67487e97,171,8895.31,Kolkata,Groceries,2026-02-25 18:52:32,0
a7222ea2-261b-4048-bf69-5b97e581d601,277,7755.72,Mumbai,Groceries,2026-02-25 19:16:06,0
4cc639c9-16d4-4f2d-903b-a2edd540d6f5,22,3176.53,Delhi,Groceries,2026-02-25 20:33:28,0
9e0e0838-dac6-4768-83dc-2cb7b778d15c,414,10507.41,Mumbai,Groceries,2026-02-25 20:35:40,0
9cbca1ad-46a7-4192-98d3-fe5fcdc6f1ac,2,10934.83,Pune,Electronics,2026-02-25 20:38:09,1
76c71549-117b-417a-8016-05b6aa0f3486,317,3044.57,Pune,Food,2026-02-25 20:53:34,0
c3803b4a-7dc4-4f12-be9b-d0e1bca37653,185,10535.54,Pune,Clothing,2026-02-25 20:59:16,0
50730fcc-b35e-4126-82d5-8f08e1ea950e,301,5107.63,Mumbai,Food,2026-02-25 21:03:45,0
52442cd5-69dd-4ebc-b86e-7eefd641beaf,253,29995.85,Jaipur,Utilities,2026-02-25 21:08:49,0
387922e2-34c4-453d-bb82-cd64b0e01766,490,3738.75,Delhi,Groceries,2026-02-25 21:59:11,0
bd5602ab-7f31-4011-a7ee-d52dc1f60027,340,2308.0,Chennai,Clothing,2026-02-25 22:16:52,0
497850b2-ff59-4c31-a298-7de6bef0284b,349,3120.32,Pune,Clothing,2026-02-25 22:18:52,0
14e4180c-fe99-46a3-a2db-c8503c5bf3a7,76,10935.01,Chennai,Clothing,2026-02-25 22:22:59,0
1f7b7f9e-768e-49cc-b8e1-ef3be25ec2a5,353,5286.91,Hyderabad,Clothing,2026-02-25 22:54:13,0
35ccd39d-adfd-4470-8cd1-cea2e4823b86,89,8130.91,Kolkata,Electronics,2026-02-25 23:52:48,0
14b34d37-24ee-4feb-9a8a-41ce78b60776,495,35104.46,Bangalore,Food,2026-02-26 00:00:57,1
f110e0fb-ad7e-47d8-98d8-49342ce0603e,495,41151.71,Bangalore,Utilities,2026-02-26 00:04:45,1
f3e646db-0e1e-4c9a-9e09-63f92a575f21,495,12745.48,Bangalore,Travel,2026-02-26 00:14:41,1
61fc0cdc-dcb3-4e81-b6a2-d9ad58e18723,495,2624.09,Bangalore,Electronics,2026-02-26 00:15:13,1
5af4859a-e42b-4894-b5fe-70369cf4ff33,492,19786.72,Mumbai,Groceries,2026-02-26 02:00:12,1
2e7f23b7-49a9-427a-b065-89db136209c4,492,48971.85,Kolkata,Utilities,2026-02-26 02:07:01,1
6e875016-a672-4c8c-b7ca-6681fb9769a9,492,5984.94,Delhi,Travel,2026-02-26 02:12:03,1
4a369218-0cfc-40be-80e2-008c2d43e37b,492,13043.91,Kolkata,Travel,2026-02-26 02:12:15,1
7d897782-eb7c-4fea-9167-9cd1fea31021,492,48543.11,Hyderabad,Electronics,2026-02-26 02:12:40,1
c5c5ae8a-be15-4d12-90ce-77e9751303b9,364,1083.78,Chennai,Clothing,2026-02-26 03:18:02,0
04ba16cc-e5d1-4a78-9e01-9bfea0cd173d,480,4111.68,Bangalore,Groceries,2026-02-26 04:23:37,0
aec79a98-de8c-4fb3-9df1-df89be7bf82c,257,15926.47,Jaipur,Utilities,2026-02-26 06:16:36,1
cb005473-a922-47e9-affb-80322c21d58c,382,9445.36,Jaipur,Food,2026-02-26 07:48:15,0
dfd0b3e0-5a2e-46fa-9e6d-602525994912,418,9368.73,Pune,Utilities,2026-02-26 08:15:55,0
9a54644f-77c4-4a69-bcf8-03dbc7255f51,347,4595.14,Hyderabad,Food,2026-02-26 08:39:54,0
43e69b68-dd41-4936-9bd9-0110bdbca2cf,309,6775.28,Hyderabad,Groceries,2026-02-26 08:59:16,0
0dd87fd5-a645-483e-a033-631523fbaa03,288,2540.71,Mumbai,Clothing,2026-02-26 09:14:07,0
3a48815a-dfe3-4280-888a-e658c363a714,175,4931.3,Bangalore,Clothing,2026-02-26 09:37:08,0
818a92e7-fb72-4675-88c7-d13fabac2ff9,431,9638.41,Mumbai,Clothing,2026-02-26 09:45:56,0
880035d0-a72c-4e95-96f3-1c4a3105924d,332,8119.48,Bangalore,Groceries,2026-02-26 10:22:05,0
d9fcd8b5-450b-405b-9b41-618688aae39a,108,11961.44,Mumbai,Groceries,2026-02-26 10:25:33,0
30f6151f-d0e1-4093-aacb-11a234826796,153,3947.45,Mumbai,Food,2026-02-26 10:47:37,0
13dca154-2b1f-42ab-a40e-b68ebdcf6fd4,125,9863.08,Bangalore,Food,2026-02-26 10:53:01,0
96c49c44-31de-44f6-a483-39f7c7036a4c,60,2449.02,Pune,Food,2026-02-26 11:38:31,0
90190c4a-8e6b-4cf7-b378-d6c401d9587a,347,6915.86,Hyderabad,Food,2026-02-26 11:38:38,0
2a7b0c8f-97f8-47d9-aeb7-61db49173d53,157,2671.28,Bangalore,Clothing,2026-02-26 11:41:16,0
1fb8e3c2-0457-4e35-b4c3-559b52a343b8,305,1382.16,Delhi,Groceries,2026-02-26 12:12:45,0
ac6d680a-74ce-40ca-aa07-3d860d325a89,212,10624.82,Delhi,Clothing,2026-02-26 12:33:01,0
9dc11271-3905-4a43-82b5-b17e9ad752be,142,3715.98,Chennai,Groceries,2026-02-26 12:38:16,0
b08d9e12-c007-4979-9267-0d8ec143069e,134,8439.43,Mumbai,Utilities,2026-02-26 12:50:46,1
f6551ac6-3879-4941-986d-da5df16cd8d0,221,10534.21,Delhi,Groceries,2026-02-26 13:04:51,0
0e9b65bb-a4d4-4431-ba38-f5a09ee08a70,67,10153.54,Chennai,Electronics,2026-02-26 13:05:43,0
8c260259-7eac-452a-b822-4ffa4027dfbd,136,7568.76,Delhi,Groceries,2026-02-26 13:11:23,0
37511316-f0ec-4704-8d46-d283c2d73aa2,366,3960.99,Bangalore,Food,2026-02-26 13:37:22,0
287d8a15-2a2a-4e50-9dae-83220e784de3,270,1353.05,Hyderabad,Clothing,2026-02-26 14:07:58,0
1e228ade-59c6-4a52-8f80-d1ef4615575c,89,27170.58,Kolkata,Food,2026-02-26 14:11:40,0
de771787-1255-4f58-a7c2-8d0c95f5442f,475,27583.99,Bangalore,Food,2026-02-26 14:13:21,0
552d4865-d756-4d35-ad2e-ebea69b7d533,469,10565.66,Chennai,Clothing,2026-02-26 14:50:02,0
060c5b62-9db7-477f-872d-1ac20958f5b5,19,1416.71,Jaipur,Food,2026-02-26 15:06:36,0
ca9acf77-b26a-41a5-b6b4-06725f13e10b,65,2870.44,Pune,Groceries,2026-02-26 15:13:21,0
e8b7b97d-fe51-4a8a-846e-164abce16224,289,5706.86,Pune,Food,2026-02-26 15:23:39,0
9bda9008-fbb9-4c78-914e-ea51fef17444,234,6505.73,Delhi,Groceries,2026-02-26 15:42:45,0
aaa54056-7928-413d-91f8-8167796c39ad,293,4548.21,Kolkata,Clothing,2026-02-26 16:11:03,0
8b46de99-2da2-4e52-b07d-54785eafe559,295,544.07,Hyderabad,Groceries,2026-02-26 16:19:00,0
e3802397-64ab-4276-963e-b843d63b1dcd,441,8406.63,Jaipur,Food,2026-02-26 17:55:48,0
ef29d493-fd7f-4d90-90dd-125933b58ba1,37,11473.49,Jaipur,Groceries,2026-02-26 18:30:20,0
0b7e51dd-31fb-49da-986b-e788ce71adf2,334,2231.78,Chennai,Clothing,2026-02-26 18:48:40,0
d3ea6a30-b240-4040-b4ee-d4435229f835,135,5278.26,Mumbai,Groceries,2026-02-26 19:02:34,0
7e5da21a-9b81-4898-8791-6cbe46a3110a,28,1263.97,Kolkata,Groceries,2026-02-26 19:59:27,0
7fc0922e-054d-4197-9273-d60c57a03c17,228,10668.61,Bangalore,Clothing,2026-02-26 20:24:01,0
bfd53346-1f3b-4175-a6ea-2ac478184275,193,5895.22,Hyderabad,Groceries,2026-02-26 21:06:02,0
7376299f-3de4-4db7-84b7-c5317ef9b50b,391,3919.86,Hyderabad,Food,2026-02-26 21:06:40,0
fced19bc-72a5-4eb1-a9fd-6697c501bb16,199,6133.2,Kolkata,Groceries,2026-02-26 21:11:50,1
3167d947-efad-4069-9ed7-d1a676730495,344,4300.64,Kolkata,Electronics,2026-02-26 21:38:22,0
a4e85719-c20e-4b78-9624-b7ef5f9f1db3,43,6177.13,Chennai,Food,2026-02-26 22:00:50,0
d7afbe04-da28-4ccb-943d-c024ae00bf9d,73,3184.06,Pune,Travel,2026-02-26 22:01:18,1
6b1ec96c-8595-46c3-94f2-125d7bc50aea,353,5952.2,Bangalore,Food,2026-02-26 22:17:06,0
aa21e153-7b2c-4fe1-bad9-6cc4c0acea64,34,5582.24,Kolkata,Clothing,2026-02-26 22:29:07,0
236603b4-53ae-422e-9147-b235e537cd52,90,759.71,Chennai,Clothing,2026-02-26 22:38:29,0
a5abe7f9-6aac-49e9-8d6e-7714f57fd15f,262,4632.91,Delhi,Clothing,2026-02-26 22:39:39,0
74fefd13-e0eb-4f51-a3bc-cb23ae22a98f,86,15493.28,Bangalore,Clothing,2026-02-26 22:53:20,1
6206a6b5-1242-4272-b956-72e66e5e3b8e,36,17287.4,Hyderabad,Travel,2026-02-26 23:58:05,1
d0d75e37-3bf2-425f-8a0d-2b73fe54ee4b,18,8469.11,Chennai,Clothing,2026-02-27 00:25:28,0
41a9edd3-bd76-4b2f-b189-6bad2ad88bca,393,8305.04,Bangalore,Groceries,2026-02-27 01:07:10,0
f0cf9990-6841-467c-893e-2de88509c3a2,123,4118.57,Kolkata,Groceries,2026-02-27 04:59:02,0
41659d74-a93b-4a35-8332-b29b80994da1,112,6674.41,Jaipur,Food,2026-02-27 05:15:41,0
e802e289-28cd-4b4d-8923-bc95048c238d,197,8749.2,Chennai,Food,2026-02-27 05:24:28,0
5c22e9c1-8e31-4a5e-a3d8-bdcce94b5574,257,8015.01,Jaipur,Groceries,2026-02-27 07:20:13,0
d033dd5e-798f-4e3f-afd1-422eeb428215,305,7147.5,Bangalore,Groceries,2026-02-27 08:05:05,0
d448bf65-6f18-45e8-bd1b-d63a6553c98b,285,33136.99,Jaipur,Clothing,2026-02-27 08:21:59,0
d8a5c329-15c2-4a8c-8d2e-773e9590e345,221,7374.36,Delhi,Food,2026-02-27 08:26:44,0
34f5b8eb-aee5-468c-a093-418ae4723a97,458,6242.71,Chennai,Food,2026-02-27 08:28:26,0
cec784ae-1466-46cd-8627-eaf378b900d6,382,12320.12,Delhi,Travel,2026-02-27 08:34:14,1
938bd3f8-8bd1-4d4b-ad33-53fc692caaae,420,2786.32,Pune,Food,2026-02-27 08:36:31,0
590cee67-4d1b-4d80-8857-5c8ad3946dc7,268,11263.27,Delhi,Groceries,2026-02-27 08:38:11,0
68ec8547-e5a8-4f5f-813a-939a1b86a899,112,376.03,Jaipur,Food,2026-02-27 08:44:05,0
83355822-6fa4-47bb-8fa5-1a131f0c4661,94,7973.49,Pune,Groceries,2026-02-27 08:48:08,0
4a462ec7-b9bd-4cd8-98a8-95b09062459f,96,4395.26,Delhi,Clothing,2026-02-27 08:56:10,0
687e9ec3-9e86-4d36-93c1-8caae96d568f,223,325.4,Hyderabad,Food,2026-02-27 09:17:17,0
00a54e3e-3dc8-4de4-babc-c6721a7a0ecc,115,9789.24,Delhi,Clothing,2026-02-27 09:18:46,0
c921057c-3f05-457c-902e-d818013ca998,249,7947.12,Hyderabad,Food,2026-02-27 10:36:36,0
eb74e721-5b34-4ede-926b-6c2187e47dba,29,2718.13,Mumbai,Clothing,2026-02-27 11:06:58,0
79fdcd33-9bd9-42ca-8086-2f9eec191606,386,7981.1,Delhi,Clothing,2026-02-27 11:29:38,0
31ff5329-e97a-4e63-bfbe-54ac02c8de3b,213,8811.25,Mumbai,Groceries,2026-02-27 12:19:33,0
ce0b08ab-f67d-4488-92c5-d3d7c25cdea8,126,1243.84,Mumbai,Groceries,2026-02-27 13:05:42,0
7e22329a-9e86-48f8-a68a-99421ffc2123,75,3068.09,Mumbai,Groceries,2026-02-27 13:20:16,0
0685b7e6-d6c0-4ae2-9464-268529870e58,193,6945.17,Pune,Groceries,2026-02-27 14:23:06,0
14a6af19-576c-46f2-a3b6-6287876cc734,135,9768.02,Mumbai,Groceries,2026-02-27 14:51:18,0
5a3d7684-547b-4f20-9768-449ef2e3e262,92,1726.04,Jaipur,Food,2026-02-27 15:36:13,0
ceeab59f-7dbc-4a27-8982-56a45526a845,492,10459.56,Mumbai,Groceries,2026-02-27 16:06:58,0
49122ffe-4a4c-4469-a0ea-fa03a688ef2f,407,1171.68,Chennai,Groceries,2026-02-27 16:10:34,0
7f1f6e27-c81b-47a4-bb91-3c6b0ff1e4a2,15,3904.77,Bangalore,Groceries,2026-02-27 16:20:10,0
e9f33642-6c99-4926-b48a-a21c65bd19cb,38,10568.37,Bangalore,Food,2026-02-27 16:29:45,0
ed8ce7b7-d438-4bbe-94be-482c1ef4c29e,496,8632.88,Mumbai,Groceries,2026-02-27 16:54:09,0
75ba85df-ca54-4924-afb8-acc3c57f3885,74,6775.67,Hyderabad,Clothing,2026-02-27 16:57:40,0
ce94f92b-85e7-4074-af9a-354ae7468a52,11,4146.31,Bangalore,Food,2026-02-27 17:55:22,0
d92bba25-38e4-4bdf-ae50-9b8d2e689243,189,11961.32,Chennai,Clothing,2026-02-27 18:09:39,0
d701f79e-5f04-472b-ac99-9ac8bbbbe76a,235,8133.35,Mumbai,Clothing,2026-02-27 18:27:44,0
e94ded1e-11ca-4a0b-b2f1-94d82fcb0dce,292,3725.28,Bangalore,Clothing,2026-02-27 18:35:11,0
7bfdf54a-1763-4e41-8786-4f3df07f79b0,474,6735.68,Jaipur,Food,2026-02-27 19:12:42,0
65ecc39c-c607-4cb1-a6b3-1a27703a382b,79,6493.48,Pune,Clothing,2026-02-27 19:31:43,0
7ad30e2a-0413-4fc7-973a-0c96ffbb4bcc,51,1088.79,Mumbai,Clothing,2026-02-27 19:46:26,0
1d591d58-d64e-4e61-8042-a66140d574d6,270,13065.27,Bangalore,Groceries,2026-02-27 20:08:00,1
453e39b9-9c2a-4dc3-99bd-05ebf5aeddec,48,6744.79,Mumbai,Clothing,2026-02-27 20:09:43,0
2998547a-fa6d-4809-9eb7-f9c1435f5f98,249,7625.58,Chennai,Food,2026-02-27 20:14:54,0
6919732f-e882-48ee-8a54-9fd05676dc02,177,369.48,Pune,Food,2026-02-27 20:16:02,0
6cea8e8a-34c3-4b73-ad0c-082bcb7857a9,441,5599.25,Jaipur,Food,2026-02-27 20:37:33,0
cfd92fcf-0757-48ff-af2a-3540c5495a63,250,8857.73,Pune,Electronics,2026-02-27 20:46:55,0
893259f3-1ee8-4a4c-a811-34e250647c59,163,988.78,Kolkata,Food,2026-02-27 20:49:37,0
a85a513f-2cd3-4b2d-a898-3e902a5117b0,132,5789.11,Bangalore,Food,2026-02-27 21:16:33,0
765ddb55-e706-4003-8a0b-71f404033c51,306,11446.63,Pune,Clothing,2026-02-27 22:29:31,0
33fc07a9-7e5d-4ec4-8907-b6eac2fa16ab,296,49245.83,Delhi,Groceries,2026-02-27 23:14:36,1
e11c8a45-2f09-4dc7-96d9-b70b77eb6995,456,4557.56,Mumbai,Food,2026-02-28 03:36:36,0
6ca2243d-a6d3-4812-ba9e-453abfa4f6c8,423,6783.31,Bangalore,Clothing,2026-02-28 05:21:04,0
2cd51392-d98f-4e83-8f5b-294dd2cc4853,252,565.11,Hyderabad,Clothing,2026-02-28 07:22:44,0
13da3505-3daa-4e57-b084-aab8cf152c06,485,2321.24,Jaipur,Electronics,2026-02-28 08:23:34,0
4bb2c536-67df-489f-bc15-f4de0ffc5fbe,368,3548.08,Bangalore,Food,2026-02-28 09:06:49,0
5609ee46-c426-4d17-b355-24019e3c5f31,212,11322.29,Delhi,Travel,2026-02-28 09:33:38,1
8b665e8b-7dd5-4e8f-83ab-8a34b2d2c3a7,153,4290.51,Kolkata,Clothing,2026-02-28 09:51:51,0
5a66219e-25f9-4046-8c1d-180ed8739636,228,1670.26,Bangalore,Food,2026-02-28 10:50:16,0
160a56e1-1cd2-4c9f-83ac-0d1b2cb15c02,135,10659.61,Mumbai,Travel,2026-02-28 11:07:58,0
eb3f3218-f2dd-4f01-adb7-e3f9867a1104,254,3609.46,Kolkata,Food,2026-02-28 11:14:49,0
44e9f8fb-4838-4888-9a2e-9864f8eaca36,327,3338.4,Chennai,Clothing,2026-02-28 11:20:01,0
494e5eec-de1a-42e3-9f24-56152693afe4,170,6127.12,Delhi,Food,2026-02-28 11:39:27,0
413b48c4-ef22-4e93-8fde-a771305d9749,291,1841.45,Bangalore,Clothing,2026-02-28 12:07:24,0
a923d326-80f7-4737-8682-3a769baae406,252,10637.99,Hyderabad,Clothing,2026-02-28 12:07:34,0
10b72ccf-8793-4d69-833b-f03ec923527f,384,2525.69,Pune,Groceries,2026-02-28 12:09:18,0
a6d62d00-5690-49cd-9e12-43a588f05a37,203,10327.65,Mumbai,Clothing,2026-02-28 12:10:28,0
105291d3-b34c-4c73-9833-0b306c776e95,213,6749.69,Pune,Groceries,2026-02-28 12:46:01,0
5ee76dc6-6fc4-4bf6-bd6b-ff76f790df8a,408,8574.07,Kolkata,Food,2026-02-28 12:46:49,0
5623ad9c-c3f0-41ab-a6ca-fb60dba47d74,296,3710.83,Delhi,Clothing,2026-02-28 12:55:58,0
75ef8169-64a7-4279-8609-a880ef29c0f7,352,464.55,Mumbai,Groceries,2026-02-28 12:57:34,0
1a64f27d-0bcf-40fc-a3a1-af9777852ddb,19,10391.24,Jaipur,Food,2026-02-28 12:59:02,0
0041f5d4-9549-4631-b94c-eef2f833dfa7,171,251.54,Bangalore,Food,2026-02-28 13:01:11,0
0c767092-dcff-47b6-b61c-2373211b20eb,246,3304.89,Chennai,Utilities,2026-02-28 13:02:41,0
435f59e6-a282-4bab-bdb0-9520b2f881eb,374,3116.82,Kolkata,Food,2026-02-28 13:22:15,0
4aaa77eb-8e3c-4596-b2b5-05705d616d41,494,29209.68,Pune,Groceries,2026-02-28 13:25:41,0
2695f8e4-318a-4e65-a675-6e5c0fe85fff,94,3855.12,Bangalore,Electronics,2026-02-28 13:31:47,0
5d9a6b90-16fb-44d5-b56d-7ac77ccb136d,420,2976.56,Pune,Groceries,2026-02-28 13:58:04,0
05f24940-5628-431c-9dca-0e71e803d7a8,171,5613.66,Chennai,Food,2026-02-28 14:25:55,0
ebf5ccfa-f33b-4643-8fb1-dce12c84740d,232,8980.43,Bangalore,Travel,2026-02-28 14:27:04,0
c40b7dfa-9ce1-4830-8ba2-8021c17f9faf,323,2947.54,Bangalore,Groceries,2026-02-28 14:39:30,0
4be6c9fc-e1b9-4c2c-b9b9-74e071c47f73,40,18128.26,Mumbai,Utilities,2026-02-28 14:49:16,1
4d2a2ac5-66ff-4bf4-ae88-574c02adb4bc,280,7036.48,Hyderabad,Groceries,2026-02-28 15:07:20,0
4a4e0de5-dd87-49e4-a6ce-6b4de738eb30,344,4443.58,Kolkata,Clothing,2026-02-28 15:37:14,0
fdb302c8-06dc-48c4-b5e1-89d9f7fd6c80,371,8658.28,Pune,Food,2026-02-28 15:41:03,0
510e641f-fe67-48e9-8a88-e6ca1dee4b6d,146,7461.7,Mumbai,Groceries,2026-02-28 16:18:11,0
fa59607b-60a7-4a57-8581-17a1178926f3,486,9971.27,Bangalore,Food,2026-02-28 16:19:45,0
c19fcabc-43e9-4737-8435-dc23f749f55d,470,511.01,Pune,Groceries,2026-02-28 17:06:55,0
a69adf76-14b4-489a-aca9-8c872fe4e437,463,2848.72,Pune,Clothing,2026-02-28 17:23:37,0
1fdcf0ad-f2fe-462b-bdaf-3ac2b591fa73,215,10411.34,Pune,Clothing,2026-02-28 17:50:38,0
65c2f24e-ba45-4de9-8a6d-bf9e2a15a70f,234,1806.55,Chennai,Food,2026-02-28 17:59:38,0
88604b56-a34f-4452-afe9-e8c94497734d,264,6615.99,Bangalore,Food,2026-02-28 18:45:33,0
7804a35d-fd6b-415e-987a-c7baf07587ab,416,4443.81,Kolkata,Groceries,2026-02-28 19:35:55,1
d8b16dcc-2430-46bd-8005-79db6a4f6052,96,1031.14,Delhi,Clothing,2026-02-28 19:43:51,0
6aeebd20-fde7-48c7-9a32-dd3fa4c661c2,73,7464.92,Pune,Food,2026-02-28 19:50:12,0
4436a379-1a80-444e-80f1-8e4e93132cf1,440,8648.45,Jaipur,Electronics,2026-02-28 19:53:40,0
e7a166d2-7029-4dbb-b876-fdaa7af83c9f,301,7766.58,Mumbai,Food,2026-02-28 19:55:17,0
bd900d9c-6d92-4283-8343-0652bdfa6b79,392,2270.05,Chennai,Travel,2026-02-28 20:05:16,1
ff690568-0d79-420f-8931-bd94d04a8ff9,7,3386.59,Delhi,Food,2026-02-28 20:45:37,0
48d5e760-b17a-4315-9ca1-eca40570b7f6,101,11490.54,Pune,Food,2026-02-28 21:05:37,0
1644e28f-ccc2-46e0-bfb8-9d574831671b,103,11980.28,Hyderabad,Clothing,2026-02-28 21:09:02,0
5537a67c-7fe3-48e2-be3b-90978a97afc8,330,3041.11,Mumbai,Travel,2026-02-28 21:39:50,1
275d0212-d675-4ee0-a165-18d7a2ff5118,345,195.55,Chennai,Clothing,2026-02-28 22:05:07,0
c9f12b09-1eac-46fe-bc30-c77c8f58ed08,384,5942.42,Pune,Groceries,2026-02-28 22:12:01,0
7667f80a-e259-463d-9b37-da4d08d161a0,346,14605.71,Hyderabad,Travel,2026-02-28 23:27:18,1
26c25405-a7ea-42f0-acab-d3d710116af4,72,5554.37,Mumbai,Clothing,2026-03-01 02:22:32,0
54010761-7398-45c3-b9a1-27e59eab4a18,308,1187.69,Bangalore,Clothing,2026-03-01 03:14:48,0
f5d0563e-3d4c-40e4-b71a-0cd7ab5fce76,185,15289.76,Pune,Utilities,2026-03-01 03:46:32,1
2f578774-cbbc-47ff-999c-db5960294fe4,316,4207.35,Kolkata,Utilities,2026-03-01 04:12:06,1
fbeebcca-f6ed-4554-9841-b1bee66554b1,425,1609.76,Pune,Food,2026-03-01 07:06:44,0
5f09058e-454e-4370-a8d8-fdf437103c3f,231,3295.52,Delhi,Clothing,2026-03-01 08:03:45,0
89450af0-d3ad-4600-984c-23a02b901c66,74,8910.77,Hyderabad,Clothing,2026-03-01 08:27:04,0
08668820-59d5-47a1-b3f3-a850cba87493,414,6197.24,Mumbai,Groceries,2026-03-01 08:43:13,0
cb6f70ec-0daf-4372-9405-80cad291a868,328,19183.98,Hyderabad,Food,2026-03-01 09:34:51,0
3db1e702-8e9e-4173-8aaa-b1d0eb1c91b6,193,8023.07,Pune,Groceries,2026-03-01 09:42:51,0
404ac611-c701-44b7-982a-5740224a67de,282,18775.6,Kolkata,Food,2026-03-01 09:46:41,0
c07ec4c4-b6b4-4aa5-b9c4-2eed297f8f1e,131,10690.14,Chennai,Clothing,2026-03-01 10:00:58,0
6218cf19-c537-406c-97d9-1bdf21572f3c,283,5307.57,Chennai,Clothing,2026-03-01 10:15:25,0
bf715a28-47ef-4886-95b5-b7b0f92edfa1,450,3876.08,Hyderabad,Clothing,2026-03-01 10:16:07,0
cb36df00-f720-42f2-8d6b-843634be719f,134,2609.05,Jaipur,Groceries,2026-03-01 10:26:48,0
7e780722-f88f-4565-a74f-ad2290c3a74b,99,834.37,Mumbai,Clothing,2026-03-01 11:29:57,0
2827f66f-6756-4314-a21b-dad8d6c1ea63,225,4276.34,Hyderabad,Groceries,2026-03-01 11:30:50,0
cf5676e4-3baa-499a-890c-5f871a1d2340,119,9459.63,Delhi,Food,2026-03-01 11:31:43,0
efb278fd-a391-4fdb-8794-ac7e4aaa7f99,164,1712.42,Mumbai,Clothing,2026-03-01 12:23:26,0
5c58272b-d62d-4b65-b2a0-f1ee1b9632f0,151,7938.69,Chennai,Groceries,2026-03-01 12:31:16,0
6e2f1d3b-fd9f-45f4-8816-d739c3933447,406,7978.91,Hyderabad,Clothing,2026-03-01 12:34:21,0
f4d78cb1-eff5-45ef-99a2-205c5a7aea76,139,9393.39,Mumbai,Food,2026-03-01 12:40:16,0
5f90ea2c-f9ae-4b30-8af8-75b243fe6d09,357,3947.62,Mumbai,Food,2026-03-01 13:34:55,0
77e7ad81-5b88-4c72-b66c-db02af66dc57,322,4573.99,Pune,Food,2026-03-01 14:06:08,0
f9361c6a-4bf8-4b36-86aa-e4c25f57de9c,290,6957.53,Bangalore,Food,2026-03-01 14:22:54,0
b1aa6e6d-e1dc-4188-8c03-e875a8bc30fa,435,10534.39,Kolkata,Clothing,2026-03-01 14:35:59,0
b661d71e-0d3e-4666-804b-bffd22c013db,495,7682.07,Chennai,Food,2026-03-01 14:40:31,0
0525c1b4-f73c-4a1f-a06a-7de49755828f,175,8385.88,Pune,Clothing,2026-03-01 15:05:07,0
4cd54a9d-d782-4cb8-9776-4d952fbbcea0,169,23251.26,Delhi,Clothing,2026-03-01 15:31:53,0
731321cb-216a-4437-b4e0-a890219e2a6e,32,23377.71,Mumbai,Groceries,2026-03-01 16:01:55,0
0facc51f-b5ca-4315-bd18-5220cf9e18eb,423,9072.0,Bangalore,Clothing,2026-03-01 16:51:41,0
0e8db9f5-e514-4d91-8127-8cf9803bd70b,399,4490.27,Delhi,Groceries,2026-03-01 16:59:11,0
cc4282cd-1474-449f-bb38-102b7bdf1546,207,7802.47,Jaipur,Clothing,2026-03-01 17:33:30,0
9383b253-6221-4db5-a165-d3d10e548df8,147,8287.93,Jaipur,Food,2026-03-01 17:49:35,0
8a6e5860-3bec-4627-9a79-a99422ff7e6b,465,5950.52,Kolkata,Entertainment,2026-03-01 18:03:22,1
e9107c1f-86d2-4d72-80d3-df6e18001549,353,6212.24,Hyderabad,Food,2026-03-01 18:43:44,0
70bbf07e-e80a-40b7-a36f-494a54d41e87,68,1404.23,Kolkata,Utilities,2026-03-01 19:17:26,0
d6a6e618-4eb1-4c88-83b6-3613a89f5f9d,468,9862.97,Hyderabad,Food,2026-03-01 19:25:00,0
2be53dc7-cd24-46e2-944a-435e9832046d,368,5900.25,Bangalore,Food,2026-03-01 19:32:56,0
2e057f79-1cf8-403f-802b-1bf4b8ff615c,147,3603.59,Jaipur,Food,2026-03-01 19:33:57,0
0097d5f0-f6be-4f8c-b8aa-9c52d6eee772,443,4782.44,Chennai,Clothing,2026-03-01 19:38:25,0
90fdbb3e-6173-467d-9020-91168a608ef3,14,5591.6,Chennai,Food,2026-03-01 20:02:41,0
c4da7c39-bf8b-4743-9647-5277c48bad03,371,43983.44,Pune,Travel,2026-03-01 21:04:10,1
aef0244b-2c19-4e3d-a7fc-1bad76ca1cbe,254,11102.15,Kolkata,Food,2026-03-01 21:11:25,0
c1320040-1e04-4988-a45c-5952499a1d8a,287,9886.05,Pune,Groceries,2026-03-01 21:35:31,0
e84511a2-9bc2-4450-a3a9-047230020f5e,299,7349.51,Bangalore,Clothing,2026-03-01 21:40:53,0
668ed827-cd10-4511-b312-12d14cdc4dcd,28,4052.46,Kolkata,Groceries,2026-03-01 21:55:18,0
4f995de6-8a77-4e42-93e9-2b7561f3555d,19,4789.11,Jaipur,Groceries,2026-03-01 21:55:33,0
1d2d5085-8b55-42ec-87f5-3d0beaf187d2,307,31309.38,Delhi,Food,2026-03-01 22:07:29,0
629153bf-ccbd-415e-a7f0-916ebf78bad8,364,6287.01,Hyderabad,Groceries,2026-03-01 22:17:48,0
10bbc60d-07bf-43ee-bccd-3dc0740a5bed,393,11374.63,Bangalore,Food,2026-03-01 22:39:16,0
d03a83c0-7bf0-4f54-b041-29ddbdc1a56a,260,2629.98,Chennai,Electronics,2026-03-02 00:32:57,1
c4615234-8044-4eb2-b66e-dbf4a0ea0251,89,9267.37,Kolkata,Food,2026-03-02 01:00:16,0
9ffda1e7-4052-43a5-a6fd-32156a107fb7,272,4233.07,Hyderabad,Groceries,2026-03-02 04:32:51,0
56fb9a22-e2b6-4f5d-9805-2a559118b0e6,196,2128.45,Jaipur,Utilities,2026-03-02 05:59:28,0
02da1b64-721e-4a41-be39-6a7734547934,118,8826.85,Chennai,Groceries,2026-03-02 08:00:34,0
f57a431e-3e6b-44fd-9f02-7cbfeb29d912,272,9901.89,Hyderabad,Groceries,2026-03-02 08:07:42,0
8755792b-ca18-47a6-b413-f7881ba704fc,196,6028.05,Jaipur,Groceries,2026-03-02 08:26:38,0
ad91da36-deb1-46a1-a341-78ef770700f4,132,11333.85,Mumbai,Food,2026-03-02 08:46:06,0
447b9b0c-10fb-4052-98d9-192e900e7426,319,4338.92,Chennai,Food,2026-03-02 09:21:44,0
3bd07061-3b00-4810-b88a-24b11eb7687a,377,6392.05,Hyderabad,Groceries,2026-03-02 09:35:33,0
4e0cad29-1fc5-487a-b5b7-0895e0536baa,493,503.72,Chennai,Clothing,2026-03-02 10:51:31,0
2cdf0bb3-f534-4c17-8d2f-9a127985f1de,54,1778.66,Kolkata,Clothing,2026-03-02 11:03:12,0
ab4e5cfe-0330-4eaf-b132-317ae7bdb9d2,408,10541.21,Chennai,Food,2026-03-02 11:12:06,0
78658c08-fd78-47da-a280-fd5556d6c1eb,90,10878.72,Chennai,Clothing,2026-03-02 11:39:47,0
44e5eddd-771d-430f-b955-b110fc2e0301,260,1347.21,Chennai,Groceries,2026-03-02 11:46:22,0
c33ffef7-64bf-4e8c-9033-89b46ce052ef,135,10029.82,Mumbai,Groceries,2026-03-02 12:21:46,0
e222af50-a131-4298-b292-d4d14e437186,406,2904.05,Hyderabad,Clothing,2026-03-02 14:45:50,0
b66f200d-bb0f-4aea-bf7e-2d3b993b7d75,322,9432.01,Bangalore,Travel,2026-03-02 15:01:28,1
88c638c9-d2b4-4510-97b4-46594b984523,386,15763.45,Delhi,Clothing,2026-03-02 15:21:59,0
e306f432-62f3-43ba-a5a2-c83db193244d,106,11644.28,Hyderabad,Food,2026-03-02 15:34:23,0
3f9d6ae6-9df3-412d-9619-7eda2cb93c2b,317,10378.43,Pune,Food,2026-03-02 15:50:46,0
a6d53205-2974-41b5-92d7-2c51cd16ae1f,337,6735.99,Kolkata,Groceries,2026-03-02 15:56:21,0
95065839-35ab-4791-a3cf-38e6b73ad3be,184,5041.1,Hyderabad,Groceries,2026-03-02 16:02:42,0
e3a0a1be-df17-40d9-8f2f-82fa64f078cf,164,4598.52,Mumbai,Food,2026-03-02 16:04:00,0
a590e503-0100-4de5-9d71-d33ca04917ad,371,10258.97,Delhi,Food,2026-03-02 16:57:11,0
a6e62c01-8529-474f-bc48-13d916c60b3d,443,6086.87,Chennai,Clothing,2026-03-02 17:20:56,0
39d99ddf-976a-43c2-b634-ce8453129793,229,9451.59,Pune,Groceries,2026-03-02 18:14:12,0
b0c9eab0-293c-4915-bd23-31be684fc293,499,6451.66,Jaipur,Food,2026-03-02 18:44:41,0
a17353e7-435e-44cf-b983-52e91c844d96,265,2292.84,Chennai,Groceries,2026-03-02 19:18:14,1
20608b8d-47c5-4d53-a7eb-ff3f35683bea,289,3323.17,Pune,Groceries,2026-03-02 19:38:49,0
2622e0d6-f23d-4820-977e-5877ed6f4ee3,303,3422.13,Bangalore,Groceries,2026-03-02 19:55:15,0
781021a1-aec0-4f66-8e5a-4bf3619f0a24,419,3024.19,Jaipur,Groceries,2026-03-02 20:29:17,0
f57c2a25-7b62-4e6a-9084-44736c71dad1,107,801.28,Kolkata,Groceries,2026-03-02 20:53:49,0
5885dca5-cac5-4bc7-9c18-17a35e2f0318,171,6018.48,Hyderabad,Food,2026-03-02 21:38:07,0
26c0df52-f71d-49c5-84c2-f2c4efb0ce3b,356,828.06,Bangalore,Groceries,2026-03-02 21:47:42,0
f24e0ff8-e39b-4a17-b159-60cbfd28d0ce,27,10111.43,Chennai,Groceries,2026-03-02 21:53:57,0
14ceea13-c6ae-46ec-87fd-54eea4728ffc,208,10663.2,Jaipur,Clothing,2026-03-02 22:08:11,0
23e57b50-27df-46e0-84c4-69b120c13845,200,34284.69,Mumbai,Groceries,2026-03-02 22:20:02,0
12402261-5b7f-406f-8eb7-a76eaeec5022,131,168.08,Chennai,Travel,2026-03-02 22:28:21,0
2eec1a53-fc6f-415b-8e7b-4f7d15fcf4e9,47,1169.78,Chennai,Food,2026-03-02 22:45:16,0
27e04d66-cff3-4f72-bd74-e8ccd4eddb5a,207,9836.61,Pune,Clothing,2026-03-02 22:45:32,0
3bf5337a-224c-4ee6-9936-059ccea35945,164,4109.82,Mumbai,Travel,2026-03-02 22:55:07,0
d5da108b-ae94-40b5-aaf1-c93827d54ab0,191,3171.19,Jaipur,Clothing,2026-03-02 22:57:52,0
52380bf2-4988-4418-b6c3-1218c1836315,368,9272.12,Bangalore,Groceries,2026-03-02 22:59:10,0
405357bd-b67b-4baf-a8e2-eca2531ae2bf,208,14191.73,Pune,Clothing,2026-03-03 00:00:13,1
47a3761c-a76f-43a2-a562-540e0eb2d9a1,208,50555.76,Jaipur,Electronics,2026-03-03 00:08:25,1
110eca69-a6e6-44d3-8423-190ddf1db5ba,208,4466.93,Pune,Groceries,2026-03-03 00:12:34,1
4b90ba28-ec0c-41f9-8d08-6f3851c837b5,208,7858.67,Jaipur,Electronics,2026-03-03 00:12:39,1
f57e6f5d-00e9-4548-b178-0a92e6eeba72,208,5345.27,Mumbai,Utilities,2026-03-03 00:24:37,1
94cd80f9-f220-4b4a-ab9a-bb141d13f93f,14,39539.71,Hyderabad,Travel,2026-03-03 00:26:56,1
cdb7fbff-63d4-40bb-892f-1bb1a9c8cdb2,67,787.29,Chennai,Food,2026-03-03 01:55:28,0
9e1d3e41-a389-4651-a7a6-58ca930313a6,346,792.21,Mumbai,Groceries,2026-03-03 05:14:17,1
2db74239-6996-4c94-9dc1-3d332b15a22c,86,11155.95,Hyderabad,Travel,2026-03-03 05:36:06,0
aa5cf0fa-270e-4aaa-a262-24bb2101f87d,50,18065.57,Mumbai,Groceries,2026-03-03 06:19:21,0
5f1c9ef6-1621-43fe-ae6f-0fa2ea2d97c8,216,6244.61,Hyderabad,Clothing,2026-03-03 07:12:44,0
545c3a0d-4f93-403c-af8f-f48e960baaa4,129,657.74,Chennai,Clothing,2026-03-03 08:32:42,0
687f719c-c45e-4576-ac95-1111b92c2284,103,6939.59,Hyderabad,Clothing,2026-03-03 08:46:51,0
c48d5650-2e95-42d6-9679-2482a3c988e4,369,9253.06,Chennai,Clothing,2026-03-03 09:08:20,0
6857b3c5-f0d5-4c6b-b1e7-f6794cf28c15,240,2962.32,Chennai,Groceries,2026-03-03 09:17:18,0
cbe73aeb-5a6a-43c6-9726-cf22b8f160e4,256,1711.35,Bangalore,Clothing,2026-03-03 09:33:17,0
592a3549-7ba1-49d0-8567-c80534f541c0,13,5050.11,Chennai,Groceries,2026-03-03 09:53:46,0
2367efd4-e8e7-453e-b7bd-8623a62157ac,432,11679.15,Jaipur,Groceries,2026-03-03 10:08:44,0
6a6f6cb3-a1c4-4bd1-84c6-51e0ebc1298e,381,8198.6,Hyderabad,Clothing,2026-03-03 10:19:13,0
8f3f3e1d-0125-4079-bb67-e19e017412e6,288,4212.23,Pune,Groceries,2026-03-03 10:22:51,0
678b941f-dcca-4a71-a7e7-013919f5af3c,346,34170.25,Mumbai,Clothing,2026-03-03 10:25:43,0
7a391c7e-cc19-45b3-aae6-47bf87bafe02,290,4258.35,Hyderabad,Food,2026-03-03 10:40:37,0
ba5916c5-9de6-4f2c-97bd-9ee6e63f6d3a,136,2707.22,Delhi,Groceries,2026-03-03 10:59:43,0
5e0e9812-1d79-4e77-9644-2d1bc9a4d972,457,11869.19,Delhi,Travel,2026-03-03 11:00:01,0
9665df7c-4f70-488b-b06c-69d99339304b,215,4729.02,Pune,Clothing,2026-03-03 11:08:55,0
869ed41b-c64e-4c62-8e04-5196d7d7b5a5,162,7311.1,Bangalore,Groceries,2026-03-03 11:26:32,0
bbcd6c18-a06e-4de5-810e-4265ad3f5dd4,495,548.93,Bangalore,Food,2026-03-03 13:00:57,0
43ba79ae-318f-4ad1-b6c9-28d4d6e38280,423,6525.21,Bangalore,Clothing,2026-03-03 13:10:13,0
9a8ed6e8-5bae-4471-a36b-c49cb10e91b4,74,10330.03,Hyderabad,Clothing,2026-03-03 13:13:46,0
90261d4c-88ba-435e-bd3b-17eb29529420,31,3085.58,Pune,Groceries,2026-03-03 13:53:40,0
7666e4c8-51c6-4a30-9323-3e733a9f72f2,459,4747.15,Pune,Clothing,2026-03-03 14:00:23,0
2f8e6eda-2f89-4418-ac34-a5ba7dc48573,82,19829.58,Hyderabad,Utilities,2026-03-03 14:07:05,1
c9e6cbd2-c888-49df-8d95-b5bececa16ea,431,6426.59,Mumbai,Food,2026-03-03 14:42:32,0
1887fa69-eabd-47da-8357-a6203e245711,3,1288.97,Pune,Food,2026-03-03 14:44:13,0
5e2227d4-e74f-432b-bb87-62719d9b72b9,283,9211.61,Chennai,Clothing,2026-03-03 14:44:27,0
7c5a1cac-ad40-434e-8557-c6aa361410a8,328,10337.57,Chennai,Electronics,2026-03-03 15:06:40,0
9f3ac133-0f34-4245-b53c-ed5cc6e6921d,12,4320.83,Mumbai,Clothing,2026-03-03 15:22:12,0
2b2d1a24-e3e8-4c6d-985f-7f91553a019f,378,3262.41,Pune,Clothing,2026-03-03 15:49:05,0
5186082a-00c4-45d9-8f96-15ca19b94921,244,11215.01,Kolkata,Clothing,2026-03-03 15:50:15,0
d7d5936c-5455-423c-bc44-994a3b6db5ef,285,571.31,Jaipur,Clothing,2026-03-03 16:08:32,0
37fc511b-826f-481a-8651-a8970f54c086,479,4044.28,Mumbai,Clothing,2026-03-03 16:10:00,0
c69eb431-cf34-4c15-a9b3-589ccf2109f1,388,22219.73,Bangalore,Utilities,2026-03-03 16:33:35,0
d8b304a4-cbd7-45f2-ac66-f55e5309c42a,381,3672.94,Hyderabad,Food,2026-03-03 16:47:12,0
0927e05f-4a62-48e6-baa8-8007c3422f31,467,10313.27,Pune,Clothing,2026-03-03 16:57:36,0
afba5ddc-c81c-497a-9ba1-cbe2879d19c3,478,11345.79,Mumbai,Clothing,2026-03-03 17:10:25,0
3c8f5a90-dd90-4ef2-bbf7-ad206a7e95d2,169,9796.16,Delhi,Food,2026-03-03 17:38:47,0
9c9e0e0c-ffb3-47bc-9078-02120983fd67,166,10691.1,Hyderabad,Food,2026-03-03 18:01:25,0
f8743719-b34b-4f07-a9bf-c0ce542cfffa,21,11985.09,Bangalore,Clothing,2026-03-03 18:15:28,0
3409666f-d7f5-4b10-b80b-6efde91ac1c7,208,7068.12,Jaipur,Food,2026-03-03 18:25:26,0
b51ee0dd-5ec2-422f-b978-d269a3a22f35,207,3182.83,Jaipur,Clothing,2026-03-03 19:09:42,0
6ac9a374-6fe0-41bc-9b61-2d0e7c17979a,78,9387.46,Chennai,Groceries,2026-03-03 19:55:17,0
3a538c4c-a404-4eeb-aba8-1faf9a753c81,262,2675.76,Delhi,Clothing,2026-03-03 20:14:00,0
99f25abc-2839-4720-9344-577cbe1db539,162,25848.13,Bangalore,Food,2026-03-03 20:31:46,1
b27e7656-e662-44e3-ae9e-ba4afc5a217d,21,2490.78,Bangalore,Clothing,2026-03-03 20:32:53,0
30235816-b2dc-4c8e-8d68-37f6c0010105,366,47268.78,Chennai,Travel,2026-03-03 21:07:48,1
e5d25bc3-3c38-46aa-b979-38acead22702,347,1548.26,Hyderabad,Food,2026-03-03 21:18:12,0
7a0dbbe1-c105-4b46-b8ee-0ec62b0a0050,298,9664.1,Pune,Groceries,2026-03-03 22:19:55,0
50c4cb4b-ad9e-4c1e-b997-402490a014ab,70,5581.35,Chennai,Food,2026-03-03 22:21:29,0
80e05a64-9fb8-4bc9-ab62-1afd502d58d9,374,31053.1,Kolkata,Food,2026-03-03 22:23:03,0
d1581123-3e27-41c8-a03a-f460ebf2b573,57,1975.09,Kolkata,Clothing,2026-03-03 22:39:01,0
2700260b-c2ce-46bd-8301-b3a6849b50bc,178,7239.92,Delhi,Groceries,2026-03-03 22:47:16,0
98c3eede-2b63-49a4-bd7d-5da318f73f1b,150,4828.33,Chennai,Food,2026-03-03 22:51:42,0
ae044525-8c0e-4204-a045-b3f37a7c61f7,165,4940.68,Chennai,Clothing,2026-03-03 23:03:09,0
6c26f915-5acc-4ebb-b5ac-4b75bc181788,441,6843.4,Jaipur,Food,2026-03-03 23:18:39,0
982adac8-006a-4215-8d31-83764ac436fa,87,11125.07,Pune,Food,2026-03-04 00:25:40,0
9b0fcaa7-d56c-478f-b854-1d6ad59f2b69,379,25950.75,Kolkata,Food,2026-03-04 00:26:30,0
b1dbd7a7-0929-4f8b-aa17-9285eb940e28,277,7175.48,Delhi,Clothing,2026-03-04 01:07:41,1
706ef9ac-9cce-4410-84b2-047f44aad939,263,1817.09,Bangalore,Groceries,2026-03-04 02:11:20,0
b2f7ef17-6b74-47de-a67c-55a39f502cfa,375,5119.78,Mumbai,Groceries,2026-03-04 02:17:43,0
87c860bf-6457-4e65-8db5-94ff95d2c673,112,6134.69,Jaipur,Food,2026-03-04 03:33:54,0
742e42fa-f30e-429a-80ec-b2de1bc30ae7,257,11029.7,Hyderabad,Travel,2026-03-04 03:42:40,1
b04701f9-baae-4df2-b924-8a1abe302bfe,482,996.88,Hyderabad,Groceries,2026-03-04 03:52:46,0
2745dd4f-a211-436b-83a7-255b7166cd19,128,9242.26,Hyderabad,Clothing,2026-03-04 04:24:13,0
f276285b-5dd7-4b88-8c2c-b9855c60d130,270,8248.82,Hyderabad,Food,2026-03-04 08:09:43,0
d5d9a385-2bb2-4cbc-9c79-4cdb74c88361,73,5707.51,Bangalore,Groceries,2026-03-04 08:15:44,0
7067ca4a-17d7-4e90-8e80-9b079b43784c,301,11720.43,Mumbai,Food,2026-03-04 08:36:34,0
6f4e8fa4-4e32-4769-88b6-af37247aba74,74,27376.93,Hyderabad,Utilities,2026-03-04 09:19:24,1
fb5f965d-c6d0-4bd9-a37c-b48efa928794,204,7364.05,Chennai,Electronics,2026-03-04 09:47:25,0
8b495a46-5212-41b2-8054-e5b07d7120b3,283,1218.9,Chennai,Travel,2026-03-04 09:57:13,0
f5b98bb5-e5c1-469a-b9fb-f715ca1c3346,329,9574.44,Delhi,Clothing,2026-03-04 11:18:25,0
8bb2d4e3-8143-46e8-922d-4ad9ccb8e56f,75,7156.75,Mumbai,Clothing,2026-03-04 11:22:17,0
372b0b95-fb3a-4054-a3ca-7384b2dde524,34,11195.65,Kolkata,Clothing,2026-03-04 11:47:33,0
a2f5a68b-d590-4435-a3fb-6d0bf4be28b4,284,31524.97,Hyderabad,Food,2026-03-04 12:31:35,0
2ecc9471-09ea-4afd-8762-2ad36dfad4ba,464,623.37,Pune,Clothing,2026-03-04 13:03:47,0
d7fd6197-f750-4c46-9dd0-bcc0eabb42d6,313,1049.46,Bangalore,Food,2026-03-04 13:36:00,0
1c8ebf4d-7a9f-4edd-8e60-fb33de1eaf35,487,936.59,Pune,Food,2026-03-04 14:09:37,0
36e36bc9-52bd-4d4d-b44c-d663ba7b0a7f,386,2166.29,Delhi,Food,2026-03-04 14:18:11,0
b1d81887-4739-4c7b-bff3-0c8d83ff3e96,202,7625.58,Bangalore,Clothing,2026-03-04 14:28:04,0
5215926a-0c3a-450c-8497-d2e2f1ad427b,65,6965.7,Pune,Groceries,2026-03-04 15:27:16,0
c9abda91-5674-49e2-8e59-95aa56db638a,123,9533.6,Kolkata,Groceries,2026-03-04 15:34:53,0
817a44e1-7144-475d-aedb-9d1e563ab98a,442,117.19,Hyderabad,Food,2026-03-04 15:36:55,0
792dd499-7497-475c-b66f-bdddb1c8d50a,353,5061.38,Hyderabad,Electronics,2026-03-04 16:08:31,0
bec4ee08-70ec-49c4-924b-035f24b9be69,190,8548.75,Chennai,Clothing,2026-03-04 16:08:33,0
e8f7f4ca-49a6-4acc-9f3f-4d911a321483,490,587.12,Delhi,Food,2026-03-04 16:15:01,0
32b1792b-2263-460a-b43c-6fef2fb7e9bd,418,16396.83,Pune,Clothing,2026-03-04 16:26:41,0
709ac2bc-b6da-49bb-a91e-25a15484d865,225,6216.26,Bangalore,Travel,2026-03-04 16:46:47,0
8d448a64-00e3-4f8e-866b-0e07e7b4f6fe,209,3501.93,Hyderabad,Groceries,2026-03-04 16:48:57,0
af63920f-a9bb-48d2-b108-92f5b939a4cb,139,305.18,Delhi,Food,2026-03-04 16:51:11,0
7f54a511-01fa-464e-9eb7-4b5653ffd3a2,304,3770.19,Kolkata,Food,2026-03-04 17:03:00,0
c3c075f1-3ecd-4223-9388-8341a08a8461,196,1159.66,Jaipur,Groceries,2026-03-04 17:36:12,0
20e7118a-cf8d-452b-85e3-d1071d0ffe16,99,1091.34,Mumbai,Clothing,2026-03-04 18:05:51,0
e577e1b6-4dd3-4982-bdfa-45fa1da6f0f0,56,5874.71,Kolkata,Groceries,2026-03-04 18:57:09,0
e5795c1c-3d0b-44c9-980b-0ca570751d9e,359,2240.79,Hyderabad,Clothing,2026-03-04 18:57:19,0
a81d0ecf-c27f-469e-bebe-a834bfffd800,13,2085.89,Chennai,Groceries,2026-03-04 19:19:16,0
c6f2e52c-0cd8-45f9-91f1-27752560a5c5,200,1692.82,Mumbai,Electronics,2026-03-04 19:30:11,0
aa91e486-6ac2-4a2e-b333-1bb3a4175c6a,68,6775.22,Kolkata,Clothing,2026-03-04 19:35:08,0
f9a8743d-7d5b-4037-b101-2b0f174af825,262,10466.79,Delhi,Food,2026-03-04 19:35:59,0
dcbc5e3f-eb90-40cb-8238-1c49057eccfa,67,11202.94,Chennai,Food,2026-03-04 19:40:56,0
455cf668-a3cb-4e18-a4a1-67fd34c6ea9b,451,185.97,Hyderabad,Groceries,2026-03-04 19:41:37,0
f59ff3b4-171e-4a4d-aba1-0c2e56a4ad82,91,7806.4,Jaipur,Clothing,2026-03-04 19:58:42,0
a3106ed8-edcb-48f8-a809-f6e67f16749a,79,5843.84,Jaipur,Groceries,2026-03-04 20:04:18,0
96e82445-2590-4585-8782-8c907b25f00e,424,23035.8,Pune,Clothing,2026-03-04 21:38:02,0
8f03e621-5fae-4a38-9d06-3badbcc5c886,290,2830.67,Hyderabad,Groceries,2026-03-04 21:42:07,0
d81ab7dc-ae6c-4993-8aee-eac9a1d2fc0f,7,8902.85,Pune,Food,2026-03-04 21:51:42,0
2d7dbd6b-dff6-4a52-8e54-987859619f38,321,3525.89,Delhi,Food,2026-03-04 21:59:14,0
6224b85a-1c39-4065-966a-6ecbc6239827,127,4501.74,Kolkata,Food,2026-03-04 22:56:08,0
c5732221-c125-44b7-b099-b85ab408ec62,424,10215.71,Mumbai,Clothing,2026-03-04 22:56:18,0
a9dbf628-1748-4a01-8514-7bc9d907ba3f,419,4910.99,Jaipur,Groceries,2026-03-04 22:58:30,0
ce7334f2-3393-4b6c-9d37-efb6eafb3e90,429,2189.13,Bangalore,Groceries,2026-03-05 00:14:38,0
a8d791b6-b52c-4358-94a8-b45a75d1d776,127,10659.68,Kolkata,Groceries,2026-03-05 01:25:23,0
8bb973d9-8778-490f-8448-6e5ef506bb13,400,4804.8,Delhi,Electronics,2026-03-05 02:44:31,1
824acde6-0181-46be-9fa5-c457447876e9,470,4391.24,Pune,Electronics,2026-03-05 02:47:28,1
3614cf93-9d6c-47f9-8844-89558f41cb36,125,2300.8,Bangalore,Electronics,2026-03-05 03:34:35,0
0d4ef0a3-9d42-4b44-8f31-d0d11ad261a6,262,4081.5,Delhi,Clothing,2026-03-05 05:07:35,0
0929e5b0-b2ee-4937-b7fa-4b20d522a7c5,449,1695.71,Mumbai,Clothing,2026-03-05 05:11:50,0
70d294b7-6b34-4535-b93c-3567b432b669,224,3798.1,Chennai,Clothing,2026-03-05 05:46:39,0
50860861-061c-4a48-9fa5-c8d54cad3598,440,533.36,Jaipur,Food,2026-03-05 05:53:19,0
cd40e071-0538-4c79-8d79-07e71cd0b2c8,153,4656.78,Chennai,Clothing,2026-03-05 06:47:06,0
e8fabfb4-40ef-4762-a12b-770912dee971,52,1069.21,Hyderabad,Travel,2026-03-05 08:12:02,0
0c4e8447-95cb-47fc-94fa-b32c0b7af0b1,106,5177.97,Hyderabad,Food,2026-03-05 08:16:53,0
46216fd8-b828-4fe8-a4b2-3834c3b77188,469,8804.39,Hyderabad,Groceries,2026-03-05 08:18:54,0
cd4c01b3-33e4-4ea9-baaa-f675b807eb46,20,5641.85,Hyderabad,Food,2026-03-05 08:36:57,0
9d489a43-f4d2-4a14-8a59-07026c84d643,31,27390.01,Pune,Groceries,2026-03-05 08:42:06,1
8cf2d92e-36f4-4a3d-b642-c344a2466555,272,11943.43,Hyderabad,Groceries,2026-03-05 08:42:08,0
d2eb985f-38cf-48b6-98eb-b9ac255a4a55,177,6755.02,Pune,Food,2026-03-05 08:43:14,0
4c7a13dc-edb7-47a6-a6dc-f5de65ff3b15,66,5655.66,Hyderabad,Clothing,2026-03-05 09:26:56,0
14dbc43c-aae0-4b19-a4ef-41b1ef227dd2,86,3729.14,Bangalore,Food,2026-03-05 09:57:49,0
42089fc8-75f3-41cb-859d-e4aab5ed7ce8,45,3833.25,Bangalore,Clothing,2026-03-05 10:04:17,0
3b089388-e9d8-44b6-872e-4e7aa4d7809a,490,5371.01,Delhi,Food,2026-03-05 10:29:38,0
cb1f4c06-d7b0-49cc-acef-15844977d084,111,4658.61,Delhi,Food,2026-03-05 10:46:35,0
2f191d38-2a3a-45e2-9df7-cf3eb12741a6,53,30325.06,Jaipur,Food,2026-03-05 11:39:26,0
1bd487bb-c75e-463d-b18f-79802ec285a6,241,880.16,Chennai,Clothing,2026-03-05 12:06:59,0
0f21d27a-0139-4099-8094-8a5a4e3061dc,12,5278.97,Mumbai,Food,2026-03-05 12:16:35,0
2877f5d9-0f56-45f8-b048-faa112ae5c22,16,6592.37,Chennai,Clothing,2026-03-05 12:30:15,0
6fea84f5-79f3-4373-9bab-13ac9863bb20,476,11891.16,Kolkata,Food,2026-03-05 12:32:36,0
d4539094-0390-4f5a-b312-e6217992ce54,260,5691.73,Chennai,Groceries,2026-03-05 13:32:14,0
ae7ae52a-5179-45b7-883a-5ef5a4afade6,259,1931.59,Mumbai,Clothing,2026-03-05 13:33:36,0
41179726-1052-4f28-a415-003a98578afa,162,4129.45,Bangalore,Groceries,2026-03-05 13:34:19,0
9e78209e-6290-429a-a322-8db2bdcd79ee,203,10631.75,Mumbai,Clothing,2026-03-05 13:38:25,0
02c27ee1-ff57-48d4-82c7-6cf491fd62b9,394,3297.15,Kolkata,Food,2026-03-05 13:50:12,0
ddfd0060-ea67-4ea7-b2e5-f7b29ce99991,46,1555.91,Chennai,Clothing,2026-03-05 14:00:31,0
aa279626-1729-4279-9b69-f16238be7cd2,47,10885.64,Mumbai,Clothing,2026-03-05 14:06:13,0
e338cce9-537b-4a09-b51c-f3c0d9abcec0,291,10367.43,Bangalore,Clothing,2026-03-05 15:02:35,0
f66126ed-b0d7-49f4-8a34-e33ea03746f2,37,7620.25,Pune,Groceries,2026-03-05 15:51:30,0
28ea0192-da02-4444-b284-46fa6f6335bf,12,3711.91,Mumbai,Food,2026-03-05 16:17:14,0
135d0ddd-f27e-4e6c-8564-45308e6c3463,82,1401.51,Delhi,Groceries,2026-03-05 16:35:52,0
49047ab0-7f6b-4fe1-a748-010f91e15e4e,454,11848.75,Kolkata,Food,2026-03-05 16:40:42,0
0e08caa0-8119-467c-ac17-970baf1744a2,364,10258.77,Chennai,Clothing,2026-03-05 16:50:14,0
2d98f251-b5c1-4027-b563-559e9c78bade,376,2463.02,Mumbai,Groceries,2026-03-05 16:54:46,0
92ecee44-88d9-4f82-b535-30692ca06dbb,48,49988.87,Bangalore,Electronics,2026-03-05 17:42:08,1
e6b137b4-b335-449f-a9d5-2d4a0411c747,258,5557.1,Mumbai,Utilities,2026-03-05 17:56:12,0
9abaa4e6-62fa-4757-9f72-af763c35d7ba,145,2941.22,Pune,Clothing,2026-03-05 17:59:39,0
19b72aaa-85cc-4c2d-89c9-3243ef30681c,247,7842.65,Kolkata,Clothing,2026-03-05 18:46:23,0
aeca599c-ee88-4132-a523-0758d99a0673,56,3525.97,Kolkata,Food,2026-03-05 18:51:09,0
08f042ed-41e7-4487-b5a9-2ca84698e317,50,17488.06,Pune,Groceries,2026-03-05 18:53:14,0
895d603d-8172-413b-ac52-75582c77a125,215,8372.55,Pune,Clothing,2026-03-05 18:55:38,0
13e8b22b-446f-4620-8580-bccf444077d2,45,6819.12,Chennai,Clothing,2026-03-05 19:11:02,0
2f8e3cde-ceed-4234-96f5-87d8a192d203,20,25446.19,Hyderabad,Food,2026-03-05 19:21:40,0
bdf774c8-cf3e-44aa-994f-fd275dcd0d40,135,4595.79,Mumbai,Groceries,2026-03-05 20:18:20,0
37f25d36-8bdd-4ee3-b0fd-6672b80f16c5,393,1447.21,Hyderabad,Groceries,2026-03-05 20:34:52,0
987a3e9a-ff98-4fe4-81c0-2d977c4b7336,267,4456.68,Hyderabad,Groceries,2026-03-05 20:35:27,0
250e0480-b2db-4ac7-8049-18123c1719ad,313,5607.86,Chennai,Food,2026-03-05 21:20:09,0
eebe508e-d67e-4e34-97a2-4d7781afc5fe,308,8566.13,Bangalore,Clothing,2026-03-05 21:35:45,0
1184fb75-b9c1-4e0c-9505-412dbb5f0118,419,9103.52,Jaipur,Groceries,2026-03-05 22:34:13,0
c13ef28e-83d9-455e-af0a-4f922b3424d3,222,4871.18,Chennai,Groceries,2026-03-05 22:45:12,0
4b70d3dd-d28b-42f4-8a39-04f7c9d22116,24,6150.92,Kolkata,Groceries,2026-03-05 22:57:40,0
bbc64890-ffe3-4e68-a0e9-b4e0b7a7ab99,43,29979.65,Chennai,Travel,2026-03-06 00:13:58,1
be4834fc-0ca9-4fd2-9d82-71538f412ef9,434,46177.01,Kolkata,Travel,2026-03-06 00:41:49,1
5e92930d-1ba7-4611-97c4-02b1140a15e9,266,7790.13,Kolkata,Groceries,2026-03-06 01:02:23,0
3effe0de-16d9-439c-9308-38c144abd1aa,122,2114.05,Bangalore,Food,2026-03-06 01:20:07,0
6a85c0f7-5912-4109-a2ec-5d804da8af06,340,48818.93,Chennai,Utilities,2026-03-06 03:34:31,1
6dcfcb58-c2ca-45ed-9526-3fef7c65dbfb,177,28688.75,Pune,Food,2026-03-06 05:27:38,0
7f5f61aa-aee7-47a5-8629-6fbe309b48dd,327,2307.86,Chennai,Food,2026-03-06 05:49:39,0
cc2ac789-632b-44c5-b416-e62633ed4fa6,273,18839.55,Mumbai,Travel,2026-03-06 06:21:14,1
3f4b9506-6901-40da-bb4a-165b2e588458,407,5501.69,Chennai,Groceries,2026-03-06 06:59:36,0
d6ae03b4-e672-4a7f-b589-6aab597d887e,381,1021.3,Hyderabad,Clothing,2026-03-06 08:02:23,0
70d89e7f-8b93-43cb-a1e0-c11650605589,361,859.77,Pune,Food,2026-03-06 08:43:24,0
f273f4a4-c7a5-4755-ba97-a5df881e04ef,70,5840.49,Hyderabad,Food,2026-03-06 08:50:24,0
f04259d3-b854-4c7c-a6a3-74d9646ca6f3,84,5652.93,Delhi,Food,2026-03-06 08:51:13,0
4d2a0724-da92-491e-80d0-c50853a693f9,169,1546.36,Jaipur,Food,2026-03-06 09:04:57,0
9aa7191d-17a3-42e7-b024-a0182198171d,92,4475.91,Jaipur,Food,2026-03-06 09:33:40,0
fa7e921f-c34e-4629-8bec-682ad0035e3f,320,421.0,Delhi,Clothing,2026-03-06 10:14:30,0
e115d52b-91b8-4f07-a909-965454323b1c,104,5561.58,Bangalore,Clothing,2026-03-06 10:28:04,0
19adeec2-ac14-45af-b4bc-fbd056cc310a,311,5850.97,Bangalore,Groceries,2026-03-06 10:36:43,0
638cee09-2794-49a4-9b1e-eafc122977f9,177,1709.37,Delhi,Food,2026-03-06 10:44:51,0
ddf1b035-196c-4dc8-a503-d716b953544e,496,3558.25,Mumbai,Clothing,2026-03-06 10:51:34,0
a027a9a4-ebf7-450d-bfa5-d42d0d3702ba,104,11910.62,Bangalore,Food,2026-03-06 11:16:27,0
cb685168-5fee-4bc9-bdf4-6bd2bf6c9c59,325,3367.67,Kolkata,Travel,2026-03-06 11:58:19,0
44f3a555-a696-4d80-b087-cdfef568efe5,236,10613.83,Mumbai,Clothing,2026-03-06 13:00:06,0
56d44952-ee29-480e-be2a-c03a80f58b81,130,3699.84,Bangalore,Food,2026-03-06 13:08:57,0
9e47a339-c0ae-4b1a-b347-673637ec07a6,403,6562.65,Kolkata,Clothing,2026-03-06 13:14:56,0
477f2c7f-8192-4047-ad13-23db936829b7,427,3052.44,Delhi,Clothing,2026-03-06 13:39:43,0
37d1f352-5f44-4ba8-8027-f7988a581d55,322,11049.0,Pune,Food,2026-03-06 13:42:30,0
952b3d41-ddf6-4267-80dc-13d01b90eccb,92,8046.88,Jaipur,Food,2026-03-06 14:11:20,0
fdb1080f-37d4-45bb-92e5-4b9efef9b10b,231,11071.0,Delhi,Clothing,2026-03-06 14:42:51,0
af2f934e-87a9-413d-ba55-ce4f246e5e0e,170,11071.81,Jaipur,Electronics,2026-03-06 15:11:17,0
ea201dc3-8bdf-417e-a33e-dffc9e44d271,425,31553.92,Pune,Food,2026-03-06 15:16:21,0
db8d00d0-728d-460e-8552-4faa842f62a1,350,10032.19,Mumbai,Groceries,2026-03-06 15:45:07,0
e07eaf26-ea29-4a22-9914-857db62fb6ee,466,6769.77,Jaipur,Groceries,2026-03-06 16:11:25,0
868c1005-5a9b-4519-be9d-d48cbbc0e8ed,43,9858.32,Chennai,Clothing,2026-03-06 16:12:09,0
0ecc8af9-7bab-4e9e-a620-60b98bc90792,383,864.15,Bangalore,Food,2026-03-06 16:33:09,0
34bbcaa0-9944-40b6-b72a-98c2ca5a8ae8,109,11504.8,Hyderabad,Food,2026-03-06 16:50:16,0
816475ee-635d-406c-a061-8f836804140d,287,6980.9,Bangalore,Clothing,2026-03-06 17:09:50,0
447a4e2c-8e99-4457-a0b1-d762c524f047,424,16273.31,Mumbai,Groceries,2026-03-06 17:14:07,0
50a6c2e9-af8e-47ff-b948-491b715e280a,42,1803.2,Kolkata,Groceries,2026-03-06 17:33:03,0
1dd73f1f-138e-48cc-aa81-04ad75e2c2fa,80,2342.16,Hyderabad,Food,2026-03-06 17:44:53,0
0afb0781-6c61-4b10-99c1-ef9db3783d65,66,781.82,Hyderabad,Food,2026-03-06 18:04:29,0
d9d5815d-a686-4a68-a12e-5c861a5b558b,242,166.41,Mumbai,Groceries,2026-03-06 18:17:42,0
d39d7da9-1830-42e8-9a45-f0e4a96f6a15,315,22694.28,Hyderabad,Utilities,2026-03-06 18:25:58,1
95d1b62d-de98-4ab2-9384-95503803753a,258,5077.35,Mumbai,Clothing,2026-03-06 18:36:11,0
256df639-edd9-436e-b132-8995fd8ac696,359,2345.16,Kolkata,Clothing,2026-03-06 18:40:09,0
b33422cb-9a3f-4ad1-a9a9-aff9235fc3d5,165,5082.11,Chennai,Groceries,2026-03-06 19:48:15,0
8585db00-6ff8-4ca1-a455-dd367a2b02d9,344,5988.65,Chennai,Clothing,2026-03-06 20:12:44,0
824457c8-c391-4885-bc30-30ab8c2bb2b0,118,1190.35,Chennai,Groceries,2026-03-06 20:43:52,0
b6c5e1f8-ca4f-4f19-9bdf-c40b6e78fc26,340,9406.43,Chennai,Clothing,2026-03-06 20:53:31,0
54fd09e5-b1cc-409f-9f66-d41e08ad32ec,436,24301.65,Jaipur,Clothing,2026-03-06 21:35:29,1
6f581316-3258-4047-9cba-bedaed343b0f,396,1858.89,Jaipur,Utilities,2026-03-06 21:47:47,0
49c113d0-b1a4-48df-a8e3-83a8316d7279,5,9018.19,Chennai,Groceries,2026-03-07 02:29:33,0
2a94727f-2eef-4e7c-b4fc-8953ffb1ef28,430,2610.94,Chennai,Food,2026-03-07 07:40:52,0
7aff5380-d3cf-4541-9915-5e770dad7a5f,66,5809.79,Hyderabad,Utilities,2026-03-07 08:05:34,0
2ab41975-bff2-4281-a19a-0e643c5cb061,62,8269.02,Chennai,Clothing,2026-03-07 08:34:55,0
319653ea-d014-46d4-b43b-4627aaee37ac,119,28617.05,Delhi,Electronics,2026-03-07 08:55:01,1
317e43a4-ab16-41fd-94ca-728c1336eb28,437,4749.01,Pune,Clothing,2026-03-07 09:03:07,0
bc2769fc-465c-477d-ba3f-bc7b0aadcf98,45,29973.15,Hyderabad,Clothing,2026-03-07 09:08:01,0
9a5d0920-90ef-42ce-a256-5ff0e352f76d,149,10959.13,Mumbai,Groceries,2026-03-07 09:27:02,0
ee0a79f1-3e0c-4383-b154-30a9fb5ddb14,479,3999.31,Pune,Clothing,2026-03-07 09:31:57,0
478205fd-c602-4414-b5be-f85bec0b6ca6,22,999.29,Delhi,Groceries,2026-03-07 10:11:07,0
a5694c50-9b74-4979-a865-9b50db468277,216,17058.63,Hyderabad,Food,2026-03-07 10:29:07,0
778fcc0d-a582-4b3d-9d79-23d85cc215aa,97,5295.43,Jaipur,Food,2026-03-07 10:37:22,0
008a7385-e393-4f65-acfc-95d73ae28de8,444,8569.12,Hyderabad,Food,2026-03-07 11:10:09,0
ff69723d-584f-485b-a697-384d801e8690,114,6740.12,Hyderabad,Clothing,2026-03-07 11:28:23,0
dc383057-a19f-404a-af71-a929fda5e1d1,365,17122.61,Hyderabad,Clothing,2026-03-07 12:09:22,0
11776f21-d48f-4ba3-8d87-bc72bce05a63,249,9239.19,Hyderabad,Food,2026-03-07 12:31:31,0
3f4e9743-1fe7-4006-9990-4924cc9e4387,258,4752.94,Mumbai,Clothing,2026-03-07 12:34:04,0
f1dc5270-4780-4d60-968c-77f1b8f7ef48,470,10757.63,Pune,Food,2026-03-07 13:43:41,0
40bc0a71-d1b2-439d-8292-1ab1c078883f,322,6472.6,Pune,Groceries,2026-03-07 14:04:32,0
e3d79a72-3a7a-4bb1-925c-4402b28c05dd,476,23952.62,Kolkata,Travel,2026-03-07 15:56:03,1
7c175917-d30a-435d-9cea-8b590caaf782,235,28937.78,Mumbai,Groceries,2026-03-07 16:26:51,0
530b8153-4458-4beb-84c7-c4b0216a37b4,476,2383.03,Delhi,Food,2026-03-07 16:56:36,0
109678c7-53a4-4d21-ae05-d3670433da84,302,10802.6,Delhi,Utilities,2026-03-07 17:10:50,0
e7e032b0-0176-4810-a761-cfcf524a6106,418,8351.07,Pune,Clothing,2026-03-07 17:37:12,0
b0377c52-b2ad-4fa6-af79-3d4a457e55cb,40,7573.56,Mumbai,Food,2026-03-07 17:48:10,0
b07f7157-eb5a-43dd-8771-a24f3cf1e41b,217,752.29,Jaipur,Food,2026-03-07 17:51:22,0
0b237056-cd1f-48a6-bf92-e22fbc828cc6,302,8814.09,Delhi,Groceries,2026-03-07 17:56:43,0
85cb135a-ae2f-4cbf-8451-f5dedb71ec89,445,5403.8,Jaipur,Clothing,2026-03-07 18:54:04,0
a35ae369-66a4-46d4-94c8-a69d44b1a1ee,331,6274.82,Pune,Groceries,2026-03-07 19:23:33,0
586528e6-afc5-420e-8a63-6af5b6e1e7ac,454,8447.78,Kolkata,Food,2026-03-07 19:47:59,0
952987bb-b9a2-4cd5-9feb-778f02260ca3,142,3722.6,Bangalore,Groceries,2026-03-07 19:54:49,0
0d02381a-b7b0-48e4-8256-7f376ad91975,213,9862.43,Hyderabad,Groceries,2026-03-07 20:00:19,0
6a0e99b2-1c94-45c6-89ed-4d64b984933d,288,3407.44,Mumbai,Food,2026-03-07 20:03:44,0
4c546b59-f42a-49b5-ad61-c2b7db318c10,219,5002.96,Mumbai,Food,2026-03-07 20:18:01,0
44bb84b2-4a1e-4e91-933e-db88f9c2f1f5,407,7009.55,Kolkata,Groceries,2026-03-07 20:24:34,0
74d2feb6-37a4-4651-8150-00639b64a4b5,244,11381.56,Kolkata,Clothing,2026-03-07 20:56:08,0
27dffdad-1d4a-4fa1-b814-294ce2769aa0,68,752.0,Kolkata,Food,2026-03-07 20:56:38,0
a074e732-8853-49f6-b6e5-b24b912c81cb,430,7585.93,Hyderabad,Food,2026-03-07 21:47:19,0
f4ac51f0-fcf0-46c5-991e-7e1a6e480e95,496,7181.94,Hyderabad,Clothing,2026-03-07 22:07:39,0
c353ac87-ceb7-438a-b67a-92b701862029,298,7488.59,Pune,Groceries,2026-03-07 22:18:03,0
92e916a1-aab7-44be-8257-ee34fc852065,195,20460.24,Jaipur,Utilities,2026-03-07 22:18:38,1
c2cbdfdd-eb01-4ebd-8dcc-570a56ac3833,413,831.08,Jaipur,Groceries,2026-03-07 22:25:46,1
e078b2d6-e92c-48ed-8fa0-51492bb2c51f,377,3640.74,Hyderabad,Food,2026-03-07 22:53:42,0
bdee5f35-7b51-446a-901d-a458e2b910f0,102,8502.56,Jaipur,Food,2026-03-08 00:00:38,0
1f16de17-0f94-4562-9d43-b0cf54d09314,448,746.72,Jaipur,Food,2026-03-08 01:21:38,0
fb60be1c-66d2-4752-9097-0843569b111f,488,4405.11,Kolkata,Food,2026-03-08 02:49:00,0
44b74a0b-eb08-4c43-80dd-7f644acc2c22,72,151.7,Bangalore,Clothing,2026-03-08 02:56:50,0
e51e32b2-9a2d-4598-99a4-b3cc08f15953,145,1103.59,Pune,Travel,2026-03-08 03:04:11,1
f8232f69-349b-40e5-9abd-b22effb26d5b,304,1947.48,Kolkata,Groceries,2026-03-08 04:14:43,0
ddc5c99b-f512-496a-b593-5cc20d756bea,418,27534.0,Pune,Entertainment,2026-03-08 05:13:48,1
5512a507-5f15-4e3f-8918-87a73620ab79,64,5917.11,Jaipur,Groceries,2026-03-08 05:36:06,0
aa705aca-c1f3-4539-b4e5-7dd342d3b1de,211,776.29,Bangalore,Utilities,2026-03-08 05:51:00,1
d3def87c-c60f-4252-8df7-42aee267e12b,126,11807.58,Hyderabad,Food,2026-03-08 06:33:48,0
c14e528c-9ab3-4526-927e-a55ad64c495b,455,8686.06,Bangalore,Clothing,2026-03-08 07:17:24,0
c6ee1f6a-02d6-4d31-9c28-bbd8d7d6eda6,45,6258.6,Bangalore,Clothing,2026-03-08 08:03:09,0
1056d60e-91da-4e74-904b-746f07d8db58,488,7834.73,Kolkata,Groceries,2026-03-08 08:15:20,0
3fc1428a-7c7a-4691-bb6d-eeca32f9bae0,358,10836.91,Pune,Electronics,2026-03-08 10:02:18,0
e00bd534-3158-41fb-ac7a-0d3107692583,249,9870.11,Hyderabad,Clothing,2026-03-08 10:04:19,0
a667171e-c25d-42c2-8bdb-3d33ef65665f,357,11317.49,Mumbai,Clothing,2026-03-08 10:17:16,0
8e75fe33-0a5f-4b19-96d7-ec56b5a586ca,155,7288.02,Chennai,Food,2026-03-08 10:37:54,0
80da2ed7-880b-4b0e-88ab-96ace0b4659a,104,6101.88,Bangalore,Clothing,2026-03-08 10:38:06,0
0f1536da-10df-4c94-bb41-a3ad0199673b,485,8297.28,Delhi,Travel,2026-03-08 11:05:08,0
fa3b829f-b996-4fd5-baf7-29439c6271ed,411,11073.49,Kolkata,Groceries,2026-03-08 11:16:55,0
61647c5c-1cfe-4792-aaf0-6f4834740344,376,32391.4,Hyderabad,Groceries,2026-03-08 11:18:40,0
ac2e1e81-eced-4476-b057-39a02f87455b,74,4085.87,Hyderabad,Groceries,2026-03-08 12:15:33,0
68751de0-0613-4a59-8fd2-d97174a26b1e,228,8537.2,Bangalore,Electronics,2026-03-08 12:18:51,0
75cc1603-46a1-45a6-a8e3-293ed9cde7e7,166,16577.78,Hyderabad,Electronics,2026-03-08 12:32:17,1
93d2f0f6-aaa1-487b-aa6c-32b47950d1be,471,9933.76,Pune,Groceries,2026-03-08 12:51:10,0
633bffff-aed0-4bcf-8630-5536b6779a11,334,4162.84,Chennai,Clothing,2026-03-08 13:18:23,0
ff60b241-fb28-46cd-8e1f-046480b4931f,138,4375.76,Jaipur,Utilities,2026-03-08 13:29:34,0
7fb866b2-0573-4d10-9d3e-be5bf3fac150,431,8928.71,Chennai,Food,2026-03-08 13:46:52,0
4972237b-8d70-4605-afe5-5ceca449f39f,456,9116.76,Delhi,Food,2026-03-08 14:08:32,0
a893b7e0-4bd3-43b4-b7bb-f1542119e1c1,161,8867.31,Mumbai,Clothing,2026-03-08 14:18:55,0
6e4ebe99-8740-4c48-9854-83efb9a893f3,88,8066.99,Pune,Clothing,2026-03-08 14:19:10,0
4e76833a-4baf-4f5e-a932-009453f28f11,189,1083.08,Chennai,Clothing,2026-03-08 14:38:52,0
5c226af0-f22c-42f2-b080-e5b995090466,60,11718.59,Mumbai,Groceries,2026-03-08 14:44:15,0
5ffb0456-3516-4066-894b-984ffaa26a9e,297,2470.55,Jaipur,Clothing,2026-03-08 15:55:02,0
bf957403-ce4b-42bb-a3d3-ce8ebcbb859a,62,7006.99,Bangalore,Clothing,2026-03-08 16:16:31,0
65556116-1ffb-4de6-8bc4-dfa9a684ffed,306,9714.17,Pune,Food,2026-03-08 16:38:58,0
62a0cc31-f12b-4d0b-aff1-e1d03a9e35f7,344,4770.54,Kolkata,Clothing,2026-03-08 16:42:38,0
284e4cd4-f9c3-4e05-8012-d399a7af5545,412,499.95,Chennai,Food,2026-03-08 16:44:14,0
7fafae19-85b5-4bd9-aecd-8364ff0a1fbd,328,11179.59,Hyderabad,Food,2026-03-08 17:13:26,0
e22f3884-1f90-41b1-95eb-44d98459f302,323,5435.47,Bangalore,Groceries,2026-03-08 17:29:22,0
f886a4fe-7a33-4a97-9940-0fb93fd0734f,238,10930.37,Pune,Groceries,2026-03-08 17:51:45,0
b985e382-9de6-489a-87ad-2a28d6751089,193,10985.58,Pune,Groceries,2026-03-08 18:12:59,0
96d57278-52dd-4c90-8f4a-d88deb0b8863,427,4542.42,Jaipur,Groceries,2026-03-08 18:34:54,0
72a53eb6-daa2-468c-83f2-674b5900514e,299,8380.39,Bangalore,Clothing,2026-03-08 18:37:27,0
c202054b-c687-452c-ad07-9f5a49dc9c23,495,9453.71,Bangalore,Food,2026-03-08 18:50:16,0
bc8ad1c7-f283-4e38-98e6-2f0bffa0c61e,452,2777.44,Hyderabad,Groceries,2026-03-08 20:06:52,1
253ce114-8d18-4c2a-9554-fadf76339d1d,396,3178.43,Jaipur,Food,2026-03-08 20:34:40,0
83a95bae-b242-45dc-a57c-8dacdfb0d43f,352,2497.45,Mumbai,Food,2026-03-08 20:46:08,0
0ff3a645-37cf-492e-9978-247d1e8d6bb9,140,1710.59,Hyderabad,Groceries,2026-03-08 21:10:20,1
e386f348-b2d7-4a42-a37e-fd17e8ebafa2,363,26238.57,Pune,Clothing,2026-03-08 21:21:20,0
f95c5d21-debe-4bc9-9ee3-6c5bf732e065,124,1494.55,Jaipur,Food,2026-03-08 21:21:30,0
5054e429-83ff-4eb5-b932-59bad09ec24e,161,2656.8,Mumbai,Clothing,2026-03-08 21:34:26,0
976ecaec-2240-4667-a91c-e25bd480abc3,388,9796.16,Pune,Clothing,2026-03-08 21:50:04,0
f629066a-af11-45b2-ba9c-853c368df03e,73,11423.91,Pune,Food,2026-03-08 22:07:50,0
93e88b7f-a2b7-4b16-81f1-3dd0abef3946,364,4573.94,Chennai,Clothing,2026-03-08 22:12:17,0
11c77537-5639-4555-8310-9f0de880d4cf,189,617.41,Chennai,Clothing,2026-03-08 22:33:54,0
9ec4d786-4327-4984-a0ad-133d4a8283d5,131,4280.1,Chennai,Clothing,2026-03-08 22:55:21,0
86a61c2f-9b10-422d-b6f9-f08eec1ea2d3,340,4636.59,Chennai,Clothing,2026-03-08 22:59:20,0
7a8e55a9-7a70-425b-b989-d78ea9fe494e,58,7068.32,Chennai,Clothing,2026-03-09 02:20:58,0
9c492c58-27d4-4c69-8189-03115329981d,264,1981.08,Mumbai,Clothing,2026-03-09 02:46:17,1
3d2dc751-9013-4394-8633-fb79b07df912,195,4605.24,Hyderabad,Food,2026-03-09 08:22:38,0
62e61e64-e141-4c61-b8c2-08890055b7d8,156,33376.07,Chennai,Food,2026-03-09 08:30:14,0
708a3515-bbe7-450c-a1b9-b7ee3c24b136,377,375.18,Chennai,Food,2026-03-09 09:21:50,0
a65f7b8a-dbb4-4021-bdde-64afa75b395a,318,4317.85,Delhi,Groceries,2026-03-09 09:23:25,0
d81ffc66-475b-4025-88de-63c068e625c5,147,4830.64,Jaipur,Food,2026-03-09 10:16:17,0
b6d24c00-188b-4525-9132-58b67d01b829,230,2138.46,Jaipur,Clothing,2026-03-09 10:16:42,0
3b17dde3-e2d3-4726-ade3-9002cd68c7a0,213,2609.59,Pune,Groceries,2026-03-09 10:19:10,0
81f15677-b108-4ffa-b7f0-67e3a8b4fd7d,36,6354.37,Bangalore,Electronics,2026-03-09 10:33:11,0
8380d397-2221-4e52-96e3-81035df70cc1,472,604.04,Pune,Food,2026-03-09 10:43:59,0
84a2092d-2777-4e38-b58d-4c9759df5bb2,204,8360.12,Chennai,Food,2026-03-09 10:58:02,0
1222f1be-0a30-4019-8423-9cd497672ed8,168,4712.5,Chennai,Clothing,2026-03-09 11:09:45,0
6b13a06f-2070-4e0a-9b5e-ce45705630ff,13,6713.81,Chennai,Groceries,2026-03-09 11:28:33,0
9ab77887-bbe8-494d-b9cd-91d31bdc1710,63,9147.72,Delhi,Food,2026-03-09 12:04:17,0
6f4b0e53-fb09-419a-9d5e-d0df930659ad,335,8494.13,Kolkata,Groceries,2026-03-09 12:43:09,0
1bee4909-cd68-411c-a4b0-190ddd40111a,434,9605.76,Mumbai,Groceries,2026-03-09 13:02:01,0
284c03d2-27d4-45b6-8d77-c5a0e222b6a6,383,5096.01,Chennai,Food,2026-03-09 13:19:46,0
c78e4415-2521-41f9-9f39-0d2b5f25210e,331,456.29,Pune,Groceries,2026-03-09 13:27:50,0
4a1a98b5-01b8-46e1-b22f-af39a96cd8e2,428,9824.54,Jaipur,Groceries,2026-03-09 13:36:50,0
08306dba-3217-4eb3-bbf8-72a34fc79691,297,15622.84,Delhi,Clothing,2026-03-09 13:49:56,0
9a58131a-8663-486e-ae70-e803232e444c,500,6029.62,Mumbai,Food,2026-03-09 14:01:01,0
55ab4e6d-41d6-445c-aca5-87a37e368b30,150,10659.14,Chennai,Clothing,2026-03-09 14:28:20,0
1ce99ec0-1c5e-4bd5-816a-d9ff7228bd1e,85,8966.84,Chennai,Groceries,2026-03-09 14:31:43,0
5378e6f6-37e5-4364-84f2-628647d61fef,17,299.24,Pune,Food,2026-03-09 15:03:40,0
716fe3f5-049c-4f46-8b68-8cf10d50798c,438,5365.08,Jaipur,Groceries,2026-03-09 15:16:31,0
d82010d1-f4c8-43a7-9a94-7a40a32e3ab5,75,241.17,Mumbai,Clothing,2026-03-09 15:24:43,0
5a699dab-9d1b-479d-8c2d-9252930dd644,379,8943.31,Kolkata,Groceries,2026-03-09 15:38:40,0
1fd73a28-2443-4ee2-a346-5a0c9c502e87,214,2770.7,Bangalore,Electronics,2026-03-09 15:41:50,1
cc8ba760-3e3a-4dfc-9424-aae43e78af27,63,7324.51,Delhi,Clothing,2026-03-09 16:28:20,0
a41d73c8-67bb-4e7e-82dd-966b5a33a6e7,245,4870.19,Hyderabad,Clothing,2026-03-09 16:30:07,0
24274800-7065-4d67-b3f9-ce1281781648,196,8143.66,Jaipur,Groceries,2026-03-09 16:40:19,0
bc3c7b65-ba6e-4bfe-81e0-8486a39069f4,403,10745.46,Kolkata,Clothing,2026-03-09 16:56:03,0
ddeb79c1-8b5d-4aaf-8b36-3edd875fbe9c,396,6927.0,Jaipur,Groceries,2026-03-09 17:00:10,0
f6a6164b-678e-4787-a14c-8086d0d99a25,315,7290.8,Mumbai,Groceries,2026-03-09 17:06:45,0
8664e5a3-7b66-4fa2-b7c4-30cac5d9a515,426,3846.36,Bangalore,Groceries,2026-03-09 17:16:21,0
112e1621-a266-430e-9570-cefc93271b56,25,11876.75,Chennai,Groceries,2026-03-09 17:27:02,0
3b93a53f-9c02-440d-a237-c8772e0e6673,133,7516.61,Mumbai,Clothing,2026-03-09 17:36:31,0
61cf91fb-7e81-4dfa-bf16-e3e949b7e037,368,11047.87,Bangalore,Food,2026-03-09 18:31:07,0
68061636-6d7c-420b-8566-cd2d4b82a998,145,10468.76,Pune,Clothing,2026-03-09 18:48:53,0
2f19e912-4af7-4f8c-a496-5ca56d8f75e7,471,1221.55,Pune,Groceries,2026-03-09 18:55:01,0
1db1c0b0-1eee-43d7-93ac-f2e0ba4bf222,34,11525.59,Kolkata,Travel,2026-03-09 18:56:33,0
eff43169-dadd-41de-8809-70bbb446ba8e,446,9773.17,Chennai,Food,2026-03-09 19:37:27,0
f0553964-afb2-4df9-bddd-f3dcba1306b5,495,3364.42,Bangalore,Food,2026-03-09 19:54:00,0
2dea2d2d-086c-405f-a879-d8f890422eb7,49,2834.22,Mumbai,Clothing,2026-03-09 19:56:36,0
3337521c-ad50-42a4-84b7-bb513df0b5f6,179,4218.6,Pune,Clothing,2026-03-09 20:13:15,0
2708063d-c3ba-4478-b245-09a5200963b8,235,359.19,Mumbai,Groceries,2026-03-09 20:51:22,0
75373d14-e24c-424b-a453-c4c23037f0b7,257,5694.95,Jaipur,Electronics,2026-03-09 21:34:57,0
ff53d16a-a48c-4a92-a786-ef02b3c3fbf7,397,10667.03,Jaipur,Food,2026-03-09 21:37:38,0
759f52c9-9232-4a95-bae0-1ea2ce4771b8,448,10252.78,Jaipur,Food,2026-03-09 21:50:54,0
e47aa215-277c-4792-95f5-0f193ebb7dfe,452,11842.5,Hyderabad,Food,2026-03-09 22:22:20,0
90290dbe-5702-406f-925b-15085c9fd48d,48,9598.93,Mumbai,Groceries,2026-03-09 22:32:09,0
ec27e52d-a223-421e-a257-50d7ccb60e9e,16,3324.78,Chennai,Clothing,2026-03-09 22:45:05,0
42ecbb8d-6700-4eee-9cba-09e80b730bca,8,18845.98,Mumbai,Food,2026-03-09 22:48:34,0
1f097e90-c0d0-493d-b19a-bca9281862b3,14,6574.92,Jaipur,Food,2026-03-09 23:03:30,0
747a2ecd-df48-46fa-ba45-e0ff9d5130ae,218,10456.74,Hyderabad,Food,2026-03-10 00:21:59,0
6b2e4031-ccce-4de7-b7d2-d49a89a829aa,414,24732.97,Kolkata,Utilities,2026-03-10 02:58:31,1
11e99ec4-9258-4fd6-b03f-a2a5952ca2d1,190,15586.53,Chennai,Clothing,2026-03-10 04:07:49,0
c8729915-cf28-49d8-8485-126b9bd441a6,106,10325.01,Hyderabad,Clothing,2026-03-10 05:28:38,0
bab7d9f9-3c7b-44b8-873c-8ad3640e0c3a,49,3553.74,Chennai,Food,2026-03-10 06:18:31,0
a64e2384-a117-4864-82f5-9390ed696cb3,332,5318.4,Bangalore,Clothing,2026-03-10 08:18:51,0
0f7e2949-6c0b-46b5-b188-1c4a50f624ba,152,4276.98,Mumbai,Groceries,2026-03-10 08:18:57,0
1197aeb0-2ee4-4d62-af42-19dd38c682d8,416,10830.19,Pune,Food,2026-03-10 09:02:16,0
ebcf8f94-bc1a-494b-a071-fdc2b9fdb77d,207,10657.82,Delhi,Clothing,2026-03-10 10:34:16,0
eeb39169-a9a6-4fe6-bece-9b94f2c1e33d,355,30187.19,Hyderabad,Food,2026-03-10 10:42:54,0
472d91ee-c6be-4c7d-8991-427a486a44de,477,4264.08,Hyderabad,Food,2026-03-10 11:20:31,0
35d6d4be-e540-467a-9740-73b0fc45400a,494,1329.05,Pune,Groceries,2026-03-10 11:51:43,0
97d90588-6333-457a-90bc-850efa19e10d,204,2565.79,Chennai,Food,2026-03-10 12:30:01,0
3d4a49ae-e83f-4a2a-92fc-6f48e7e337c4,176,7613.25,Bangalore,Groceries,2026-03-10 12:59:17,0
36a5ddd5-aa14-493b-a007-f4d8eed318fc,448,341.39,Jaipur,Food,2026-03-10 13:34:28,0
5585b3b3-61be-43b6-9759-ac2ca92cb3ec,243,1154.28,Mumbai,Clothing,2026-03-10 13:59:26,0
e2888ddb-892e-4973-8d65-be9a9b4d6f3e,164,10114.96,Mumbai,Clothing,2026-03-10 14:34:56,0
50833557-fc3b-4f4d-be42-db8f4e5aef22,448,9666.47,Jaipur,Groceries,2026-03-10 14:37:33,0
c969cfac-d766-42bd-a416-e20b8713a3d5,286,922.89,Chennai,Food,2026-03-10 14:40:50,0
c9ce44bd-7c3f-4add-9a38-5db590eeb067,33,11620.73,Kolkata,Food,2026-03-10 15:17:20,0
098b5863-bb4d-499f-8120-7a2d9cbf4d7d,265,11432.04,Kolkata,Clothing,2026-03-10 15:23:06,0
73137fa5-dc1b-4eb1-8506-536c78b3842a,321,3680.92,Delhi,Food,2026-03-10 15:27:01,0
a245f5c0-bb31-407f-b766-3db2a5edab34,356,2158.09,Bangalore,Food,2026-03-10 15:32:21,0
6db266dc-c0e6-431e-8504-4404fb7a3a14,260,3804.3,Chennai,Clothing,2026-03-10 15:34:03,0
ac764828-b20c-42aa-9b42-200d4637d5fe,248,10043.77,Chennai,Groceries,2026-03-10 15:47:24,0
f7009428-53a0-430b-8289-a49ce036f00d,275,4631.77,Delhi,Food,2026-03-10 16:01:16,0
1bffa279-15c1-404f-aa16-3354a35fc9c1,206,11052.67,Hyderabad,Groceries,2026-03-10 16:02:50,0
991f8cd8-4447-41be-a37f-54da4aa5cdd3,485,23685.83,Mumbai,Travel,2026-03-10 16:19:48,1
8cff1e20-1623-42f0-9b9d-187153844cc3,198,10184.79,Mumbai,Groceries,2026-03-10 16:23:05,0
1155581f-6fa5-403f-a92d-69611e0fd29b,104,621.35,Pune,Clothing,2026-03-10 16:45:16,0
e0864418-7f3e-459b-9638-613769f35b2d,321,6894.68,Delhi,Food,2026-03-10 17:07:55,0
7f0c4c31-cd7b-41f1-ae60-8e1f7f6460ae,220,3556.88,Jaipur,Food,2026-03-10 18:21:15,0
20c6270a-babf-4d99-ad9d-4bd8aeb2f98c,478,11138.1,Delhi,Clothing,2026-03-10 18:33:42,0
c79591e5-749d-4cd7-89e8-3067bd8226a6,270,7095.03,Hyderabad,Groceries,2026-03-10 18:45:57,0
6f1912bf-fe77-457f-8d88-15dede16448f,464,5354.07,Pune,Groceries,2026-03-10 19:38:17,0
4f9dd529-5efe-40f7-a0cf-449ed0af7986,215,23103.04,Pune,Groceries,2026-03-10 20:01:22,0
e2ee1603-9b30-4c38-96a5-228fba153066,480,5236.21,Hyderabad,Groceries,2026-03-10 21:07:31,0
06beac5a-d49d-4c77-ac5f-7e72426913a6,9,2027.49,Pune,Food,2026-03-10 21:27:46,0
ea875180-d27d-43a3-8660-bad31c600d02,335,3991.55,Chennai,Clothing,2026-03-10 22:02:44,0
b6b84329-89fa-45cc-95b0-4f8ad64f10b5,408,9773.13,Chennai,Food,2026-03-10 22:52:34,0
600fc79c-fbce-4087-96d2-b14d07faf6f7,285,26547.95,Jaipur,Clothing,2026-03-10 22:56:50,0
2f0c7e2d-3944-4fc4-9092-6491582f78cc,1,5868.11,Mumbai,Groceries,2026-03-11 02:32:10,0
0e592949-1e92-40ae-9886-8de4d5853f0b,385,554.5,Pune,Groceries,2026-03-11 02:45:47,0
80b743d9-bbe6-40b9-9268-a1487ced706b,104,4419.04,Bangalore,Electronics,2026-03-11 04:00:53,1
1deb97c0-a448-4d54-b6bb-c95281cb8f6d,104,22885.25,Pune,Travel,2026-03-11 04:04:48,1
a395a2d5-5fd1-4325-8c6e-bd3563edc8ab,104,26449.27,Bangalore,Travel,2026-03-11 04:04:49,1
167f0607-fcc4-4681-ab1b-a9895842e17a,120,6634.32,Delhi,Food,2026-03-11 05:08:32,0
e0516aaa-2b1f-4ecd-95c1-27e66d0879b4,64,5506.97,Delhi,Food,2026-03-11 05:56:17,0
13eae6ba-e0f9-4eb1-a151-76d11851408c,173,5964.77,Hyderabad,Groceries,2026-03-11 07:47:29,0
8b31deb9-3b37-4fd9-8dcf-9e05bd8cc80e,307,9294.04,Delhi,Clothing,2026-03-11 08:12:28,0
8231b35c-0e49-4353-9fa3-8a92a228f934,318,872.95,Delhi,Utilities,2026-03-11 08:20:19,0
00481819-d848-484c-87ab-089fc47662b7,271,20120.41,Pune,Utilities,2026-03-11 09:37:36,1
83352292-6585-484b-8319-1a979d6189fd,384,8151.85,Pune,Groceries,2026-03-11 10:32:23,0
acfb605e-7e98-4064-a3b1-9fd8c06cbd3f,283,8848.82,Chennai,Clothing,2026-03-11 10:37:25,0
eb3e0e8a-921b-4da2-90f3-237c57b7e381,193,1723.19,Hyderabad,Travel,2026-03-11 11:13:52,0
d9a2574a-52e1-4881-b84c-bfbf81d08054,49,11870.47,Chennai,Food,2026-03-11 11:14:07,0
47845969-1064-41b1-a7fc-b51d80a094f3,343,8521.55,Pune,Food,2026-03-11 11:34:46,0
3c477d0c-857e-4116-a9a8-f00473146dae,307,4637.93,Delhi,Clothing,2026-03-11 12:08:57,0
0117ee35-4713-4514-bc50-4abb11bbc208,302,11294.43,Delhi,Groceries,2026-03-11 12:21:32,0
82d9a774-ea7f-4c7d-83a6-b204fc014a22,4,10191.33,Kolkata,Food,2026-03-11 13:31:57,0
86726306-7b21-4449-9563-bf66dff027bb,466,7435.68,Mumbai,Groceries,2026-03-11 13:36:54,0
8a4a07e1-234d-45cf-aa3d-bc3767e88ce0,154,6611.23,Bangalore,Travel,2026-03-11 13:51:14,0
943546c9-8cf3-4f0c-9e0b-ea8f729f8013,387,11907.57,Hyderabad,Food,2026-03-11 14:44:14,0
4e4d3aca-b012-4d2b-a478-2efb911e7d68,312,24565.16,Kolkata,Food,2026-03-11 15:13:48,0
656e5170-bd1a-4704-8801-36fc095f6d43,13,3589.55,Chennai,Groceries,2026-03-11 15:20:19,0
b7019da2-aa44-4966-829e-67838baf1516,440,9811.17,Jaipur,Food,2026-03-11 15:23:48,0
b9dde5c4-2e1b-40b9-bb77-cf5557112a65,498,4306.53,Delhi,Clothing,2026-03-11 15:33:58,0
e6a4ab12-2857-466d-b45a-ac285749f77e,170,11155.46,Jaipur,Clothing,2026-03-11 15:38:55,0
76e5b791-4fe0-41b4-ae1e-c2fa237c5905,371,6968.47,Pune,Food,2026-03-11 15:56:59,0
a61b6d5d-06cc-4bba-8ef4-b59bd0c34115,450,11147.94,Hyderabad,Groceries,2026-03-11 16:33:41,0
87b38b77-2f88-4c66-9950-cef1c7696a46,445,4114.44,Pune,Groceries,2026-03-11 16:48:07,0
0c5bef44-3547-4403-a8d7-ecd01febf83d,404,2637.88,Mumbai,Clothing,2026-03-11 16:51:30,0
f4f839d9-8581-416a-b4bc-ee91513d25a1,16,11697.76,Chennai,Clothing,2026-03-11 17:10:48,0
52244439-a18a-4098-8cce-324555d45a80,218,931.33,Hyderabad,Electronics,2026-03-11 17:28:26,0
0523d4fd-4b7f-4183-888d-bd82d883e3f8,180,9962.8,Pune,Clothing,2026-03-11 17:41:48,0
a175a9c3-d7b1-42a9-a332-a50e6992896e,369,11011.1,Chennai,Groceries,2026-03-11 18:03:33,0
ba2f7c38-f07e-476a-808a-6e742d2c266e,131,7178.93,Chennai,Clothing,2026-03-11 18:10:42,0
6370fda9-f3ce-4aaf-b1a2-f6c173cab4e3,211,11851.12,Chennai,Clothing,2026-03-11 18:22:13,0
d91b8378-1d6f-4ffb-a06b-ae1f3e372c8d,294,9973.99,Delhi,Utilities,2026-03-11 18:38:28,0
58b8ebfb-4dbb-48c3-ae62-735c8320fadc,473,11364.45,Pune,Clothing,2026-03-11 19:16:21,0
34273c22-ddf0-4ae0-b4e6-ca9d99ae1f6e,274,22834.84,Mumbai,Food,2026-03-11 19:21:05,0
5e351973-b733-4c9e-977b-08a8f5ffb939,42,9602.69,Kolkata,Groceries,2026-03-11 19:34:34,0
8eb64f1d-03fb-4a22-a1e7-0b5864546b25,215,33741.18,Mumbai,Clothing,2026-03-11 19:38:56,0
cac4d0eb-3373-430e-bc31-a5971f119c0f,282,3669.48,Kolkata,Food,2026-03-11 19:59:44,0
d5f6b874-1dd5-4f29-b26d-94e0d96b1a7b,22,6952.75,Pune,Groceries,2026-03-11 20:03:33,0
bc4c8151-4166-4491-9b59-534d51191c04,130,11168.09,Bangalore,Food,2026-03-11 20:07:31,0
f394c60d-c2db-4aab-bd41-1a05833cd4f2,71,201.55,Chennai,Clothing,2026-03-11 21:22:50,0
fc4a013f-c8c2-4cfe-aadf-eef6fb2389d3,164,11501.28,Mumbai,Clothing,2026-03-11 21:52:44,0
63b3dfd0-0ef9-4bcc-8988-266f8e67d7d8,223,6044.09,Hyderabad,Food,2026-03-11 22:00:06,0
0149a2af-0ab1-4504-9f8c-56e0243113fd,409,7645.14,Chennai,Clothing,2026-03-11 22:58:50,0
37d5b426-af68-449f-b6d9-94d404ef166d,123,15341.26,Mumbai,Electronics,2026-03-11 23:49:27,1
0634e0e6-4d2c-4796-8878-917a282d94a3,111,11286.16,Delhi,Groceries,2026-03-12 00:48:33,0
6dd69c92-b974-45a1-95a8-480d47d4187c,477,6843.35,Hyderabad,Entertainment,2026-03-12 00:54:59,1
0e709f9d-e9b9-4444-9575-8cf195a06def,113,6616.9,Pune,Clothing,2026-03-12 01:14:20,0
ef9e096c-b084-463c-be4e-b66d5042f46c,46,7393.0,Kolkata,Clothing,2026-03-12 01:41:24,0
5509bbe9-001e-4962-8003-54b23f578008,7,26592.29,Mumbai,Food,2026-03-12 01:55:33,0
c6a63c6b-462a-429d-8938-d3fe67aaaf94,441,20764.15,Chennai,Groceries,2026-03-12 02:05:04,0
94183382-4da5-4e0e-8202-b24a0f53e008,380,23401.01,Pune,Clothing,2026-03-12 02:35:36,1
499b8946-fb1a-41f7-b674-3777e2fcbbdb,297,8007.92,Delhi,Groceries,2026-03-12 05:56:42,0
68136889-0d89-4b1f-96c5-658474429e4a,249,5527.68,Hyderabad,Food,2026-03-12 06:40:33,0
bd0c7952-ebd6-4ca6-b711-7b4d5101eeba,463,2364.59,Pune,Food,2026-03-12 07:05:44,0
d5c4b30a-b917-4922-98c6-a4ffe3ebebd7,438,11999.7,Pune,Groceries,2026-03-12 08:03:01,0
97600586-cd50-4eee-8f73-ab6f6e9f3766,18,1436.44,Kolkata,Clothing,2026-03-12 08:21:24,0
4199322e-3ba5-4126-bff6-9f4195082801,142,6890.95,Chennai,Clothing,2026-03-12 09:02:29,0
24eeb4a6-c145-45c7-9d98-6115f05eeefe,231,11870.18,Delhi,Clothing,2026-03-12 09:08:06,0
b0901da2-2ec4-4bfe-bd4b-a9cdcc19e0ac,139,10174.61,Delhi,Food,2026-03-12 09:51:03,0
3310401b-9610-43cd-859d-f649cdf9d1d6,395,4161.43,Jaipur,Clothing,2026-03-12 10:06:46,0
e51bb6fc-4fce-4d18-9b5c-fc433c139d84,284,5502.29,Hyderabad,Food,2026-03-12 10:30:15,0
6c5e5242-e627-4af7-b9cd-96c1eddb5be5,163,6566.73,Kolkata,Food,2026-03-12 11:58:11,0
fd523fad-3fbe-4e33-bae2-d4a8a4752fa7,138,2764.76,Jaipur,Groceries,2026-03-12 12:02:40,0
3c1517fc-99bf-48ed-8b73-a040b7e3c615,22,823.67,Delhi,Groceries,2026-03-12 12:16:01,0
446965a5-a296-4d86-87d5-4b27e092d6c3,225,8102.59,Bangalore,Groceries,2026-03-12 13:00:46,0
310dc9d1-7c41-4a2a-9b67-f7bb33bb7382,393,3469.24,Pune,Groceries,2026-03-12 13:07:06,0
fcacc795-01d2-4fa4-a8a9-98a278c31b00,96,15921.25,Delhi,Clothing,2026-03-12 13:23:14,0
b37bdb99-31f1-4f8b-ac4d-e885b245b7d9,12,5127.01,Mumbai,Food,2026-03-12 13:48:25,0
21472a15-fcce-46f6-a50a-4578fbe94499,36,2669.82,Bangalore,Clothing,2026-03-12 13:49:09,0
ddd8ceb6-a4d3-42e3-88eb-6222a47f7b5b,198,11017.13,Mumbai,Groceries,2026-03-12 14:08:38,0
9569f8cb-1a57-4cee-a490-3d65f63d3295,363,5657.82,Bangalore,Travel,2026-03-12 14:32:25,0
13cf9b2c-087d-4e15-8a01-d77e87848ab0,327,1842.36,Bangalore,Groceries,2026-03-12 14:41:06,0
e945758c-4eb1-4194-ad9f-13254eb1ed2a,108,3723.97,Mumbai,Travel,2026-03-12 14:57:04,0
07e86429-e4fa-4417-9097-92a44b00dcfc,200,2397.08,Pune,Groceries,2026-03-12 15:23:46,0
2ea17568-e125-49e5-81b0-558661863d77,103,3590.06,Hyderabad,Clothing,2026-03-12 15:35:46,0
ea96dda4-5f46-46a1-aff2-4e9a9c64edbe,488,3915.33,Kolkata,Food,2026-03-12 15:55:25,0
331cfecb-a144-4998-9502-30535c5b405b,83,4906.37,Hyderabad,Food,2026-03-12 16:03:42,0
69d445f3-54dd-428c-9fb6-98a5e9209b3a,393,685.66,Pune,Groceries,2026-03-12 16:12:10,0
afbfd897-7789-44aa-8337-8582b706b5c0,340,16262.11,Pune,Electronics,2026-03-12 17:25:48,1
15502390-74c0-4b3e-a66a-4a8229cf4c70,309,4372.88,Hyderabad,Clothing,2026-03-12 17:27:04,0
474f8ae0-22c8-418b-b663-7a23fca252b1,201,34443.79,Kolkata,Groceries,2026-03-12 17:27:10,0
9ac13981-9e2d-4f10-a177-4e24c34ac9c4,31,1051.39,Jaipur,Groceries,2026-03-12 17:35:18,0
863d3f89-028a-48b1-a421-67a18351ae2f,34,7651.5,Mumbai,Clothing,2026-03-12 17:51:46,0
233731e0-93c0-4687-a9e7-e176a79617c4,439,1657.72,Delhi,Groceries,2026-03-12 17:55:51,0
843aa816-d25f-425e-88c7-d9b899f4eb9f,373,57780.34,Kolkata,Food,2026-03-12 17:56:02,1
15d65d17-7a22-4b5e-94ba-c44fb35896b4,270,3724.27,Hyderabad,Clothing,2026-03-12 18:45:46,0
b575dd69-0b61-49c4-844a-a5c98e56dda6,282,7103.64,Delhi,Food,2026-03-12 19:29:44,0
77125222-0344-4031-b1e8-a350172ad6ea,109,2031.44,Hyderabad,Electronics,2026-03-12 19:32:38,0
05488f63-6978-4b66-81e5-9c433762efbd,11,8113.56,Bangalore,Food,2026-03-12 19:36:11,0
66f9d912-f468-49b6-9cae-532706f80c33,490,29716.42,Jaipur,Clothing,2026-03-12 19:43:56,0
a73d641e-0c39-4bd1-85c4-ef09ae9ff67a,478,5148.72,Pune,Clothing,2026-03-12 20:00:48,0
536b0351-00cd-4ce8-97ed-ceb817391cff,366,8409.6,Bangalore,Clothing,2026-03-12 20:15:14,0
a605a224-e96b-49f7-9df5-c6d48246b144,82,6683.4,Delhi,Clothing,2026-03-12 20:37:53,0
92f69d0d-be66-4b98-86c8-d8b07153dbad,396,4585.44,Jaipur,Food,2026-03-12 20:40:18,0
8148605d-d75c-4c2d-94c4-a4abfd99ddd8,444,17882.73,Hyderabad,Utilities,2026-03-12 21:28:38,1
23d4526b-2b54-4f7a-9a28-37b2cb8383f2,256,8249.67,Bangalore,Clothing,2026-03-12 21:31:46,0
32389612-be38-42e3-b4ec-2cea2de06f51,329,127.37,Delhi,Food,2026-03-12 21:37:42,0
eb151b3a-21c1-45b5-8032-686372e871b3,94,6881.53,Bangalore,Clothing,2026-03-12 21:59:45,0
3df76a69-bc45-444a-bc1f-dff0331d58bb,39,5771.01,Pune,Clothing,2026-03-12 22:36:17,0
6755978d-e534-4283-99b6-27b54c2bfa96,160,10964.38,Kolkata,Clothing,2026-03-12 22:59:36,0
03d2be8a-ac12-4657-9960-e01809fa5766,11,8658.61,Bangalore,Food,2026-03-12 23:27:43,0
393a4207-719c-4375-a599-252d33080457,482,893.63,Chennai,Groceries,2026-03-12 23:39:27,0
c25b607d-ddfd-4975-9753-78647fb14b4b,326,2555.31,Hyderabad,Clothing,2026-03-13 00:14:55,0
3dab1614-5215-4ed8-bddc-a413c05db774,430,7393.68,Chennai,Food,2026-03-13 02:32:54,0
6ba58bb6-06d8-47c7-b921-00a7ad8dbb7a,428,9371.05,Jaipur,Food,2026-03-13 02:57:32,0
cd615375-d810-45c2-add7-50d5583ff296,418,5661.51,Pune,Clothing,2026-03-13 03:08:31,0
052765ed-a196-4992-af1a-e95e38a47343,411,4275.29,Bangalore,Clothing,2026-03-13 03:52:11,0
8e3a3300-6576-4940-8c2c-9e0837e558a0,136,32596.59,Delhi,Clothing,2026-03-13 07:13:43,0
65ed1a5a-5af9-4580-b55b-08c471f8a1ce,449,1951.75,Mumbai,Clothing,2026-03-13 07:17:55,0
32289260-90f8-4688-a0f9-3f41bbe36494,203,10500.26,Mumbai,Electronics,2026-03-13 08:20:06,0
bb287a6d-1a07-457b-9f9d-1e74049cd160,229,5946.18,Bangalore,Groceries,2026-03-13 08:40:14,0
303da252-8c48-4219-8de5-fd7bdcec2307,297,6275.44,Jaipur,Clothing,2026-03-13 08:51:43,0
3d15ac48-f33c-4030-a772-611b4cc3a101,455,3958.95,Mumbai,Clothing,2026-03-13 09:01:46,0
b60a3dcc-a7f7-4451-82da-860946e1ee40,192,7347.7,Delhi,Food,2026-03-13 09:30:04,0
c54f87ad-7750-4fbb-9af9-ae1b5d9dacbd,224,8371.69,Chennai,Food,2026-03-13 09:35:57,0
88bce600-431b-400a-8315-5e4bb51b8a05,114,7622.23,Hyderabad,Clothing,2026-03-13 09:54:31,0
aa80bc83-148e-4d1e-9071-e6febbea1575,127,3357.06,Kolkata,Food,2026-03-13 10:24:22,0
af09dba1-cc78-4060-b46f-3431fe839021,174,18260.19,Chennai,Groceries,2026-03-13 10:42:07,0
6f46f1b1-2ace-4aa9-9032-46b3255bfc1c,462,11740.26,Mumbai,Food,2026-03-13 10:43:24,0
3089660f-dcae-4170-9295-9b3f22cfe7d0,106,29079.37,Hyderabad,Food,2026-03-13 11:19:28,0
c527bb11-869b-4e55-9034-db178e0856a6,215,11764.49,Bangalore,Clothing,2026-03-13 11:21:23,0
b3b6d344-f2e3-46f0-8075-d3d5ba94aa66,90,11153.26,Chennai,Groceries,2026-03-13 11:42:37,0
6ce222f4-77b5-4182-bcc0-7ddaeb86f66c,431,4780.85,Mumbai,Food,2026-03-13 12:00:16,0
f4d26c8e-52fd-4580-be54-c43e60c6c872,115,26617.01,Delhi,Food,2026-03-13 12:16:44,0
60ad1181-c523-41f2-80e6-18f65a9ba586,79,2595.96,Jaipur,Clothing,2026-03-13 12:33:00,0
a07092c7-ee27-4ff5-8339-d513afa2c76a,255,434.12,Mumbai,Clothing,2026-03-13 13:03:09,0
2d65e1e7-b6a7-4ccd-9ea9-3051c73b7b63,166,407.4,Hyderabad,Food,2026-03-13 14:12:00,0
8db09292-a5c4-48cc-958f-ed9442f9d857,149,2682.64,Mumbai,Groceries,2026-03-13 14:12:25,0
4f06eb02-cf8d-4e46-b025-a16e56e30cd2,456,1705.35,Delhi,Travel,2026-03-13 14:16:12,0
da2fc99b-a923-495d-8842-9e206726f5b4,244,21811.92,Chennai,Food,2026-03-13 15:09:29,0
f6729464-3f8e-440a-ab0a-e0e39d896047,264,2976.68,Mumbai,Food,2026-03-13 15:15:09,0
5c0cf38e-b771-4ea9-9861-6490dfcd8b4a,79,2597.76,Jaipur,Clothing,2026-03-13 15:19:33,0
22c1282e-cf3b-47bd-9e90-125be1b770d1,23,11612.51,Hyderabad,Clothing,2026-03-13 15:49:50,0
a368d7fa-b958-4979-8074-7f3fd2f9a8de,205,2007.71,Delhi,Groceries,2026-03-13 16:02:00,0
92095726-489f-4777-9b98-94c52fd81782,234,2519.37,Delhi,Groceries,2026-03-13 16:32:45,0
ce7e8e4b-0ba2-48f0-a115-d7c0bdd4c3ac,479,8354.15,Pune,Clothing,2026-03-13 17:42:49,0
652e8957-2ae0-4f26-8fca-946a6c6a58e9,289,6562.06,Pune,Groceries,2026-03-13 17:55:11,0
6c2a4201-9229-4a3d-bcc7-46b27e8c5d74,59,5314.91,Hyderabad,Groceries,2026-03-13 18:21:40,0
ddf0d124-282a-4d92-a7f9-14fefaf846f7,323,6621.49,Bangalore,Food,2026-03-13 18:22:33,0
99fb38a9-0d2d-4a72-bb06-dd827fab9b07,317,9638.99,Pune,Groceries,2026-03-13 18:24:55,0
533679f2-8ccf-4851-bc94-7bc1d14fc8aa,124,19445.85,Mumbai,Clothing,2026-03-13 19:25:48,0
efa99c7e-a883-4c66-9eca-e0c004c72b2a,330,11466.5,Mumbai,Food,2026-03-13 20:03:36,0
f0e52458-e283-4379-8f3c-0388ec6123eb,216,3743.43,Hyderabad,Food,2026-03-13 20:27:31,0
634fc500-d748-4207-8b4f-94624d079752,473,56043.61,Pune,Travel,2026-03-13 21:09:10,1
f1160667-5318-40ae-8f66-e8803974f1d9,198,9097.04,Mumbai,Food,2026-03-13 21:25:29,0
4997faad-6369-432e-92c2-2f83acc42808,215,55123.29,Pune,Utilities,2026-03-13 21:51:55,1
4c6d98a8-d78c-4051-befa-70aefdea42aa,301,8958.46,Mumbai,Food,2026-03-13 21:59:36,0
b08c19fa-c4bb-4711-93ce-f52405028ad9,477,6935.52,Hyderabad,Food,2026-03-13 22:11:40,0
86bf9ab1-38ed-4921-8efa-a16bea358283,255,3721.4,Mumbai,Clothing,2026-03-13 22:45:19,0
2ea4790b-fdd0-4c32-b405-e657d1a37650,166,894.55,Hyderabad,Electronics,2026-03-13 22:53:16,0
76f7d7d1-7afa-410c-8006-9f8937bda64d,308,6696.36,Bangalore,Electronics,2026-03-13 22:54:52,0
d5ac4492-fd46-453b-9078-32bb2d195bf4,33,3824.19,Kolkata,Travel,2026-03-14 00:49:15,1
19a7361b-e729-406f-a5db-8ca356302021,191,7101.85,Delhi,Clothing,2026-03-14 01:40:22,0
a041dea0-86ca-4cb5-be95-00ab563df888,162,7645.13,Pune,Food,2026-03-14 03:41:16,1
b5bc09d8-b7e9-4ddf-b1a5-708762465046,201,9355.9,Bangalore,Travel,2026-03-14 05:51:21,1
470f0572-36ab-458a-aabc-f9095d6089ea,67,10423.81,Chennai,Food,2026-03-14 06:42:48,0
b82f76ef-dce2-42f5-b6ef-f2015656b5f9,461,11547.55,Chennai,Food,2026-03-14 06:48:51,0
d98ba677-3db6-43e5-82dc-985ca688800f,311,4669.29,Bangalore,Utilities,2026-03-14 07:12:11,1
b97100e4-b0b3-4882-a6c5-a9fa95b4a962,178,2362.74,Kolkata,Food,2026-03-14 08:29:52,0
dea1985d-c4f0-433a-83a3-9738e8c6badd,393,11186.9,Pune,Groceries,2026-03-14 08:37:07,0
7a6efe0d-6f30-4fca-9d86-f0bf1c952e7b,253,16399.74,Mumbai,Utilities,2026-03-14 09:11:05,0
e412b716-e682-4d8f-9a43-fa957672cdbe,251,330.83,Delhi,Food,2026-03-14 09:24:48,0
3d722c0e-23ed-4309-a25c-2f4a0ac22e6d,162,2289.15,Bangalore,Food,2026-03-14 10:16:26,0
c4b68b46-764b-4cfe-b436-1bf434cc7b5f,224,5788.03,Chennai,Clothing,2026-03-14 10:42:02,0
0d6fa631-4af7-4bde-9830-8f4c610f549e,352,11877.34,Mumbai,Food,2026-03-14 10:48:24,0
4169ed13-be0a-48f5-98f0-56ac07b873ee,238,5796.42,Mumbai,Groceries,2026-03-14 10:51:55,0
2c84124a-8ea8-4c81-ab55-94ff18a0141e,482,5641.0,Bangalore,Food,2026-03-14 12:00:19,0
76ae0304-ce8a-4293-a73a-38f76193ab08,368,6031.11,Bangalore,Groceries,2026-03-14 12:45:25,0
f67839b2-22b5-4457-9860-ad28d0afb235,31,3444.91,Pune,Utilities,2026-03-14 13:45:18,0
716fafaf-153e-4a00-a1ac-b03bb5c76204,314,4477.35,Chennai,Clothing,2026-03-14 13:57:41,0
50953525-be73-4cf7-b29c-af22380ba8c8,361,7001.0,Pune,Utilities,2026-03-14 14:00:02,0
09970b27-dbdc-4b3d-a9d4-056e10f455e5,215,9613.71,Pune,Clothing,2026-03-14 14:35:36,0
d92fcf51-1e81-4495-8bd5-15dd217547ed,55,7350.72,Delhi,Clothing,2026-03-14 15:42:08,0
2d3ded93-9834-472b-ae5d-a55ebe7b3810,107,7822.02,Kolkata,Groceries,2026-03-14 15:45:39,0
50db5bbb-9430-42bb-9a4b-866e7d263e0e,302,5674.04,Delhi,Groceries,2026-03-14 15:58:50,0
8b0242cd-d6e3-4e87-8cfa-5dd91e8c6c82,138,4703.16,Mumbai,Food,2026-03-14 16:15:00,0
05c0e8c6-9b9a-4b6d-9c95-4d75944f12fc,304,2033.84,Kolkata,Groceries,2026-03-14 17:17:42,0
484fda28-62d4-4bff-a510-f7b4924d4a86,394,2771.77,Kolkata,Food,2026-03-14 17:34:04,0
bd0c1656-de37-4877-bee6-187277f4d7f9,198,3352.51,Mumbai,Food,2026-03-14 17:49:09,0
5a0f9dc0-240b-454e-b06d-f64498033771,420,9920.56,Pune,Clothing,2026-03-14 17:59:37,0
170b213b-3397-4619-bc7d-6137c4abc0e1,267,29951.19,Hyderabad,Entertainment,2026-03-14 18:16:49,1
845f6d5d-2c22-419c-bbc0-756435c87983,122,1896.28,Bangalore,Utilities,2026-03-14 18:42:35,0
6ca68270-1b18-4f76-9b5f-66657ef92441,475,7988.46,Bangalore,Clothing,2026-03-14 19:33:50,0
306d8dee-b10a-4ef0-9d15-6546f725e56b,331,8504.16,Pune,Groceries,2026-03-14 19:41:22,0
fa9ed060-ba3b-4666-a4b2-4b71456e6703,362,2361.36,Mumbai,Food,2026-03-14 20:08:54,0
43aedf3d-e82f-4a3d-9493-5d514002f302,458,7577.56,Chennai,Food,2026-03-14 20:21:58,0
58bd3a81-710c-4bc0-bc84-835e25e5d526,427,1666.01,Delhi,Food,2026-03-14 21:02:14,0
a8ac7981-794e-4323-95ce-0875011ab64c,481,9944.67,Mumbai,Food,2026-03-14 21:02:41,0
26561ffc-c61c-4d58-99c1-3918b6b0a726,482,3453.92,Chennai,Food,2026-03-14 21:18:11,0
542ef29e-1bcf-492f-b98b-07573036f6b9,170,7275.73,Jaipur,Food,2026-03-14 21:25:24,0
012154e0-e0a1-4e5c-aab6-4bad828236bc,388,7640.3,Pune,Clothing,2026-03-14 21:28:45,0
c38d61c6-ac7e-4d6e-a8c7-b9aabcee1b3b,206,2582.45,Pune,Food,2026-03-14 22:05:20,0
baa7df4d-9347-4063-9902-3d836a1f6b87,271,9641.86,Pune,Utilities,2026-03-15 00:18:28,1
72f444ab-c1d7-4f4a-b302-5d161ecacae9,244,5767.52,Mumbai,Clothing,2026-03-15 00:32:36,0
d52939e5-3be4-4056-a7ea-6db48802bbd2,301,445.02,Mumbai,Food,2026-03-15 00:34:38,0
dfb4cac0-ae9b-4636-9c34-6de98887a785,363,9807.03,Pune,Food,2026-03-15 01:01:11,0
33e84036-5e51-403b-b38a-2386f4e5fdb5,232,24473.46,Bangalore,Electronics,2026-03-15 02:00:20,1
64f5d967-becc-4f09-a527-62aadd431d3f,232,49000.68,Mumbai,Utilities,2026-03-15 02:02:24,1
4b2ef2b1-e814-4d2f-aafa-5512c1271bf4,232,3244.22,Bangalore,Entertainment,2026-03-15 02:12:25,1
be4d31b1-7cc4-4920-9df9-2a4593132768,232,30432.78,Bangalore,Clothing,2026-03-15 02:16:00,1
0c675024-ab44-46dd-91f6-c8601c01db34,232,16332.82,Delhi,Food,2026-03-15 02:16:48,1
32e72520-4d83-4055-97ac-720e0626d3be,447,10424.35,Hyderabad,Clothing,2026-03-15 02:41:36,0
d24025ea-b257-4257-8c4a-e02ccf4994e0,468,5071.49,Bangalore,Food,2026-03-15 07:46:49,0
d01dc98b-7c75-49b7-9fbc-84732136a1f4,360,133.03,Kolkata,Groceries,2026-03-15 08:08:47,0
efcac577-1aa6-47cb-90c7-e6aca3bfe403,486,11931.97,Bangalore,Food,2026-03-15 08:11:38,0
54b26492-6b29-481c-9ee1-8785def18550,97,9146.86,Delhi,Groceries,2026-03-15 08:40:55,0
e318ea61-d6e9-4eba-84d1-fe3bcec23863,415,8499.99,Pune,Groceries,2026-03-15 09:58:10,0
6806afc4-81ae-4716-af33-c727731a342f,31,5064.45,Pune,Groceries,2026-03-15 10:00:06,0
f3bef939-4b67-480c-abe1-e646ad51c193,400,2432.76,Jaipur,Utilities,2026-03-15 10:01:45,0
5fce2980-cf41-405c-a76a-33350a6dbd8b,278,7058.9,Delhi,Groceries,2026-03-15 10:22:12,0
71d1b4a0-c753-4a53-bdf4-76ee560c5bd8,415,11459.1,Mumbai,Food,2026-03-15 10:29:56,0
8d469c4a-5ea4-4f43-a03e-0668b9bdb94a,435,9103.25,Pune,Clothing,2026-03-15 11:06:44,0
8ebc9790-6845-4b7a-9e22-e7adf8d7c4ef,426,5402.81,Kolkata,Clothing,2026-03-15 11:49:39,0
f664b2b9-b8d8-4619-b653-8a693eaf5f08,106,3016.06,Pune,Groceries,2026-03-15 11:50:11,0
5f9f27ac-39f7-4ed9-9b42-07201b9d5394,401,56549.08,Mumbai,Travel,2026-03-15 12:36:58,1
3b3f3679-8b1c-49cb-af9d-3fe4119581d3,441,261.97,Jaipur,Clothing,2026-03-15 13:00:39,0
f2d2393f-8e85-440d-8f9a-eb7046707cd6,470,7215.22,Hyderabad,Food,2026-03-15 13:15:19,0
186b6a71-1569-42dd-b9cf-2bd2a1420851,115,4828.45,Delhi,Clothing,2026-03-15 13:30:36,0
f15b854e-150b-4760-b371-c77ed7b798ec,484,8906.15,Pune,Clothing,2026-03-15 14:00:34,0
7bb1df10-00a9-4273-9f88-7f619a8c1761,375,23435.76,Mumbai,Food,2026-03-15 14:06:34,0
ee1a1e69-9155-4de5-8843-77c97173388b,431,8204.51,Mumbai,Clothing,2026-03-15 14:43:12,0
016b0531-54d7-4fbe-8727-3c2469fdcb61,4,8627.25,Chennai,Clothing,2026-03-15 15:28:42,0
ca10c941-d2b7-4286-b894-2fe2352d855e,369,2086.4,Chennai,Utilities,2026-03-15 15:36:03,0
962bbc3a-462a-4502-934b-545245c6ddf4,468,6589.39,Bangalore,Food,2026-03-15 15:41:24,0
623d134f-abde-4e49-9533-e78253c50458,265,1912.44,Chennai,Clothing,2026-03-15 16:30:08,0
d6ac0d84-1604-4332-89a6-1674cb1fa325,263,10005.53,Kolkata,Food,2026-03-15 17:30:10,0
b3067523-f85b-4e81-91ed-97faf587dc68,341,767.5,Bangalore,Groceries,2026-03-15 17:41:43,0
befb1a15-99ad-4607-826e-3dbd9acb0045,307,7548.95,Chennai,Clothing,2026-03-15 17:51:24,0
c420c72d-8fb8-4736-8540-6adb983ae235,2,11853.18,Kolkata,Groceries,2026-03-15 18:21:26,0
9e3b37e6-75c4-4c37-8eea-487f9d3cc9ca,402,598.29,Hyderabad,Groceries,2026-03-15 18:30:03,0
e384bb3b-9ec6-4b21-bd76-b92b96dae0bb,395,9007.88,Delhi,Groceries,2026-03-15 19:17:53,0
a4dab893-e198-46da-8459-e2fd23509275,484,3079.56,Pune,Clothing,2026-03-15 19:17:55,0
742bf60d-9a57-4704-9cc1-30e6c2245536,45,6207.4,Bangalore,Clothing,2026-03-15 19:30:36,0
a739a808-7a92-494b-9d56-50240380395c,148,3549.49,Chennai,Electronics,2026-03-15 20:15:47,1
2bb5674f-d73a-43ea-ad9f-19d13b6675af,500,10813.04,Delhi,Groceries,2026-03-15 20:39:44,0
98f23299-25c9-41cd-b2aa-ec2f9c3de962,114,5312.46,Bangalore,Clothing,2026-03-15 20:42:31,0
b18753e6-d457-4ad9-a867-a096edd877c8,143,5206.44,Chennai,Food,2026-03-15 20:52:39,0
602ef747-dc9a-4a81-bb16-d8a43e540130,78,9681.86,Bangalore,Food,2026-03-15 21:25:59,0
6d7bc369-7612-4039-a655-f4f87d260119,256,11064.61,Chennai,Clothing,2026-03-15 21:26:12,0
6c4d1774-2bee-4fff-8b5f-93fef75ddff4,66,2018.4,Hyderabad,Clothing,2026-03-15 21:48:02,0
f2fbdac1-3685-4ced-bd99-b3ecd248db3a,428,22230.33,Jaipur,Entertainment,2026-03-15 21:54:40,1
c0793f64-9167-4dea-b8f1-066bf3951a45,489,439.81,Pune,Groceries,2026-03-15 22:19:56,0
66d137f6-0659-410a-8ede-79b61deb979d,497,9614.96,Pune,Clothing,2026-03-15 22:28:21,0
62b486e7-dcb9-425b-aa93-7f4eecd2e829,49,27863.7,Chennai,Electronics,2026-03-15 22:35:49,1
53a3b749-3f89-49ad-ae07-80aa684e53dd,317,3002.18,Pune,Food,2026-03-15 22:50:31,0
6d2031ba-c8d8-4631-a65c-b372d7199024,393,11484.75,Pune,Groceries,2026-03-15 23:07:55,0
eb7cbfb9-bc40-4695-956d-babe4f2cc869,113,9934.17,Bangalore,Clothing,2026-03-16 00:17:00,0
9bbe3856-f97f-4cbd-905f-2c4ab5348439,413,8358.72,Jaipur,Groceries,2026-03-16 01:03:53,0
b2e17215-67b2-4a54-ae3a-74d4d0ef118d,468,8925.96,Bangalore,Clothing,2026-03-16 01:11:11,0
66d526c8-58d4-4955-b546-5329d8cdc175,38,778.88,Mumbai,Clothing,2026-03-16 01:44:54,1
d16217e2-7f35-4603-9ebf-333b8fb567c4,353,8548.99,Hyderabad,Groceries,2026-03-16 01:58:06,0
1cef56a5-6162-4bef-8de7-bb27c194c25a,461,30055.6,Jaipur,Electronics,2026-03-16 02:00:44,1
da2d6df9-a3c1-4a53-acf9-6a12e522266c,380,8898.42,Pune,Clothing,2026-03-16 03:33:09,0
a450fbaa-3948-42a0-ae6c-d8491aae8a21,139,213.64,Delhi,Clothing,2026-03-16 05:41:52,0
0b56ec02-db4b-44d1-8f09-ba78df35afc6,173,9159.09,Pune,Groceries,2026-03-16 06:00:10,0
25445d8c-f93a-4b04-8d24-6ef6fe50e2da,82,2571.55,Delhi,Groceries,2026-03-16 06:59:06,0
405a81d8-a06b-40bb-a0c6-b4c2e4df6657,395,9915.97,Jaipur,Groceries,2026-03-16 08:00:08,0
380ce151-304b-4e99-9dd3-359a3b702824,42,8090.86,Mumbai,Groceries,2026-03-16 08:02:29,0
31262a60-2159-4a73-9adf-01c57dcba8f8,38,9315.71,Mumbai,Food,2026-03-16 08:35:41,0
ffccb821-58f1-44c9-b552-bac90e084b7d,92,632.67,Jaipur,Clothing,2026-03-16 09:19:28,0
30f02f6b-973a-4058-a7d1-cb6f1d5720cd,467,3063.47,Pune,Clothing,2026-03-16 09:45:26,0
9c74c944-9857-448c-8fb3-cf0f0696ea5d,473,7395.9,Pune,Groceries,2026-03-16 09:53:55,0
03a35aed-3344-4c51-a7f6-55fb8b8943fd,255,7969.33,Delhi,Clothing,2026-03-16 09:54:15,0
08150147-3e00-480e-ae44-1e21d25864f2,498,8684.66,Delhi,Groceries,2026-03-16 10:33:40,0
e1f85b33-9b2d-4a2a-99bd-6240a8535961,430,6149.16,Chennai,Food,2026-03-16 10:44:37,0
82dc6f92-590a-446e-9352-78033ae09dba,314,7917.21,Chennai,Clothing,2026-03-16 10:51:12,0
bd6e2570-839d-4c61-9061-abba7e02bf27,95,5220.41,Mumbai,Clothing,2026-03-16 10:53:21,0
c1978cb8-6721-4261-aa64-d46bceacd779,290,9659.11,Hyderabad,Food,2026-03-16 10:59:01,0
579effad-da1a-49f5-a169-7c3e03dd19b1,32,9377.56,Mumbai,Groceries,2026-03-16 11:06:36,0
05808066-322c-4dae-adb4-e4283ef7839f,324,4382.92,Delhi,Clothing,2026-03-16 11:12:18,0
cf8972f1-53ee-446d-9017-9385134c8357,268,11708.21,Delhi,Groceries,2026-03-16 11:38:41,0
0ba4475b-6853-4e2e-9827-152386f5cdaa,282,4881.47,Kolkata,Clothing,2026-03-16 11:50:27,0
48e27413-3432-4572-b1c7-9faffb14dc56,412,22322.81,Bangalore,Clothing,2026-03-16 11:55:18,0
98e027ff-118a-4dd2-a9ab-66d4706d9e73,111,17083.85,Chennai,Electronics,2026-03-16 12:32:42,1
f203d2c4-9481-418a-a488-12284ca07a68,136,464.47,Kolkata,Food,2026-03-16 12:50:47,0
0327aec2-f737-48bc-9026-6418cc45e20c,279,21779.28,Hyderabad,Food,2026-03-16 13:01:03,0
87ab7bda-5590-44ff-9e3d-26dccea6eee3,444,10542.19,Hyderabad,Food,2026-03-16 13:13:04,0
dd1096b3-40b3-4c05-a839-4e03717f8b70,133,11672.12,Mumbai,Clothing,2026-03-16 13:22:53,0
b11464aa-52f6-4081-8005-64b8171603b1,399,8383.76,Jaipur,Travel,2026-03-16 14:20:28,0
ec134367-2e97-4f7a-98f3-14cbba9a1998,105,25149.41,Mumbai,Clothing,2026-03-16 14:33:54,0
504acfd6-3f1b-49b8-a62f-dfe9dfcf3e2e,301,11611.06,Delhi,Food,2026-03-16 14:41:11,0
09bbc042-17c4-4a10-a112-74c369af4fdc,219,5698.6,Pune,Groceries,2026-03-16 14:58:58,0
821a8ac9-a957-4b45-ad84-859d4a2e25a0,400,1844.61,Delhi,Food,2026-03-16 15:01:46,0
dcc31cb2-d0cb-479f-af5d-ff13759a9725,105,10312.83,Mumbai,Groceries,2026-03-16 15:14:46,0
a970beba-28d4-44e7-a5c2-c1e064363a2c,471,4739.61,Pune,Groceries,2026-03-16 15:40:22,0
226378ab-15b2-42b4-8cf0-f97b4128d40b,472,2565.68,Bangalore,Food,2026-03-16 15:55:15,0
4161e95d-cb5f-45f5-a10e-0c724c415942,107,22978.01,Delhi,Groceries,2026-03-16 16:16:30,0
4de07f10-4f3e-4166-a9d1-53e1277d0dc9,50,7278.18,Mumbai,Clothing,2026-03-16 16:27:25,0
0772650a-1e4c-4c48-ae6a-b2fd42ea57a8,142,6792.82,Hyderabad,Clothing,2026-03-16 16:42:19,0
c89ce859-9dec-4934-816f-c614a5c6a74b,484,6028.24,Bangalore,Clothing,2026-03-16 17:19:31,0
305bee94-eaa7-4e26-9519-38b75d3f138a,151,2304.92,Chennai,Groceries,2026-03-16 17:22:37,0
998992f8-4d30-4f2c-8b63-e19a39edeb7a,403,2059.07,Kolkata,Food,2026-03-16 17:29:01,0
ca8733db-9a6b-4a29-bcbb-8f94ea3131cf,292,2350.81,Pune,Clothing,2026-03-16 17:37:58,0
991890e4-4077-4324-a422-8150abe01cb5,210,1663.66,Pune,Groceries,2026-03-16 17:53:42,0
a5ea2820-619e-41df-a867-eaeb30d34f42,120,8421.86,Kolkata,Food,2026-03-16 18:06:51,0
44cfa6ba-5302-46e2-b87b-ccda71330766,445,8974.66,Jaipur,Groceries,2026-03-16 18:16:55,0
d4f5a257-cec2-4f2a-8931-ad053cdedcbb,402,27507.44,Hyderabad,Electronics,2026-03-16 18:19:45,1
25693e13-0efa-4993-94e7-4f2629b05b37,186,5289.22,Kolkata,Food,2026-03-16 18:30:44,0
0ded1b4d-79d8-4ee9-9d4b-c9140bdfa5f0,130,7932.22,Bangalore,Food,2026-03-16 18:32:05,0
c61c17a1-c570-496e-a40b-2dd59c0001e6,287,7677.86,Bangalore,Groceries,2026-03-16 18:41:17,0
7a567dd0-3a61-47f5-bba1-3fe95ab5cea8,242,11536.0,Mumbai,Food,2026-03-16 19:03:36,0
97d66ce8-cf80-4214-bd5c-a6ebd01f638f,395,10968.83,Mumbai,Clothing,2026-03-16 19:23:02,0
2ee3ac82-7540-48e0-941a-0f656e06112f,90,5522.44,Chennai,Food,2026-03-16 19:35:58,0
f2e5cecf-9b6c-4494-a0e0-b67321b6eb84,320,4284.35,Chennai,Clothing,2026-03-16 20:01:48,0
49986f5a-1895-485b-9235-a4e141316886,306,1936.88,Pune,Clothing,2026-03-16 20:22:47,0
571c7037-4499-4ff0-be9c-e24da396027b,330,7527.25,Mumbai,Food,2026-03-16 20:59:39,0
eabea96e-389e-4031-b9cb-7d29c755284b,4,3773.92,Chennai,Utilities,2026-03-16 21:06:23,0
8d5dbc9f-8f69-421e-a8c1-c97e7c77bbed,418,7426.1,Pune,Clothing,2026-03-16 21:24:42,0
fc8afb1d-ba99-467e-9ca2-103316ec34b5,247,10066.37,Kolkata,Clothing,2026-03-16 21:28:43,0
577529ae-47b2-492e-849e-2d01062cc553,179,2738.56,Pune,Groceries,2026-03-17 01:51:04,1
4782a7dc-2ba3-4440-bb8e-b2b7b556933d,353,25414.14,Hyderabad,Electronics,2026-03-17 03:18:14,1
05981489-b087-4b0e-8a9a-75f0d13b3a4d,78,2479.93,Chennai,Groceries,2026-03-17 03:20:36,0
2886115f-f9f4-4bcd-af41-bc232b31b5e7,109,6610.75,Hyderabad,Food,2026-03-17 10:03:30,0
161bbc03-0cb4-44d4-aa00-8ba56420a286,456,11863.17,Delhi,Food,2026-03-17 10:18:00,0
af7ce609-1a99-4ae0-8677-b81d1902c93b,345,6287.43,Mumbai,Clothing,2026-03-17 10:20:35,0
eb0a97f7-1578-420e-b4ca-37a413abd39b,124,8177.52,Jaipur,Utilities,2026-03-17 10:25:41,0
ddf547e3-a918-4ef5-931a-f0d5a6a2770b,114,4633.97,Hyderabad,Clothing,2026-03-17 10:45:35,0
7d70c952-267f-49bc-b365-4e7661f73d23,442,2629.2,Hyderabad,Food,2026-03-17 11:54:26,0
e0eb16f1-d3e8-447f-a899-e850dd32b854,219,19564.02,Mumbai,Food,2026-03-17 12:33:41,0
635d8150-d8dc-43a5-b09a-8327891d47fe,175,8960.95,Mumbai,Clothing,2026-03-17 13:08:54,0
0492215a-9acd-45f0-be0b-ba5125952bbd,348,2771.92,Delhi,Groceries,2026-03-17 13:28:45,0
27784c03-dd48-49aa-a95d-48e2dae63c82,391,21764.98,Pune,Electronics,2026-03-17 13:37:14,1
98a0be4c-91a1-4855-aabd-4589b7365e1b,422,10177.79,Delhi,Groceries,2026-03-17 13:46:24,0
70d002c6-2130-4ac5-88fa-b23be74dbf94,381,1676.83,Hyderabad,Clothing,2026-03-17 15:04:14,0
9b77ba46-1b88-4e69-9f77-17ca5199839c,407,9549.78,Chennai,Groceries,2026-03-17 15:27:56,0
5c47581e-cf3f-426a-8d51-16cd6983e150,149,6769.75,Mumbai,Clothing,2026-03-17 16:38:03,0
042b949e-8eb4-40cb-9fd5-c6dd172f2203,323,621.75,Bangalore,Groceries,2026-03-17 16:38:18,0
b3953089-2692-47e6-bb5c-c587d2689ad4,497,10253.42,Pune,Clothing,2026-03-17 16:44:19,0
a8350a40-0858-414d-952a-ed00d4aa826d,467,27180.76,Pune,Travel,2026-03-17 16:45:49,0
7950c6fe-1383-4c6a-a016-1c6894f07bd2,239,37763.95,Pune,Utilities,2026-03-17 17:11:13,1
91be48c3-2329-4406-9bac-0279a66b3d83,20,11703.11,Hyderabad,Groceries,2026-03-17 17:11:29,0
4ed0730d-711d-41dd-96ed-0330ce015413,91,7609.47,Delhi,Groceries,2026-03-17 17:27:33,0
3527bcee-d343-4f88-91f3-79b18ebb8208,112,5499.49,Jaipur,Food,2026-03-17 17:38:00,0
5479594c-9849-4c68-a7db-fad487448c23,331,4740.22,Pune,Food,2026-03-17 17:40:10,0
f59613bf-d88b-4d10-9665-15072175c57a,361,1815.93,Pune,Clothing,2026-03-17 18:16:31,0
cc09de64-233e-44ac-be3f-3da02f98ad33,35,2404.01,Hyderabad,Groceries,2026-03-17 18:32:16,0
332c63ae-ca6f-4ea9-8390-606c7bebeb12,74,34932.36,Chennai,Food,2026-03-17 18:33:37,0
be6f8336-1ef2-4fac-88c0-386a8b32c1f6,487,11036.87,Pune,Clothing,2026-03-17 18:44:38,0
34cea2e9-2ebc-4739-85dd-4421cb6a3765,174,9538.38,Chennai,Groceries,2026-03-17 19:08:28,0
6cf6c879-d279-40a4-897e-2ce54fe30b6d,60,5982.71,Mumbai,Groceries,2026-03-17 19:48:21,0
26117488-1f82-4dfb-93f3-3691a3f20ae5,297,1577.93,Jaipur,Travel,2026-03-17 20:02:53,0
a46f87b5-8d45-4921-a64b-55237e8e148b,23,8589.25,Pune,Clothing,2026-03-17 20:05:50,0
8f45c269-6b52-49dc-a0d8-b49272896055,306,4671.95,Pune,Food,2026-03-17 20:07:34,0
48f091f0-9b8b-48ae-b89f-3a92999a1d86,64,4283.27,Jaipur,Groceries,2026-03-17 20:08:15,0
63af349d-5d3c-4898-a417-7c121e28c8dd,463,697.07,Hyderabad,Travel,2026-03-17 20:14:42,0
559986e7-38f1-4f3d-b1a4-4be98ed4e35b,205,21389.29,Chennai,Groceries,2026-03-17 20:42:37,0
2877e76a-56c6-40c8-8325-96e49bba3501,111,17365.31,Delhi,Groceries,2026-03-17 20:47:15,0
79334f20-ecfd-4f5b-b946-18b0986ce3c4,261,6630.16,Jaipur,Utilities,2026-03-17 21:23:43,1
7fb63b12-4cf2-4624-8243-0329f09fe936,367,3419.68,Pune,Clothing,2026-03-17 22:15:14,0
4014c0f8-ce2f-4af4-97f0-48021e684eac,471,11896.66,Pune,Groceries,2026-03-17 22:28:57,0
bbb4c0ce-96f0-4335-85ab-48dae4354021,208,536.21,Jaipur,Food,2026-03-17 22:34:30,0
cebb1f39-c37e-4c25-9d5e-d747b83df101,218,987.67,Hyderabad,Food,2026-03-18 03:02:09,0
c5335386-3e10-457c-96a9-46ed6cb8fa64,279,7537.42,Hyderabad,Food,2026-03-18 03:03:59,0
02cb42d1-da4a-4d0b-918e-e31bb35d8adb,473,3617.87,Pune,Clothing,2026-03-18 03:33:51,0
9dec2b83-3885-4f7e-af1a-25a829344e15,294,6615.55,Mumbai,Electronics,2026-03-18 03:47:47,0
3de1cef6-777d-45d0-a5f7-8b6f5503b3e2,401,7185.65,Mumbai,Groceries,2026-03-18 04:59:53,0
f1ef6043-fca5-400d-bcf1-cef2de5299e9,110,2117.13,Pune,Food,2026-03-18 05:16:34,0
531ceaba-bdeb-4d10-9aee-17e9cce120ce,405,16659.68,Delhi,Groceries,2026-03-18 06:23:14,1
55a0ab16-4e44-4612-9ad3-9b3dd665716f,139,2695.65,Delhi,Groceries,2026-03-18 06:30:20,0
873f3f03-0f8a-479c-b6db-bb2c3b5e2d65,297,11988.41,Jaipur,Food,2026-03-18 06:31:32,0
107983c6-5ee2-4a01-8d6f-4850df2b399a,460,7687.3,Delhi,Clothing,2026-03-18 07:52:47,0
d70f34bb-2594-4c4e-a61e-0f0eee10f503,500,11893.4,Delhi,Food,2026-03-18 08:00:57,0
27335670-b3ad-42ba-b972-09c040b374f8,25,7977.44,Hyderabad,Groceries,2026-03-18 08:03:44,0
45ecaad1-34a9-4479-89e6-dec2b80504fd,88,4857.2,Pune,Clothing,2026-03-18 08:15:41,0
26e6d3f6-d067-4c1b-a5be-2ecd99b0ce35,384,10660.07,Mumbai,Food,2026-03-18 08:15:52,0
cbb474a3-3763-4604-be04-8d5ad12b32e6,406,7586.37,Hyderabad,Food,2026-03-18 08:30:44,0
c41e63d4-9cb1-4b59-9245-6606596fb6ce,261,4034.06,Hyderabad,Clothing,2026-03-18 08:51:10,0
64114680-6542-4627-a923-98e924397b23,48,4159.39,Delhi,Groceries,2026-03-18 09:02:00,0
16ba1b69-6bf3-4690-adfc-11fc7093172e,261,8891.12,Hyderabad,Groceries,2026-03-18 09:34:04,0
e57ad2cf-6ba4-4a3a-98f1-d3b350632ef1,157,2902.91,Pune,Clothing,2026-03-18 09:43:36,0
25c1ae41-ef0e-49cb-b56a-ae2de58118d1,288,8700.41,Bangalore,Groceries,2026-03-18 10:20:42,0
6744acd4-cfdf-46f9-ab0f-827ce82a3879,267,5260.62,Hyderabad,Groceries,2026-03-18 10:21:57,0
96920f46-3b30-43e2-9161-bc66afae9588,224,2046.72,Chennai,Food,2026-03-18 10:46:04,0
b8a29992-d72e-48ac-8294-ece015778260,60,7945.69,Mumbai,Groceries,2026-03-18 11:35:59,0
7748390c-6a0d-4c18-b918-efdcc964a8c4,151,1370.66,Chennai,Electronics,2026-03-18 11:46:26,0
b512a7d1-45a5-4212-9ac7-9cea5b862333,95,11082.95,Mumbai,Clothing,2026-03-18 12:59:43,0
8a96b857-fa8f-4923-b032-c8e2d351df5f,399,2519.34,Jaipur,Clothing,2026-03-18 13:24:18,0
60b97459-09e2-456e-b0a3-be304d06b31c,308,4781.4,Chennai,Clothing,2026-03-18 13:27:35,0
4391f7d4-432f-4d68-b58d-758740cf70e0,383,4221.63,Chennai,Food,2026-03-18 13:28:07,0
bf12ac2c-bc5c-42d0-82cd-c06e2dbb8752,412,7846.43,Chennai,Food,2026-03-18 13:33:43,0
bbc10bbe-ed1c-4d70-b6d2-58239b354089,81,6850.79,Jaipur,Food,2026-03-18 14:11:39,0
94fbb49c-42fa-401b-b41d-a3cd4258f08a,493,6694.14,Bangalore,Groceries,2026-03-18 14:15:48,0
56e80e7e-25f9-49cd-a101-0d68781aee5a,319,2276.23,Chennai,Clothing,2026-03-18 14:23:40,0
851bab28-bf07-4afb-bd23-8109c1fbfe60,153,4697.39,Kolkata,Clothing,2026-03-18 14:55:32,0
3b645e6d-4584-4668-bfd4-b196f5662788,195,7441.47,Hyderabad,Food,2026-03-18 15:12:00,0
84fcc390-8a7c-40ef-915d-f2522485ffcf,265,13598.75,Bangalore,Food,2026-03-18 15:14:03,1
4dce488d-a55c-47bd-9ca4-a0983551bf83,493,4955.28,Bangalore,Clothing,2026-03-18 15:16:03,0
a2d855c2-b4ac-4cd1-907a-8d83af92a2ae,169,11092.81,Delhi,Food,2026-03-18 15:17:34,0
d0814483-64f8-4aa7-8f56-444dad2f571e,111,11823.03,Mumbai,Groceries,2026-03-18 15:53:39,0
ddbd3afb-e5f3-4cb9-a3ff-cbbd848036ad,480,5005.97,Chennai,Groceries,2026-03-18 15:56:03,0
318beb4e-8251-4fd9-b41f-acd11344c2f6,284,8263.42,Hyderabad,Food,2026-03-18 16:22:43,0
1a40a57d-688c-4b33-8fc6-2c97f831a42e,86,4514.84,Hyderabad,Food,2026-03-18 17:31:03,0
0eed8a3b-83f8-460a-88ec-979a9cbe051d,155,9619.27,Chennai,Food,2026-03-18 17:46:25,0
45d9a499-0d78-4277-9aa2-df5b240c18f8,418,104.86,Pune,Clothing,2026-03-18 17:49:28,0
93dc8eea-3e8e-436a-87e9-5e6d7f71eef6,439,3312.26,Jaipur,Groceries,2026-03-18 18:01:09,0
5f9de8be-9edc-4afb-ae3a-29c6ef9cc278,426,8230.49,Chennai,Travel,2026-03-18 18:11:05,1
09b6914e-97c5-4796-83f5-4f4fbec2ff04,216,10539.45,Bangalore,Food,2026-03-18 18:13:44,0
676a504c-dbeb-41e2-b9a0-1a0b64657945,462,9268.95,Bangalore,Food,2026-03-18 18:56:43,0
caf2c75d-f6e3-4260-a9d2-faaf84ac6238,403,3989.39,Kolkata,Clothing,2026-03-18 19:17:59,0
89628f6e-929c-43b3-b3c0-8bf18167999f,349,1074.26,Mumbai,Clothing,2026-03-18 19:23:04,0
1e12d794-0697-423e-a9d1-7687eca4eade,226,1496.34,Bangalore,Groceries,2026-03-18 20:50:53,0
e2ed7013-2b0b-427a-a26a-c6c904036d53,330,11946.02,Mumbai,Food,2026-03-18 21:12:26,0
704751a9-3cac-4dc0-8715-3ea77bbe4de4,491,867.79,Jaipur,Food,2026-03-18 21:36:20,0
0a8157fa-4a90-4ec0-bc14-2149da021f54,223,875.47,Hyderabad,Clothing,2026-03-18 21:52:13,0
e9fe39a1-6dac-4c29-9e5a-15ff5c4d76da,140,6082.4,Hyderabad,Food,2026-03-18 21:57:24,1
2ff5cdab-2aa9-46d4-91c7-c76cae7303c0,362,136.97,Mumbai,Food,2026-03-18 22:44:39,0
44f4d74f-c629-4ca6-ad07-67746bc5bcd4,192,8174.81,Delhi,Food,2026-03-18 22:56:14,0
5a9c9194-afd5-4d38-b7f7-5f136ad1182f,165,2148.74,Chennai,Food,2026-03-18 23:09:00,0
a394ed54-9e3c-4a88-aaa5-6e6d92779574,320,11094.76,Chennai,Clothing,2026-03-19 00:05:02,0
706ee9a0-5ea4-49df-a749-7654fecdd103,195,2249.53,Hyderabad,Food,2026-03-19 00:06:24,0
ae328333-72d5-4cbd-bed6-35538f221f4b,174,36317.32,Hyderabad,Utilities,2026-03-19 00:27:18,1
869dd92a-d2f8-4759-9907-7e575afe12ae,32,24648.14,Delhi,Travel,2026-03-19 01:22:55,1
f4542ecc-1762-4c6b-89d8-83a3ac70d3f6,121,8169.55,Delhi,Groceries,2026-03-19 02:18:12,0
53f591dc-23c8-4fdb-83f8-2f16e4a4474c,102,6050.93,Jaipur,Food,2026-03-19 02:45:21,0
a901bdb8-c0ae-40f3-b770-014d68fd1179,48,1827.69,Mumbai,Travel,2026-03-19 02:46:09,0
e5fe9ce5-7317-4c5e-819c-f4e1b1469bb9,7,5273.26,Pune,Utilities,2026-03-19 03:00:26,1
a1439506-2140-4ae6-b11a-007962744a87,7,4120.95,Mumbai,Clothing,2026-03-19 03:06:17,1
8d84e535-480d-4394-9d9b-038bc0f1b5d2,7,18178.96,Delhi,Utilities,2026-03-19 03:14:00,1
7b69303a-cf15-43af-9dad-9ff2ed7d4e5d,435,4995.81,Kolkata,Travel,2026-03-19 04:01:53,1
ba56d9b0-1111-4859-a094-413d03c82477,215,6840.62,Pune,Clothing,2026-03-19 04:22:57,0
7b9119d3-2b3b-4856-81c6-1440e50254f8,195,19012.62,Mumbai,Utilities,2026-03-19 06:31:30,1
3dcdae6b-d630-4c94-9ce1-41b9f37f9b70,439,5241.03,Delhi,Groceries,2026-03-19 08:06:42,0
b35b9f78-f55f-4e80-a392-2a4e4f2c386f,464,29788.99,Pune,Groceries,2026-03-19 08:44:58,0
692fe76c-1a20-4dcc-8ae8-e236bff9e3b2,203,5964.61,Mumbai,Clothing,2026-03-19 09:12:29,0
7415701a-2763-4236-8e35-843dcac26e32,394,7053.32,Kolkata,Food,2026-03-19 10:11:46,0
7b98ac6e-1ac6-42bf-80b3-647856516ab6,263,3406.56,Kolkata,Food,2026-03-19 10:26:02,0
30fee952-0820-4cc5-afcd-3efcc364c6ff,418,154.47,Pune,Clothing,2026-03-19 11:25:41,0
63680eef-cff3-4669-b9e9-b2a9588cce05,386,9923.39,Delhi,Clothing,2026-03-19 11:29:43,0
e7940b08-78e0-49ac-a79c-e2d1507c2d8d,353,6933.38,Hyderabad,Clothing,2026-03-19 11:48:54,0
b1c0dd85-ae06-49b4-b6bd-56fc85ff34f4,146,25020.95,Kolkata,Entertainment,2026-03-19 12:13:49,1
d9909944-fe5e-44e3-8651-4b72328216db,336,362.04,Delhi,Clothing,2026-03-19 12:18:13,0
ab9a8fc1-4555-4e0a-9e73-6ba1902c96e3,261,2218.03,Hyderabad,Utilities,2026-03-19 12:21:27,1
f683065e-6463-4483-af86-dcc9549a7833,355,595.73,Hyderabad,Food,2026-03-19 12:55:05,0
727fc72b-d2ad-4cf7-89be-c81554b2b5ab,403,3927.64,Kolkata,Clothing,2026-03-19 13:10:51,0
4ed5b245-5595-4d5f-9b34-00a69c1b2b3f,103,8186.96,Bangalore,Clothing,2026-03-19 14:07:23,0
b942c182-b897-4e3d-b0a3-b320cfffdd05,106,10711.69,Hyderabad,Food,2026-03-19 14:40:06,0
15c535c9-28c6-45ff-82c4-0e374ac98d23,323,17995.51,Bangalore,Groceries,2026-03-19 14:43:07,0
f2a9dc8a-ca9e-4a62-bae3-114ba3b442bd,229,2083.07,Chennai,Groceries,2026-03-19 15:02:46,0
6c1a3f9a-197b-47ac-a078-72e2b8beb962,496,3615.06,Mumbai,Clothing,2026-03-19 15:13:29,0
aa9313da-7637-4d64-a182-02ce9281fb0d,338,1165.79,Jaipur,Clothing,2026-03-19 15:14:33,0
94ded20d-bbaa-40a4-a60f-1b0b34cd510f,411,10179.06,Bangalore,Clothing,2026-03-19 15:15:18,0
3ef3d085-1e4f-4499-b0a9-f87f9ea786bc,197,4650.88,Jaipur,Food,2026-03-19 15:16:25,0
58aab696-1cdf-46af-991e-0704733be7cb,264,6063.01,Mumbai,Food,2026-03-19 15:32:41,0
a9e0917f-e324-45db-a850-18bff5c3e7f5,340,7837.26,Bangalore,Food,2026-03-19 16:08:42,0
c1a95ee2-1718-4fde-ac4e-5a8c99afee64,351,8019.69,Bangalore,Clothing,2026-03-19 16:12:31,0
a5abda7b-b66e-41ad-9587-df32244a54c4,56,9325.14,Mumbai,Food,2026-03-19 16:23:32,0
5c127211-645e-4bd4-af4b-cfc3327272f0,22,3111.8,Delhi,Groceries,2026-03-19 16:46:58,0
fc1a0c31-b872-4792-a7cd-b7cb4a7ff09e,15,4850.87,Bangalore,Food,2026-03-19 17:19:29,0
1989cdb9-4505-43d0-af0a-bbd0dbaea49d,66,8710.2,Hyderabad,Clothing,2026-03-19 17:42:52,0
f897c7d9-7a07-4232-aa62-bb9c1a9face2,267,8434.26,Chennai,Groceries,2026-03-19 17:50:28,0
70bb727a-07f4-4e4b-b7fe-ffa140bc3d62,102,1201.7,Delhi,Food,2026-03-19 17:53:39,0
a0a75dfe-4eb1-4892-b5cf-e82ca414e9fb,275,27359.45,Hyderabad,Food,2026-03-19 18:03:02,0
4d1548c6-4fcf-466c-a519-8e6fd738d6ed,74,6938.33,Hyderabad,Clothing,2026-03-19 18:03:27,0
9159c84f-ba28-4777-859a-a49db657294f,25,10301.52,Hyderabad,Food,2026-03-19 18:19:39,0
266a8b90-ee28-42f4-8a76-a0ea0b6b9944,168,4086.33,Hyderabad,Clothing,2026-03-19 18:23:30,0
507409da-0242-4b7e-86c9-77ec41e327ee,428,5743.76,Jaipur,Food,2026-03-19 19:05:57,0
ea7dbecd-e06f-40d4-af53-5f89e401ce0f,277,8713.0,Mumbai,Food,2026-03-19 19:13:24,0
ec380f2d-f45a-48b4-b7ac-e1b32a384110,449,6688.73,Bangalore,Groceries,2026-03-19 19:14:01,0
164caf2f-6d44-4c3f-ac58-98363a04e4d7,309,3519.22,Bangalore,Clothing,2026-03-19 19:44:53,0
76d33ba9-2780-417c-97e9-e1209dedc786,434,8183.98,Jaipur,Groceries,2026-03-19 20:18:26,0
af194390-1c28-4022-880e-6ddd1fe72d21,262,9876.66,Delhi,Clothing,2026-03-19 20:27:24,0
35523fa3-fa90-4745-b8d5-6915ba860309,153,19326.64,Delhi,Groceries,2026-03-19 20:58:52,0
0476fc34-9dc5-4ddb-8aad-970f34010fe9,317,3274.16,Pune,Food,2026-03-19 21:15:09,0
5bd55037-f744-4596-8979-140877689441,396,21137.9,Jaipur,Groceries,2026-03-19 21:16:54,0
7532b6cc-cbb3-4b51-8eef-026d16a19e43,352,6449.52,Bangalore,Food,2026-03-19 22:24:49,0
ca6dfdd1-b1a3-4474-9528-7d4727041767,50,3271.97,Mumbai,Groceries,2026-03-19 22:36:53,0
f77b9742-1e12-4bed-984c-4178935c31d1,288,4572.29,Mumbai,Groceries,2026-03-19 22:42:24,0
89c8521e-dd27-4b92-aa9d-098ca84c04b4,40,5707.48,Pune,Food,2026-03-19 22:54:49,0
af5f6e21-a5ee-4f42-868f-ef737886e66f,140,8415.45,Hyderabad,Clothing,2026-03-19 23:09:10,0
55a47eab-3354-44be-82c9-1aaf6be13e78,266,4850.71,Chennai,Groceries,2026-03-20 01:37:30,0
d6ffed78-701d-4127-ba72-6e14c885b3cc,176,5484.07,Delhi,Groceries,2026-03-20 07:16:32,0
12bacc10-9b45-4aa9-a13e-a32a4b045067,417,11636.96,Chennai,Groceries,2026-03-20 08:04:24,0
6e8d9644-601b-4bcb-b0ee-bcce8d93e14a,310,4820.77,Kolkata,Food,2026-03-20 08:40:17,0
2fdc9992-8971-4eea-9f3a-098accac2fb5,378,5449.94,Pune,Groceries,2026-03-20 08:45:13,0
b396c65f-8929-4c8f-9a56-372e17e82cbb,146,6341.7,Kolkata,Food,2026-03-20 09:02:00,0
37ca273b-3506-480f-a76c-f539c9bef3d7,260,5362.05,Chennai,Groceries,2026-03-20 10:45:04,0
8bcb2316-9e28-4d8e-811f-590cb991c573,313,11921.51,Chennai,Food,2026-03-20 11:07:02,0
be052644-aa92-4983-b2ab-e4b7b04137d5,252,18460.65,Hyderabad,Clothing,2026-03-20 12:01:53,0
08335cee-48a0-4e4f-b064-672a394a6d31,426,872.82,Chennai,Food,2026-03-20 12:10:41,0
b95bfa5c-c35e-42d8-8616-64a35b24da29,395,7916.96,Mumbai,Electronics,2026-03-20 12:15:55,0
2f26cb42-ace1-415e-8830-1db78810a169,316,7393.15,Kolkata,Groceries,2026-03-20 12:19:29,0
17776760-70ff-4474-a7a3-208eb1fde4de,173,7591.24,Pune,Groceries,2026-03-20 12:22:28,0
4b70a26c-0142-4da5-a2f7-fc374e179117,368,864.43,Bangalore,Food,2026-03-20 12:30:43,0
24ed48a9-633c-4767-b6b9-49e66ca5c389,227,9110.84,Kolkata,Food,2026-03-20 12:31:09,0
bbfbf76c-3de6-47f9-bfc4-6c0eacdfe0ff,222,10314.43,Chennai,Groceries,2026-03-20 12:51:06,0
269f5292-0a8c-47a5-b123-d4f54c108cd3,489,25414.16,Pune,Groceries,2026-03-20 13:03:41,0
4d3da7b8-a36c-432b-9616-83aa95ba5f95,353,14842.63,Hyderabad,Utilities,2026-03-20 13:10:27,1
2abdb1ef-087a-4725-9deb-5f4d7704e6f8,77,7977.75,Kolkata,Food,2026-03-20 13:16:18,0
b595c8ae-42b8-4e76-812f-ac3b68abac0a,311,967.79,Bangalore,Food,2026-03-20 13:40:56,0
a3b4a240-7f48-4536-9f2e-444a501bcf44,181,9681.35,Jaipur,Clothing,2026-03-20 13:53:19,0
356d9896-2f50-40fb-a958-c74502bb657d,385,6010.33,Bangalore,Groceries,2026-03-20 14:06:29,0
9f30418c-9089-4cfd-9145-9617b9c1f1b2,268,30460.11,Delhi,Groceries,2026-03-20 14:26:35,0
b25c037b-811b-4a57-bd7a-44e1c9c4fd1d,222,27857.11,Chennai,Travel,2026-03-20 14:39:26,1
fab1996a-2192-4613-9247-e8512e0d3860,491,2288.57,Jaipur,Food,2026-03-20 14:44:48,0
bdf29031-8ef0-4bcc-8878-49c11ea34e54,185,7997.36,Pune,Food,2026-03-20 15:26:47,0
7447f8a1-2734-4be8-a609-2042eb5f8944,352,10931.87,Mumbai,Food,2026-03-20 15:39:16,0
e099ab65-1108-4ec8-907a-ad8b821adae4,288,2192.52,Delhi,Food,2026-03-20 15:40:49,0
3f59e4f2-c309-4b6e-b7e9-d2e2d35ac07a,189,11492.59,Chennai,Clothing,2026-03-20 15:47:38,0
5e5a90c1-52a4-43f9-8c9e-903ac4bd338e,146,8428.18,Kolkata,Food,2026-03-20 16:11:29,0
53134a33-50bf-45cd-897f-da228556b37c,96,2473.66,Delhi,Clothing,2026-03-20 16:24:56,0
7fa9aae9-04ba-4cf4-9000-72e315991dbf,351,24280.76,Bangalore,Clothing,2026-03-20 16:34:51,0
fa923fde-df89-4a84-b8e2-c5e24f5d9769,394,2710.13,Kolkata,Food,2026-03-20 17:45:07,0
7f057f98-5ba2-4b8c-9066-2b04c1a6bcf9,159,11186.05,Bangalore,Food,2026-03-20 17:45:55,0
88f7f097-57f2-445f-a751-5d4b0d829d52,456,5722.17,Delhi,Food,2026-03-20 18:04:43,0
924b8628-db23-4e26-8fae-d0f14cfaa5ba,294,31901.18,Delhi,Clothing,2026-03-20 18:45:16,0
2f2f098e-850b-4333-ab6f-fa20368bc998,193,4145.89,Jaipur,Groceries,2026-03-20 18:50:56,0
fdb536ad-a9da-4dd7-9537-0e6d74244500,60,1720.69,Pune,Clothing,2026-03-20 19:13:26,0
0d0b44e9-fe7d-4350-9fff-4d8677747cd0,394,739.84,Chennai,Food,2026-03-20 19:15:19,0
c3f9c78c-af70-4164-bf16-44542685602c,415,10891.35,Jaipur,Groceries,2026-03-20 19:40:03,0
61af663c-ed2e-4bcd-8c06-df90aa1c4023,53,8899.96,Jaipur,Clothing,2026-03-20 19:41:35,0
56cdbfd4-aca8-404b-b226-96395cb35ec3,482,3237.76,Chennai,Groceries,2026-03-20 20:31:30,0
804114c3-a630-428b-ac57-339140bd07ab,122,2514.38,Bangalore,Food,2026-03-20 20:38:33,0
79928faa-4cbf-431d-901b-cdefb56ff8ce,477,4776.16,Hyderabad,Food,2026-03-20 21:19:37,0
50711923-dae6-404b-819b-ab055d26dd36,472,11462.18,Bangalore,Food,2026-03-20 21:36:47,0
177db90b-118f-4885-8679-11d407f30993,280,9543.8,Hyderabad,Groceries,2026-03-20 22:56:32,0
5758c544-a175-4ba1-8aa7-c04fc2ded34a,76,1767.63,Chennai,Clothing,2026-03-20 23:53:11,0
da7f624b-5716-4640-87a0-424659f43595,467,9540.39,Pune,Clothing,2026-03-21 01:10:09,0
bb6e3ec1-e87f-4087-9c27-af1ca03d6f69,429,4746.7,Hyderabad,Groceries,2026-03-21 02:06:23,0
92cf8614-2362-4d23-9f9d-2e7d55c1216e,85,3576.22,Chennai,Food,2026-03-21 02:12:02,1
09493c74-6e21-4a38-9a42-f2e263a1e211,230,9863.18,Jaipur,Food,2026-03-21 03:48:49,0
d44afdde-7afd-4081-a466-7f7056336f85,134,1076.22,Jaipur,Electronics,2026-03-21 03:51:33,0
d54d09eb-025b-4d76-bd47-68b3773356c1,122,18355.83,Hyderabad,Food,2026-03-21 04:00:16,1
a2bbc375-5d45-4adf-a063-383f764d62ee,122,22918.35,Pune,Utilities,2026-03-21 04:06:03,1
c731a91a-fdbd-41af-870b-5f7cf6930912,122,13952.22,Delhi,Travel,2026-03-21 04:08:46,1
72586437-f2fb-4b31-afe5-a77901dd95e7,122,674.03,Bangalore,Utilities,2026-03-21 04:15:08,1
0ef21853-5659-497f-a0a3-a6c3ddb98d5b,122,2256.72,Bangalore,Clothing,2026-03-21 04:25:55,1
75c5a2c6-2859-498f-8bd1-6f4936994369,122,26574.5,Bangalore,Utilities,2026-03-21 04:32:46,1
39cb20e8-0fe6-4ed6-9980-29bbf87e970e,339,4915.98,Chennai,Food,2026-03-21 07:31:31,0
ad099361-776f-4ad6-b70e-6207d562ab4a,228,9241.83,Bangalore,Food,2026-03-21 08:07:07,0
9e32f085-b24f-42b9-8a08-41de3360d115,248,1782.03,Delhi,Food,2026-03-21 08:24:37,0
17708ecd-7339-4867-b5aa-e8b8f7c8d75b,177,2155.38,Pune,Food,2026-03-21 08:59:08,0
0e63aaa7-a377-4146-a2b1-f74f45aae845,348,10562.15,Kolkata,Electronics,2026-03-21 09:41:28,1
22d683b2-424d-47da-9a2f-ebff5c012cae,10,4789.03,Bangalore,Food,2026-03-21 10:17:49,0
bf9d5992-2288-4c89-ac97-08a2e7b349bb,310,4952.26,Kolkata,Utilities,2026-03-21 10:23:37,0
0ed19b4b-9eb0-4dad-8e85-eee89f63e175,487,9332.26,Pune,Groceries,2026-03-21 10:44:07,0
d1678ac0-8e89-4a97-b7f1-c35a939e51d2,259,8164.32,Mumbai,Clothing,2026-03-21 10:47:23,0
8c52d271-0a16-4e18-a90e-3e894b9c22f4,369,1456.75,Chennai,Food,2026-03-21 11:38:12,0
49b9e124-a30b-43b5-98fe-7bd2341d85cd,452,4914.26,Chennai,Food,2026-03-21 11:46:52,0
5fc5ce27-8a00-40c0-98cb-26efd72f7093,359,10792.42,Mumbai,Clothing,2026-03-21 11:55:13,0
92ebc686-609c-47ac-80f3-de91eb142767,350,150.71,Kolkata,Food,2026-03-21 11:56:51,0
ea57353c-1dc6-4cb8-89a7-102dd12f4227,406,8579.36,Hyderabad,Clothing,2026-03-21 12:08:12,0
083863e9-bab8-4244-aa27-9487470e81b5,173,26742.87,Pune,Groceries,2026-03-21 12:23:56,0
1446026f-aa4c-4d12-83a6-be545941a1f3,295,3871.89,Hyderabad,Food,2026-03-21 12:47:06,0
a2425fce-58d4-44d4-aef2-d00bc0f8931a,140,4268.27,Pune,Clothing,2026-03-21 13:05:58,0
adb14670-ad9f-400d-8882-d73c1c6345ab,387,16631.63,Hyderabad,Food,2026-03-21 14:31:38,0
e47c666a-b04d-4e79-8ff6-308a91356bfe,276,3062.81,Mumbai,Clothing,2026-03-21 14:44:39,0
36c8ce75-3bac-4559-9b5c-c4c9e457f15f,499,5116.82,Delhi,Groceries,2026-03-21 14:48:10,0
c190b72d-d17b-4c5f-9f39-9d91d511f51a,14,9125.74,Chennai,Food,2026-03-21 15:15:16,0
86992db1-8d01-4e6c-af9a-3349d1ad595b,318,5628.25,Delhi,Food,2026-03-21 15:23:28,0
3313d402-2382-4280-b443-04e90e60ec16,446,7034.78,Chennai,Food,2026-03-21 15:40:55,0
391c3290-cad9-4d49-9c13-f55280d96205,255,7992.34,Mumbai,Groceries,2026-03-21 16:04:00,0
a9927ca9-149c-4ebd-9472-511a7792a78a,40,10618.1,Delhi,Food,2026-03-21 16:28:32,0
1fd6943e-ca81-4028-b364-e3a69395f587,125,5802.03,Bangalore,Travel,2026-03-21 16:29:42,0
d3c5eaa4-4767-4dc8-a688-f9505c982e6d,170,6867.86,Jaipur,Food,2026-03-21 16:40:20,0
bad4af4d-f837-471d-b23a-b6346cd63361,256,22891.59,Hyderabad,Groceries,2026-03-21 17:07:24,1
1693cb77-3918-4686-8752-22cc1eb745d6,59,8548.58,Hyderabad,Clothing,2026-03-21 17:21:07,0
92170475-3d95-4e3f-9a52-26e69d642932,328,1419.21,Hyderabad,Groceries,2026-03-21 17:34:01,0
e51d86f2-856c-4f86-a370-c9e97ab09e1b,177,3917.24,Pune,Food,2026-03-21 17:41:01,0
f02645a4-a83e-44c0-89b0-088ab969150e,168,6910.35,Chennai,Clothing,2026-03-21 18:01:47,0
1e85d0fe-cf3c-4565-90ea-e82376f7bd95,334,10597.61,Chennai,Clothing,2026-03-21 18:36:51,0
2e821934-72cc-4729-aa58-2b559b23765a,112,495.52,Jaipur,Food,2026-03-21 19:01:22,0
f99ab51a-8fba-408f-999f-c8bc0c0b778d,347,6289.68,Hyderabad,Food,2026-03-21 19:20:26,0
88e61f32-f01f-433c-bdab-0afadbc7945d,372,5187.84,Mumbai,Travel,2026-03-21 19:48:03,0
31d61141-e17c-4e4d-82e8-17f799d4a4d4,14,3179.99,Chennai,Food,2026-03-21 19:49:24,0
1a6275f5-cf59-4b8e-8860-22c4b4da9f04,127,6183.75,Kolkata,Food,2026-03-21 20:07:55,0
a0b8bf86-735f-49a1-a8fa-79fa029aaa9d,468,9466.46,Bangalore,Food,2026-03-21 20:32:13,0
95c51842-13ec-4f02-8ccb-d2144fc6f16f,321,670.68,Delhi,Travel,2026-03-21 20:32:53,0
09fb7b06-a10b-44df-9819-c08493f4c33e,20,10895.66,Hyderabad,Groceries,2026-03-21 20:44:42,0
58af393c-8aa2-44c9-bba5-bd76061efb95,379,4482.46,Kolkata,Food,2026-03-21 20:49:12,0
87e62a56-3176-409e-8387-2f7da7b7d0fd,496,1074.62,Mumbai,Clothing,2026-03-21 21:14:00,0
df547e50-7cea-4045-8268-283ee32f2e63,174,7833.06,Chennai,Groceries,2026-03-21 21:43:54,0
0f56816f-ff14-4eba-a7eb-7195e35e232c,449,3032.73,Mumbai,Food,2026-03-21 21:49:12,0
34da1f50-b1a7-4e09-861a-1396716728ee,464,2472.98,Pune,Groceries,2026-03-21 22:10:42,0
e272e218-b471-4f2a-b718-8d41305e9f5b,242,6521.17,Mumbai,Food,2026-03-21 22:21:32,0
5f90fc87-2edc-417e-9df0-5d184e2d6255,235,8115.71,Mumbai,Groceries,2026-03-21 22:39:37,0
94b6ed00-fd6e-43f4-85ca-aa31ad329e33,33,18223.82,Kolkata,Utilities,2026-03-21 22:47:32,1
8d73e3f8-54f9-4b39-9077-5ab451a5d268,339,8652.82,Chennai,Food,2026-03-21 22:57:15,0
c54f447e-c94e-42f0-be06-8b4e7f63abb8,484,5278.15,Pune,Clothing,2026-03-22 00:31:06,0
47a2b724-2d72-48dc-9610-ded7dd5291df,44,7119.45,Mumbai,Electronics,2026-03-22 01:06:21,1
d22faeab-487c-4044-8cf8-8429d25e434c,226,6525.45,Bangalore,Utilities,2026-03-22 01:07:05,1
2fe61a89-d059-4594-bc08-a96026c451fd,450,27689.94,Bangalore,Clothing,2026-03-22 02:37:24,0
d0239d57-fff8-4bee-8200-d1705c6d7c7b,325,55060.7,Kolkata,Electronics,2026-03-22 05:09:47,1
f709a3eb-4a3d-40e3-9b91-cb54d5843f4b,283,2401.29,Chennai,Food,2026-03-22 05:40:11,1
d66f3fff-a93f-47ec-8ee4-3f7fd7680657,233,8097.77,Mumbai,Groceries,2026-03-22 05:57:59,0
41be7687-c3e1-446d-8e07-e674cddc9ca1,372,1795.64,Bangalore,Groceries,2026-03-22 07:48:58,0
a8234f22-3cc7-4259-9f8c-f4d20bed20bf,239,8614.82,Mumbai,Groceries,2026-03-22 08:08:30,0
ee2c92b2-d9b9-4b79-9bf2-e8db7f7eb2ed,65,1618.21,Pune,Food,2026-03-22 08:17:59,0
c9a62c37-3507-4c5d-8b62-f5b693423b4f,1,10731.87,Mumbai,Groceries,2026-03-22 08:18:27,0
4eadfa0f-2a61-4e80-bcd5-f6c12c91bf45,456,11496.95,Delhi,Clothing,2026-03-22 08:34:45,0
7c9df1a9-a3d0-409d-bac3-eb480d5f6b72,384,11955.34,Pune,Groceries,2026-03-22 09:01:13,0
71d4ee82-cb80-4b67-a9f2-7642d519745c,277,11109.12,Mumbai,Clothing,2026-03-22 09:42:40,0
b8dc6390-8127-4b86-92ea-789013974770,118,3042.97,Chennai,Electronics,2026-03-22 09:52:50,0
cb6ee774-93a2-414b-85f7-eef8e004c471,54,5696.76,Mumbai,Clothing,2026-03-22 10:10:47,0
c44fc2a8-5a4a-46ae-a987-cfb255525e11,400,11622.24,Delhi,Clothing,2026-03-22 10:38:34,0
da3ce8a9-7f59-4bc4-a9f8-6b67057e06ab,411,11913.92,Bangalore,Clothing,2026-03-22 10:47:21,0
ff26cb58-5656-411d-965c-978aec83c4d7,97,11652.28,Delhi,Clothing,2026-03-22 11:29:39,0
07438e60-cd49-41c9-a982-4369ebb10253,413,5238.39,Jaipur,Groceries,2026-03-22 11:36:11,0
a3cc77c1-c4b6-4e47-aa09-70c6907e5f2d,351,2739.86,Kolkata,Food,2026-03-22 12:02:15,0
18a73d94-a13e-466d-96c6-d99779fe7ccc,458,8674.67,Bangalore,Food,2026-03-22 12:16:35,0
c55852ee-4653-42c7-aee6-3b65efbeb0f5,260,10167.73,Chennai,Groceries,2026-03-22 12:50:21,0
ff9e1f08-f9cc-4915-8284-d2f578ec798b,7,2471.4,Mumbai,Food,2026-03-22 13:21:47,0
ce8c9c65-ca1c-4593-8a55-0b84345abbc9,313,1201.12,Chennai,Food,2026-03-22 13:31:18,0
bda3c162-3a78-464a-9d86-80cbb90800f3,296,5516.85,Delhi,Utilities,2026-03-22 15:54:36,0
55aae8af-0faa-47e5-b26c-d3817804249e,344,5045.83,Mumbai,Food,2026-03-22 15:59:40,0
9ae14459-0639-4f91-81eb-c7596d13f398,383,8471.35,Bangalore,Groceries,2026-03-22 16:07:55,0
fdf6a579-86b3-4688-a1fe-4bdef6285e40,75,2458.81,Mumbai,Food,2026-03-22 17:27:33,0
c65934a8-8208-4899-8ac8-1be9e724aae0,472,10775.56,Chennai,Food,2026-03-22 17:34:59,0
11740357-8546-4426-af12-0b9ef4fd25b7,27,7976.49,Chennai,Groceries,2026-03-22 17:35:22,0
a4ec1371-300d-402b-87b4-ea3d0546085f,329,9137.91,Jaipur,Clothing,2026-03-22 17:36:30,0
69b7aabc-06b0-4b2f-93e7-7ff9ab3395f8,382,2772.81,Delhi,Food,2026-03-22 18:18:26,0
4c51669b-8485-4c6c-b5aa-369488e0e367,4,31111.53,Pune,Food,2026-03-22 18:21:45,0
83d9d707-799d-4357-8c74-ac32c8c4621c,487,20112.64,Pune,Travel,2026-03-22 18:24:36,1
245b6ac3-093e-44f8-823f-5d87a9820e2d,459,6787.32,Pune,Clothing,2026-03-22 18:29:17,0
a34b21df-178d-45e6-b170-78c5d7940fda,292,1598.91,Bangalore,Food,2026-03-22 18:56:59,0
8e9cfa94-37ae-4a19-a807-299ad6a36876,379,1927.41,Chennai,Clothing,2026-03-22 19:02:10,0
616cab19-7da8-47d7-9e56-2c4882945e38,436,1726.94,Delhi,Clothing,2026-03-22 19:04:49,0
f12437db-99ca-4469-951b-a8abdc21ed63,175,35946.96,Hyderabad,Electronics,2026-03-22 19:05:25,1
6b4203f7-d2cd-4f44-94ed-228b65773498,471,4165.63,Pune,Clothing,2026-03-22 19:10:54,0
c9d1504b-82ca-43de-9d9e-fc3903d2c22a,477,1340.78,Hyderabad,Food,2026-03-22 19:44:07,0
56ba4154-9673-4276-8140-3584fdab152c,263,5974.14,Kolkata,Groceries,2026-03-22 19:50:31,0
a691c0e6-1600-43cf-bf0e-3075aa68a301,4,3928.91,Chennai,Food,2026-03-22 20:53:27,0
fabd2daa-6a40-4746-a86d-d87983052fec,405,25776.37,Chennai,Groceries,2026-03-22 21:02:04,0
bc511628-0f57-428f-91f4-aaf714247666,17,10993.86,Pune,Clothing,2026-03-22 21:02:16,0
718fc456-beac-4657-a678-b006b8632715,176,9345.63,Pune,Groceries,2026-03-22 22:02:45,0
e156df17-22b6-495e-8a14-b309c173d1d9,283,11801.31,Chennai,Clothing,2026-03-22 22:15:07,0
b324ffc8-23d9-4acc-881d-7ecff286e414,75,2658.52,Mumbai,Food,2026-03-22 22:20:00,0
098f4aeb-bedd-4a60-ae8f-ecb2dd1ff71a,232,2551.11,Bangalore,Travel,2026-03-22 22:25:29,0
9ec752db-0545-4e30-b684-5352946162df,483,3459.64,Hyderabad,Travel,2026-03-22 23:24:01,1
622a031d-3a34-4202-9412-575707a5f9b0,426,11486.09,Kolkata,Food,2026-03-23 00:16:54,0
bac2b1e1-4125-44e2-9894-8127b76091df,403,122.38,Kolkata,Clothing,2026-03-23 01:16:25,0
c96782fb-c417-4ebd-820c-be742e07a11f,246,2692.33,Chennai,Groceries,2026-03-23 01:17:57,0
a5310be0-f391-4a36-88a4-36ae83a2a06f,413,5529.43,Jaipur,Groceries,2026-03-23 06:38:17,0
01385fb4-33d9-4cad-9042-870ba1abc173,350,5723.8,Kolkata,Food,2026-03-23 07:46:50,0
3e59034b-c1da-4b7d-adb2-094bbce7e298,262,6090.7,Delhi,Clothing,2026-03-23 08:14:01,0
14879081-3e4e-4a4f-9339-f70e8911fd14,78,59858.56,Chennai,Groceries,2026-03-23 08:28:06,1
f310d097-5afb-4dd8-8509-d4f813770b12,466,24464.76,Pune,Groceries,2026-03-23 08:39:30,0
0b3312c9-69ff-4a6a-bd9d-f8462dace859,213,5486.72,Pune,Groceries,2026-03-23 08:59:10,0
91ea8f49-37ea-46ee-9cd9-9a8e18484650,44,8425.22,Mumbai,Clothing,2026-03-23 09:10:38,0
65e73f5b-0858-48f4-a5a9-65a3ac8e0f04,328,10803.53,Hyderabad,Food,2026-03-23 09:31:51,0
31ca528c-2208-4d01-b41c-7c7d0319f369,375,1792.31,Mumbai,Food,2026-03-23 09:39:24,0
1ac33967-4699-4fc2-bde5-0d45cb00ebbf,125,5797.58,Bangalore,Food,2026-03-23 09:54:41,0
41e43181-22ec-4704-850a-2bd4d690d790,417,5486.64,Chennai,Groceries,2026-03-23 10:02:59,0
fadde398-c09e-413e-8c02-ae535cadf1a9,499,11802.47,Jaipur,Food,2026-03-23 10:19:08,0
808fbfa1-bcc5-4c88-9d66-d6f0a6a70b93,484,5358.83,Pune,Clothing,2026-03-23 10:22:00,0
52251292-9152-4a10-9fe6-f0f7d880be2a,454,9680.01,Kolkata,Food,2026-03-23 10:24:56,0
b91c6d9d-cf41-47ca-9ce6-15220632718e,370,8879.12,Bangalore,Clothing,2026-03-23 10:43:17,0
b9a309d4-397c-489c-88b4-a83962c04528,292,8637.65,Bangalore,Clothing,2026-03-23 11:43:53,0
0fa1659f-026f-45f6-99ce-a0c3c2b2547d,56,3588.19,Kolkata,Food,2026-03-23 12:04:21,0
55520712-af92-4f22-9d24-67e20191d19d,413,7723.36,Jaipur,Groceries,2026-03-23 12:50:04,0
2d25c3f3-ed06-4df6-8c26-35c6dc69bc4e,498,1183.83,Delhi,Groceries,2026-03-23 12:51:58,0
a72cfa01-d46c-4b72-a786-367ffc58c53f,166,3411.89,Hyderabad,Food,2026-03-23 12:53:31,0
5104da0c-e650-4af4-9925-9a4bac0798c7,228,3839.41,Bangalore,Food,2026-03-23 12:54:12,0
4fd7ecd2-761b-4e02-b534-2b645a3f3952,2,281.18,Bangalore,Food,2026-03-23 12:59:18,0
5a18e2a3-0e61-4bcd-9767-490046510367,330,3946.18,Mumbai,Food,2026-03-23 13:09:28,0
eeb74413-454f-4fbf-b790-07527bfdec74,150,7217.76,Chennai,Food,2026-03-23 13:11:56,0
2c6a6e9a-3280-47a1-8187-222b257d5e52,262,6168.43,Chennai,Clothing,2026-03-23 13:22:46,0
0eb2858f-9347-4486-aa44-da8817f85f5b,157,11374.71,Bangalore,Clothing,2026-03-23 13:54:05,0
1df68c32-0c6a-452f-ac9e-3a96c97d048e,29,1110.56,Mumbai,Clothing,2026-03-23 13:59:44,0
0e51bc13-095b-4295-8460-e457b6be0683,490,5816.03,Jaipur,Clothing,2026-03-23 14:11:12,0
1249d147-9796-44b1-8406-19f748c06613,195,1541.11,Hyderabad,Groceries,2026-03-23 14:22:32,0
28a9b672-d08a-4854-bc02-337672ab4599,404,6893.28,Mumbai,Food,2026-03-23 14:24:36,0
6a1e0bf7-44ca-4b85-8b08-621f5af6fafe,64,7305.48,Jaipur,Food,2026-03-23 14:34:19,0
3d0b950b-8793-4fe4-8f14-8ea5d99567be,298,9009.3,Pune,Food,2026-03-23 14:55:21,0
3160c612-5ae9-48bb-af34-623bf64e12e2,134,7259.69,Pune,Groceries,2026-03-23 14:58:14,0
44dc20b2-1690-49a9-a037-e207b8d8bda1,207,9675.84,Jaipur,Clothing,2026-03-23 15:02:51,0
e6d846ca-8802-43db-b0ab-a0a6ed0f6e84,330,7362.92,Mumbai,Food,2026-03-23 15:05:17,0
6ecca931-ef70-4d01-8da0-3d880c6f3051,24,7106.85,Kolkata,Clothing,2026-03-23 15:29:42,0
c7a69982-84ad-436e-a7b3-a154e67ae19a,369,8200.87,Chennai,Clothing,2026-03-23 15:30:44,0
c31b7f00-16ca-4a17-b38d-eb87cc8f284b,473,9491.97,Bangalore,Clothing,2026-03-23 15:32:41,0
066ab31e-85d4-48ce-9a87-aebf946b6e10,424,8559.0,Mumbai,Clothing,2026-03-23 15:34:31,0
5b6ededf-445a-4dce-a0a7-f916c7298c4e,299,10485.27,Hyderabad,Clothing,2026-03-23 16:03:55,0
2dc86df8-c916-4eb7-9c96-8b9b5d679515,133,9704.79,Mumbai,Clothing,2026-03-23 16:23:49,0
1c11d8ea-3644-4af7-b089-abfbf26a2ccf,178,6355.81,Kolkata,Groceries,2026-03-23 16:30:23,0
d83232c3-f2e6-4479-80c8-c6f2ff2dea4b,158,8248.41,Mumbai,Food,2026-03-23 16:42:33,0
f94c9458-9aff-4adc-b754-cdfc42cc32f8,298,2929.38,Pune,Groceries,2026-03-23 16:54:28,0
4fa6897e-b96f-4266-bd77-546ea3b44efe,263,567.56,Kolkata,Groceries,2026-03-23 17:43:39,0
065f39b5-396d-4717-9651-1a10d9a035a8,377,963.56,Hyderabad,Food,2026-03-23 17:58:24,0
1c24f102-59e5-4402-be28-95ad8f20d2d1,139,4209.78,Pune,Food,2026-03-23 18:00:15,0
35cb8d41-522a-4725-b407-c3d7f89c03fd,450,7374.42,Pune,Clothing,2026-03-23 18:07:13,0
769aff7e-a937-44c7-a538-2d43f5cd3fcb,480,1641.12,Chennai,Groceries,2026-03-23 18:29:03,0
a49978b8-4b61-4af2-bb97-7d1c0d6d20ef,199,1975.4,Jaipur,Groceries,2026-03-23 19:18:37,1
9cd03af7-0a45-4935-93ea-3f0f0a44b9ff,25,8410.98,Pune,Groceries,2026-03-23 20:05:31,0
a073cd4e-1920-44bd-911a-3a4632f35ab4,457,9104.96,Delhi,Food,2026-03-23 20:18:06,0
f584be73-0c85-4238-8746-9fb733c32015,85,7456.39,Chennai,Groceries,2026-03-23 20:45:09,0
1133ded4-81e6-4c4c-945b-19baf3b81fe4,292,10095.73,Pune,Groceries,2026-03-23 20:50:33,0
436390ca-0b26-4aaa-9da8-bae781e0d564,348,2810.38,Kolkata,Groceries,2026-03-23 21:06:30,0
fd72c77d-562d-4c19-85d2-067ed738177c,222,7328.08,Chennai,Groceries,2026-03-23 21:54:58,0
ab23e531-9655-4748-9fb6-399371e73672,288,215.52,Mumbai,Clothing,2026-03-23 22:05:44,0
6263307c-b978-4c4b-89aa-55709be950c7,494,16821.77,Pune,Groceries,2026-03-23 22:38:27,0
558dfdfa-2e46-47f1-944b-c90955dc22ed,290,6264.68,Hyderabad,Food,2026-03-23 22:43:47,0
8787e7ab-f6e4-4520-8a13-beecf656b6eb,307,5973.17,Delhi,Electronics,2026-03-23 22:47:11,0
0387bdbd-042a-411f-aed9-2268f53fba13,206,30188.55,Mumbai,Groceries,2026-03-23 22:49:51,0
a9bc4a95-6799-4400-9258-eb33902ddf0d,479,11575.34,Pune,Groceries,2026-03-23 23:52:20,0
7f6a889c-d852-4f07-91b3-572ff99363a7,237,4222.12,Chennai,Food,2026-03-24 00:22:41,0
a75d8eb1-1b3a-4c16-8662-00a15079d01b,246,6841.64,Chennai,Travel,2026-03-24 02:01:57,0
6d4cbce2-bf98-4b28-a9b9-0a4ed685cd6f,49,3035.83,Chennai,Food,2026-03-24 03:11:15,0
09397a99-b2e2-4b9c-996f-8d491f19ba4f,54,11565.47,Kolkata,Clothing,2026-03-24 04:44:55,0
3af4e2dc-62bc-4502-a00a-ca3c9f9e4579,119,15717.99,Delhi,Entertainment,2026-03-24 07:46:47,1
4b02cd01-2017-4988-8bfc-fba0a40566ac,347,18133.83,Hyderabad,Food,2026-03-24 08:48:51,0
a1bd1f31-bfa5-4e52-b9f6-9c25babe8c1a,237,3675.47,Chennai,Clothing,2026-03-24 09:05:13,0
6110d606-b5a0-4fcc-91df-e76bdbdea7b4,106,11330.36,Hyderabad,Food,2026-03-24 09:15:04,0
32952805-7a2e-4795-b9b0-d82b2f5704e0,398,8887.38,Chennai,Food,2026-03-24 09:41:05,0
264b4c81-a2e0-4852-b2bd-445204bfbe6a,111,7346.85,Delhi,Groceries,2026-03-24 09:42:38,0
57c4fc60-1075-45ed-9c23-6b9a60191917,279,5103.53,Hyderabad,Food,2026-03-24 09:42:41,0
62588ce9-f7ae-4de8-8a11-9bac8df21ad5,491,6462.05,Jaipur,Food,2026-03-24 09:53:29,0
84308e0c-3fe6-44f4-a867-0d3b1c5f3cba,27,7598.86,Chennai,Groceries,2026-03-24 10:00:25,0
73290262-078b-49da-8ba7-1aac186a2bc2,44,10033.23,Mumbai,Clothing,2026-03-24 10:47:28,0
441999b6-15d1-42f8-abd7-d03881492b7a,79,9848.01,Jaipur,Clothing,2026-03-24 11:28:26,0
ff46a6bf-094d-416d-ab6d-2fedef158d5b,147,9247.83,Jaipur,Groceries,2026-03-24 11:34:47,0
6090103c-1e8d-48ad-838b-77adbc2e2b59,361,7101.79,Bangalore,Groceries,2026-03-24 11:49:46,0
822ab84d-7260-491c-85b4-a734b736c7e2,101,3412.18,Pune,Electronics,2026-03-24 11:54:21,0
93b4d121-54ee-44d6-8416-1ef48511d83c,286,7073.93,Hyderabad,Food,2026-03-24 11:59:04,0
2c96c85c-8438-4672-aab0-a8261fa5c025,437,38505.82,Hyderabad,Utilities,2026-03-24 12:42:32,1
a8acd847-933e-4e5f-a55b-8e54c0a2303c,26,1961.05,Pune,Groceries,2026-03-24 12:56:52,0
613f50db-e5aa-4c5a-bbe7-52062ce62f9f,177,10246.06,Hyderabad,Food,2026-03-24 13:24:55,0
bea83e9f-a911-4d6d-8d58-6ee200231f70,219,1409.65,Pune,Food,2026-03-24 13:45:26,0
3020d03f-5a69-42c6-a3a3-559234efa156,76,10438.73,Chennai,Electronics,2026-03-24 14:24:42,0
642e6bcf-c346-402a-97cb-1b968d66796b,245,10420.38,Hyderabad,Clothing,2026-03-24 14:26:59,0
199d32d8-f02b-465f-91cb-ee5ab26c73c3,245,3534.0,Jaipur,Clothing,2026-03-24 15:35:39,0
c992cf45-844b-4c08-91cb-3004c2ffb511,361,11408.04,Pune,Groceries,2026-03-24 15:41:28,0
f884f2a7-fd55-415a-bab5-9d8ff917a8b2,352,11951.85,Mumbai,Food,2026-03-24 15:45:08,0
462ade7e-cfa9-486e-9ead-0e249689e6b0,42,3735.5,Kolkata,Groceries,2026-03-24 16:05:20,0
0d139b18-31a9-4467-bfaf-4b307706a713,348,14580.27,Mumbai,Electronics,2026-03-24 16:06:36,1
6e00d063-ed0a-44fa-9783-f6b5009e9ed2,346,5731.59,Mumbai,Food,2026-03-24 16:10:27,0
16d50b84-661f-4117-9d92-6cbfc5583a17,411,9597.95,Bangalore,Clothing,2026-03-24 16:38:24,0
fae48458-3391-4ad4-809f-f7866db03f7d,496,2865.73,Delhi,Food,2026-03-24 17:09:42,0
0453ab6d-fe9d-41c3-85e9-8866bbbbdbd1,282,3846.86,Kolkata,Food,2026-03-24 17:20:53,0
83214b14-5592-4cd5-ba3f-4573f16a1857,409,3435.94,Delhi,Clothing,2026-03-24 17:25:08,0
387e1146-5421-46b7-b7ec-649a3964ef48,93,10941.41,Mumbai,Clothing,2026-03-24 17:29:05,0
cfb29b54-8809-467e-b250-3b0f364f2995,464,8197.15,Bangalore,Groceries,2026-03-24 17:31:51,0
3765ee91-1586-48d9-8046-c19501c0418c,60,7839.88,Mumbai,Groceries,2026-03-24 17:58:38,0
675ef67d-d8c6-4329-ba49-c5a7b2e28ddf,59,7619.43,Hyderabad,Groceries,2026-03-24 18:04:25,0
b54a5547-0d20-4dd9-aaf0-e7c56b6e4373,181,27309.59,Pune,Utilities,2026-03-24 18:05:16,1
4d3129b3-e187-4e93-b281-f976c680a2e5,229,6578.66,Bangalore,Groceries,2026-03-24 18:28:44,0
0e76b505-328f-4911-9314-66dfee3f157d,3,9874.0,Hyderabad,Food,2026-03-24 18:43:35,0
14fc3a5d-9b4b-4377-a542-deb92cff45f8,114,10097.31,Hyderabad,Groceries,2026-03-24 19:21:56,0
00456415-ca69-4624-bd07-dc1e5404a79e,322,1238.97,Pune,Food,2026-03-24 19:22:49,0
ca862225-0b36-4356-b39b-77a84b1f0d7b,174,9371.8,Chennai,Electronics,2026-03-24 19:30:40,0
00a53ee7-3fc3-4d4c-b6ae-71ce2591855b,145,9220.34,Pune,Clothing,2026-03-24 19:39:31,0
133606a0-b03c-4b07-8493-192bcb1db4d4,108,22947.0,Bangalore,Food,2026-03-24 20:02:04,1
42bed5a9-6d41-4490-881f-811c98ed5aee,156,241.22,Chennai,Food,2026-03-24 20:21:10,0
ade1c273-45dc-4be3-b997-f6ec8f24fdd2,164,27770.52,Mumbai,Clothing,2026-03-24 20:23:15,0
1b4aa8ae-7de7-4713-b7fd-82831ee5abec,90,1329.12,Chennai,Clothing,2026-03-24 21:29:53,0
41dc1c60-a5f6-4735-b57b-6b29bb2aa146,233,5977.56,Mumbai,Groceries,2026-03-24 21:32:29,0
cf11be94-02a6-427c-8d16-192b515b1487,227,10220.27,Kolkata,Food,2026-03-24 21:46:05,0
4f11d8dc-5cd3-4369-84aa-c1b75ca0c428,193,9776.9,Mumbai,Groceries,2026-03-24 21:47:43,0
55458db7-cb8a-4604-b461-fd48b62bc40d,383,28871.28,Chennai,Food,2026-03-24 21:48:15,0
09040b35-9b83-4f5f-abd3-56693f6ed190,152,3201.55,Mumbai,Food,2026-03-24 21:50:39,0
b9ece7d3-9d4e-4fb0-ba3a-216d8ab3e611,55,734.65,Delhi,Clothing,2026-03-24 22:19:25,0
ae0e289b-6c72-4915-952a-85c86579dc22,228,3512.55,Bangalore,Food,2026-03-24 22:41:02,0
040dfc96-999f-4278-a808-060415b496bd,106,1020.13,Hyderabad,Utilities,2026-03-25 00:12:25,1
876de8c5-440c-4e5b-9def-57b4d2da43ec,107,10688.23,Kolkata,Groceries,2026-03-25 00:23:35,0
236959aa-39ac-4bf4-bcf5-8d8e759d360a,20,6724.28,Chennai,Groceries,2026-03-25 00:41:37,0
700fa7ac-ed6d-4ec9-88bf-be4a6c803a41,206,727.82,Bangalore,Groceries,2026-03-25 02:11:04,0
5a332b7d-1c54-4db8-b1dd-fdbb80cf9dc7,439,3043.61,Delhi,Groceries,2026-03-25 02:29:38,0
edad586b-44bf-4e4a-8d83-689fd73ad9bc,52,1034.72,Hyderabad,Food,2026-03-25 03:03:32,1
57162941-314f-4d03-9a4a-81117ab32583,196,7342.76,Jaipur,Clothing,2026-03-25 04:52:31,1
7c461e97-7ad9-4d9e-adbc-e0f4c79cc7e0,434,34652.35,Pune,Clothing,2026-03-25 05:14:25,0
3a5c532e-df34-4a20-8650-a8d4667d3564,342,41469.75,Pune,Travel,2026-03-25 05:36:46,1
acaf08fb-4cc6-44d9-8e52-f6b3339a34cb,144,1870.68,Hyderabad,Clothing,2026-03-25 06:43:11,0
110388e5-dd41-460b-9a2e-35480c14c995,324,1647.63,Chennai,Utilities,2026-03-25 07:38:47,0
28ecdbfa-78da-4864-83ad-d52cfe7d3906,27,6093.53,Jaipur,Groceries,2026-03-25 07:48:33,0
fa3680b5-bad8-49e9-b696-69eebdb31ff5,410,1930.97,Hyderabad,Food,2026-03-25 08:05:35,0
bb02e930-e426-4ae1-859b-7de8d09d1263,16,11363.4,Chennai,Clothing,2026-03-25 08:31:47,0
8758c128-8c0f-41c9-ab09-574651b0c9f1,489,10963.7,Pune,Groceries,2026-03-25 08:43:37,0
73d92ace-b746-4b72-9d00-df1ba83c1c2b,106,11409.23,Hyderabad,Clothing,2026-03-25 08:52:14,0
d53ae164-4c71-40d5-bf4d-493dbc57003e,309,9263.2,Hyderabad,Clothing,2026-03-25 09:02:24,0
3ccff6eb-4c22-42f3-8811-e562a91cf192,221,10688.06,Mumbai,Food,2026-03-25 09:21:13,0
e5c013c2-aed5-4608-b7c9-2e13cbd4b8db,464,4194.22,Pune,Groceries,2026-03-25 09:39:56,0
85c65764-21ee-4a3d-a733-c344e7f8daa8,480,2817.25,Chennai,Groceries,2026-03-25 10:02:38,0
0ca09c81-8f98-4207-a50e-754784221d34,216,10076.22,Hyderabad,Food,2026-03-25 10:06:31,0
fcfd8547-abdc-40da-be0b-bddd38f95001,365,10240.34,Hyderabad,Travel,2026-03-25 10:10:12,0
ae6af388-1108-4e17-8b16-a65d8f3f329b,297,9156.91,Jaipur,Food,2026-03-25 10:24:25,0
e5f495dc-ed84-419a-9a3b-4bdfaab87f0f,274,14799.21,Chennai,Electronics,2026-03-25 10:35:13,1
1f7b1b5a-133b-4bed-8a78-f144da0f9782,341,10940.17,Bangalore,Groceries,2026-03-25 10:49:25,0
70d230e3-e216-4ec3-b15f-3a2edcbfd53e,444,4951.91,Hyderabad,Food,2026-03-25 10:59:26,0
a7caebd8-2007-470f-96d9-a8de00d87679,105,20921.06,Mumbai,Food,2026-03-25 11:15:34,0
3ee1d728-e990-4a64-ac78-3741696b6093,68,2131.76,Kolkata,Groceries,2026-03-25 12:06:44,0
bcd5297f-29d6-412c-9d0b-1f09fdcc2ebb,127,7467.24,Delhi,Food,2026-03-25 13:15:46,0
2bf0f535-d2f5-47bc-94c4-c8baa5588005,179,34498.8,Pune,Clothing,2026-03-25 14:03:08,0
b8a7cf81-de22-495d-bad4-f2040d0147b0,164,9381.04,Mumbai,Clothing,2026-03-25 14:43:43,0
a9eb9cc0-7224-47be-86c7-08c1635f220d,402,1205.8,Chennai,Groceries,2026-03-25 15:28:52,0
0bb401e7-69f7-43f1-901b-a8515ee68495,274,3212.58,Delhi,Groceries,2026-03-25 15:29:06,0
3c80666f-c2a3-4c89-b8f0-75adc3370882,489,11181.52,Pune,Groceries,2026-03-25 15:43:40,0
dc7ff95c-669f-4676-a286-a2dc6edaa280,226,11055.44,Bangalore,Groceries,2026-03-25 15:48:52,0
1ccec1ef-16ef-4cdf-9375-ee61ec94503e,203,6777.89,Mumbai,Groceries,2026-03-25 16:15:15,0
231b0c86-e97c-4ea5-b41c-2d1014150ad9,150,10726.44,Chennai,Food,2026-03-25 16:32:06,0
f610f40d-69fe-490f-b90f-b6e4e15052f3,75,11013.63,Mumbai,Food,2026-03-25 16:34:46,0
14b45e73-8a99-4838-ac11-381e4364f3e8,81,24284.03,Jaipur,Food,2026-03-25 16:39:43,0
27f38c77-e17e-42cf-bb2b-c475a525c6d1,118,1694.06,Bangalore,Groceries,2026-03-25 16:43:53,0
ac5200b5-029c-4bda-b37b-574e323f9bb2,143,1666.98,Chennai,Clothing,2026-03-25 16:47:07,0
0c7c5d57-798f-45eb-824c-f38a6044abd0,313,9133.2,Chennai,Clothing,2026-03-25 16:55:23,0
35948d20-83f0-4495-ab6b-1d5ea6fa7907,146,9246.25,Kolkata,Clothing,2026-03-25 17:06:44,0
9749d2b0-b1ad-482a-905c-c78d354f184e,285,3695.21,Jaipur,Food,2026-03-25 17:26:15,0
df7311c9-4533-4b06-8f8c-206f51633446,334,2774.05,Chennai,Clothing,2026-03-25 17:39:44,0
6ea61155-fbde-4e54-a280-6750f3b99598,43,9735.68,Chennai,Clothing,2026-03-25 17:52:57,0
0ab079c9-b9f4-414e-9cd0-359f1a406446,203,9822.19,Mumbai,Food,2026-03-25 17:54:18,0
e79940fc-b565-46bb-80d3-4b0b2f09dae6,343,11312.58,Pune,Food,2026-03-25 18:26:13,0
f70c276c-7afd-44ce-8931-a16ab25b9a6d,254,1227.63,Kolkata,Food,2026-03-25 19:33:51,0
0e165b12-9bdc-40d1-9cbf-7b8c74102d5d,325,886.77,Kolkata,Groceries,2026-03-25 19:54:15,0
1e46ecdc-bd76-4a7d-8849-7cca034a0aab,198,5639.13,Mumbai,Food,2026-03-25 20:04:18,0
78c4c27f-f66a-415b-a063-cb327bd6b0b5,181,4137.56,Jaipur,Clothing,2026-03-25 20:08:17,0
53dc4fae-d3a7-4b83-97d0-2f8faffdd43b,366,10178.83,Bangalore,Food,2026-03-25 20:20:28,0
0209b07f-c8ff-4a1b-9f88-08ed4d014aad,85,20060.82,Chennai,Utilities,2026-03-25 20:46:43,1
014dd114-38f4-4961-96bd-b5611c79ac85,390,4466.8,Hyderabad,Food,2026-03-25 21:00:30,0
27704a39-a049-4507-97b0-b20d23a8dfaf,426,2888.84,Chennai,Clothing,2026-03-25 21:23:40,0
a7c854e4-0684-4c86-b8a6-040223d26b8d,488,1884.16,Mumbai,Food,2026-03-25 22:03:51,0
0a054950-1f7f-45b0-9075-b55accee6b1c,420,9060.56,Hyderabad,Food,2026-03-25 22:07:11,0
04a1dd66-bce8-4f22-af00-1605ae93b319,116,5783.35,Pune,Food,2026-03-25 22:14:01,0
7f5db163-b12b-4680-bf07-2cb92fd340c0,444,1581.25,Hyderabad,Food,2026-03-25 22:25:47,0
a7bb41f3-bc6e-4fd5-bddd-a93f36a1b4f7,51,627.3,Hyderabad,Groceries,2026-03-25 22:33:49,0
be13e321-5397-417a-aa09-e05b65981eee,123,1885.86,Kolkata,Groceries,2026-03-25 22:33:50,0
dd84b3ed-1515-4388-a334-3aac9dbabdd3,290,10663.11,Hyderabad,Food,2026-03-25 23:19:00,0
2fd505b1-d149-4965-b37b-86b2f3072cbd,317,11103.11,Pune,Food,2026-03-26 00:13:20,0
e5942c30-7458-40d6-91c0-e6c013d94ad0,350,9400.91,Kolkata,Food,2026-03-26 00:23:51,0
08676b2a-0b39-4366-b319-9ce022dba981,56,2312.56,Kolkata,Clothing,2026-03-26 00:47:23,0
28b8bcc2-e6b2-4125-9568-192f10325480,32,7461.89,Mumbai,Clothing,2026-03-26 03:23:40,0
c9a0b272-ba44-4baa-a646-af78df1846da,455,25718.21,Mumbai,Utilities,2026-03-26 04:52:56,1
7e77abdf-3283-4cda-92e9-46c95012c4ad,479,22747.82,Bangalore,Electronics,2026-03-26 05:16:01,1
5eb6c3ea-7de5-4791-91bb-468ded153a24,339,3129.81,Chennai,Food,2026-03-26 06:11:11,0
b362fb84-6eb6-41e0-8b01-c9be7d27519b,16,9119.94,Chennai,Clothing,2026-03-26 08:24:29,0
e63658c9-12d0-498d-b18d-4d05e8e22743,466,5550.71,Jaipur,Groceries,2026-03-26 08:30:54,0
b56d9e50-e056-4141-811b-96395ba93a24,205,11275.31,Hyderabad,Food,2026-03-26 08:54:37,0
ef80a189-43cb-4d06-b869-2e433fa7d954,440,4838.08,Pune,Clothing,2026-03-26 08:56:38,0
bea365ab-da3a-425e-abc0-4be63090f538,168,11154.68,Kolkata,Food,2026-03-26 08:56:54,0
ab1f5666-f52a-42c4-81fb-0bf53e8a1072,442,3791.58,Hyderabad,Food,2026-03-26 09:36:56,0
639c4c6c-2926-405d-8d53-551ab4f02f6f,438,2834.28,Jaipur,Clothing,2026-03-26 10:06:13,0
79e58450-334a-44a8-8bf3-49a3b31add22,225,5245.01,Bangalore,Groceries,2026-03-26 10:09:52,0
a1a0c5de-9501-4ff8-991f-f163d49981fc,56,8554.88,Kolkata,Food,2026-03-26 10:54:44,0
6c83a898-8723-47f4-b378-c9eebe751767,101,1078.91,Pune,Food,2026-03-26 11:55:01,0
0332df27-129b-4956-9d52-e1fc739c075d,436,11990.96,Jaipur,Clothing,2026-03-26 11:58:23,0
8c5b4514-733a-4736-9a19-1a42d58707b7,458,10010.45,Chennai,Food,2026-03-26 12:02:56,0
caad515c-12af-4aeb-891a-c2f241e4d392,212,3652.59,Mumbai,Food,2026-03-26 12:55:57,0
6d0b4f01-cf09-4990-bb5f-b4278fd1bc4e,223,9424.85,Hyderabad,Food,2026-03-26 14:22:26,0
a1827433-9522-4da1-9462-39dead87f3d7,379,9877.64,Kolkata,Groceries,2026-03-26 15:06:48,0
10e735f3-3f64-461f-91e6-2df694356b94,460,359.22,Delhi,Clothing,2026-03-26 15:35:18,0
8d28eef5-c7bb-4cf8-9def-5cc2f1015bfe,63,3077.37,Delhi,Food,2026-03-26 15:45:47,0
8b22b6ab-af41-4896-b88b-08984501ce93,295,10578.04,Hyderabad,Travel,2026-03-26 16:07:20,0
e4ff5eec-db0f-4685-93dd-ee65ca12f3d9,168,996.82,Chennai,Groceries,2026-03-26 16:35:09,0
85cd74bf-501c-43a3-b1f2-2be57d8da92b,484,21012.0,Pune,Clothing,2026-03-26 16:57:50,0
22e44299-16aa-4954-80bc-c972e9c0cd03,368,5790.52,Bangalore,Food,2026-03-26 17:03:45,0
1f042c14-2113-4c3c-a94d-8fdb30d563a3,80,9181.53,Pune,Clothing,2026-03-26 17:34:28,0
3c1fc9aa-afed-46c3-a979-05ea99defd20,127,2196.71,Kolkata,Food,2026-03-26 18:07:22,0
0b8079d7-114c-440d-a75d-b93bd4736d37,311,8531.15,Bangalore,Clothing,2026-03-26 18:33:16,0
aafe7411-bef9-4d60-9c4e-62bfcbc57540,481,18454.25,Jaipur,Electronics,2026-03-26 18:43:23,0
275d26ed-7878-4c97-a7b7-1f6e498ccd83,374,4427.6,Kolkata,Food,2026-03-26 18:56:48,0
abcec90f-70ec-441b-85d5-601651b3ccf5,267,367.52,Hyderabad,Groceries,2026-03-26 18:57:13,0
b9bcd304-39e9-4b0b-be81-f1b7e39c71a8,148,1878.13,Jaipur,Food,2026-03-26 19:07:00,0
832f9a76-648a-4fe4-b6ff-a616b99c3d2a,357,5326.59,Pune,Clothing,2026-03-26 19:10:13,0
b367a133-8a01-40db-b8a9-cf5d0d435a82,325,9040.4,Kolkata,Groceries,2026-03-26 19:58:57,0
f1437c37-d633-47dc-a8a6-ac04b889cc66,334,5265.4,Chennai,Clothing,2026-03-26 20:03:50,0
9388984a-a26f-4c48-954c-d6535a07e176,121,6213.94,Delhi,Groceries,2026-03-26 20:12:30,0
1c82780f-0e84-4070-914b-30a9f6d4461c,172,401.19,Jaipur,Food,2026-03-26 21:15:38,0
db7b69a2-c084-4255-aba3-48d95ae3b17e,296,2606.08,Delhi,Groceries,2026-03-26 21:37:31,0
a4768af1-9356-4b72-8163-1003b92c972e,169,10189.06,Delhi,Food,2026-03-26 22:03:24,0
fb9019db-595a-4d49-8070-05060f962dde,85,3798.54,Chennai,Food,2026-03-26 22:06:33,0
024adee9-3fa7-4273-9d3e-4cae75622dff,152,1796.99,Mumbai,Groceries,2026-03-26 22:23:13,0
0936312c-636d-4eba-a148-ca397859d906,235,6660.16,Pune,Groceries,2026-03-26 22:39:00,0
db59e03d-3b5d-4022-b366-bc5ee5379fd0,227,3915.96,Kolkata,Clothing,2026-03-27 01:00:04,1
cb40687e-0e62-4727-87bd-2a993fbc3946,227,2424.58,Kolkata,Groceries,2026-03-27 01:06:20,1
c374fde6-5d12-4a2f-892d-bd2337c2be05,227,18823.73,Kolkata,Utilities,2026-03-27 01:06:37,1
1ae93db3-7eb7-4d5e-95b6-ddab364bb666,227,1138.18,Kolkata,Utilities,2026-03-27 01:16:02,1
d6bbf24c-9474-4954-a9e2-43230a80a37a,227,32398.76,Jaipur,Electronics,2026-03-27 01:20:44,1
86d7bae2-aabd-48c4-8aae-c99480faadbf,227,40218.91,Kolkata,Food,2026-03-27 01:25:23,1
13e9e070-52c6-4562-8010-2dc0dfe6b589,316,2590.75,Mumbai,Clothing,2026-03-27 03:13:05,0
57db3d2d-3c77-49fc-998d-32a8fc4bf599,342,1109.98,Chennai,Electronics,2026-03-27 04:35:49,1
e7c22c8c-0ee0-4d32-9c6c-d1e535f73c12,283,43998.52,Chennai,Travel,2026-03-27 05:13:58,1
6a959ce2-3766-4e35-8dba-2cac7e85f617,250,11541.13,Pune,Food,2026-03-27 05:45:30,0
cf8b3687-a566-40bf-8bc8-1579709cfca2,83,7913.39,Kolkata,Utilities,2026-03-27 08:06:16,0
a4dc4d4e-108e-44ac-99c6-207fec814510,64,6461.07,Jaipur,Groceries,2026-03-27 09:50:44,0
5231d2a5-9f35-4a40-83e2-ecafd767a0d7,380,10561.02,Pune,Clothing,2026-03-27 10:01:31,0
df78f5e3-70c3-487f-9841-14801c546341,491,959.48,Jaipur,Food,2026-03-27 10:03:32,0
8ed8e6b6-b4fe-4eb8-bc68-8e1d3afbbe4c,125,7598.72,Bangalore,Groceries,2026-03-27 10:17:24,0
75961b93-7fb0-47b6-9b43-ae1a326acdea,8,4174.17,Mumbai,Food,2026-03-27 11:09:17,0
ef298ae3-dd63-4ce9-9d6d-54100e1bb387,186,8777.75,Kolkata,Food,2026-03-27 11:14:42,0
149bdd63-c0e3-4a61-958a-40b0c7f4e7c7,335,7319.21,Chennai,Clothing,2026-03-27 11:29:00,0
8da74495-f9ac-4e16-9770-6f7c7b32dba4,15,2232.47,Bangalore,Food,2026-03-27 11:33:20,0
7ddc44f5-deaf-4631-908a-bb5c018c0313,470,9637.28,Pune,Food,2026-03-27 11:38:55,0
fe49d6cd-ca12-4168-89bd-bd2595c7d0c2,132,2410.44,Pune,Groceries,2026-03-27 11:56:25,0
10cd81bb-007f-4bd0-a525-2940d7ecb2ab,160,2635.24,Chennai,Food,2026-03-27 12:08:06,0
9ee240d1-23f4-44ee-b6a5-e3f55e33f53b,403,7469.41,Kolkata,Clothing,2026-03-27 12:19:21,0
0f417135-d56c-45e4-a391-5adcc8096083,446,7981.41,Chennai,Food,2026-03-27 12:27:03,0
3f64e5ee-bccd-4b8c-8508-df9160aeb372,322,7187.03,Pune,Food,2026-03-27 12:42:50,0
50888c74-5456-4cc2-93b8-4f55d9dc592c,161,6893.42,Mumbai,Clothing,2026-03-27 12:47:09,0
0ac013d5-f805-40f0-8249-3a093e3b1a40,443,1443.85,Chennai,Clothing,2026-03-27 13:00:10,0
84b1e722-1d96-48d8-bf64-f03de974ae30,40,8458.41,Bangalore,Food,2026-03-27 13:03:16,0
e5712b6d-de28-42ca-bd70-241cebedb454,369,1514.06,Chennai,Clothing,2026-03-27 13:26:35,0
534d388e-7279-4c9e-b828-1e0b6b6a838e,150,9581.28,Chennai,Travel,2026-03-27 13:34:30,0
a97075cc-05e8-4f16-9de8-0e5566c9cdd4,71,9122.73,Bangalore,Clothing,2026-03-27 13:49:17,0
72d73571-d52e-4b12-a8cd-021a31f7ee6b,165,10948.23,Chennai,Food,2026-03-27 13:50:45,0
49902258-36cd-442f-892c-6b33d9af8224,258,7416.45,Mumbai,Clothing,2026-03-27 14:12:31,0
f4fe110d-1457-4b45-8130-26e33b3d70f6,16,581.18,Chennai,Clothing,2026-03-27 14:21:42,0
5e3a9b37-f080-4a88-a79a-d10e8b6c7e24,48,5264.64,Mumbai,Groceries,2026-03-27 14:52:21,0
659f86ba-11b9-456c-8b3a-2953189f6e7e,245,695.82,Hyderabad,Clothing,2026-03-27 15:50:40,0
41def028-17fd-45dc-9a28-9191e0eea964,498,40636.44,Delhi,Travel,2026-03-27 16:10:52,1
0d95aaf5-2534-41bc-a180-b78a06783c34,293,8123.5,Kolkata,Clothing,2026-03-27 16:18:56,0
eaa49083-7b4b-41ad-ac68-42b4e4238fa3,3,1916.62,Hyderabad,Food,2026-03-27 16:38:12,0
33f272b2-a6d5-4800-b450-d66c6690a17c,156,9499.94,Chennai,Groceries,2026-03-27 17:01:35,0
260e37cc-6287-4624-a433-1510ad21b4cc,490,6277.29,Delhi,Clothing,2026-03-27 17:06:27,0
c06e6481-9963-47aa-9c4e-166200684d9c,251,7078.5,Delhi,Food,2026-03-27 17:11:49,0
95517152-f060-4f3e-addd-b4ed63ed5635,486,10773.43,Bangalore,Utilities,2026-03-27 17:16:45,0
cd26a22b-9631-45d0-86f8-60a9844e21a8,439,3750.0,Delhi,Clothing,2026-03-27 17:50:18,0
94249012-c0f0-4f36-a40c-3bb9f26d37eb,3,53000.38,Hyderabad,Electronics,2026-03-27 17:51:50,1
60a444b8-4f52-4f21-a296-37607a728c7a,19,11028.99,Jaipur,Food,2026-03-27 17:54:31,0
5a2f237b-3b74-4dc3-a05b-fdf3a69528e9,99,9347.09,Mumbai,Groceries,2026-03-27 18:27:33,0
b88416d2-d28f-4f68-8871-d7b38468b74d,159,8913.83,Bangalore,Food,2026-03-27 19:08:44,0
84a8db26-0aaf-4ae7-bea4-4402570d3b38,253,8672.33,Jaipur,Food,2026-03-27 19:15:18,0
a26d3ed1-6a0c-4acd-9e49-abadca171da4,270,5566.93,Hyderabad,Clothing,2026-03-27 19:20:33,0
4a2597ae-2772-4577-bff5-9f4ebf78d7c8,163,2579.7,Kolkata,Food,2026-03-27 19:44:59,0
b5d0b595-a4f8-4e23-af39-f2ce4f75d45a,389,1034.69,Bangalore,Food,2026-03-27 20:29:36,0
f3523250-0895-4886-9b8b-a6a7259635b2,348,10901.35,Kolkata,Groceries,2026-03-27 21:31:05,0
81ab5333-62bd-4cc9-b299-e365225673de,343,5595.8,Pune,Food,2026-03-27 21:31:50,0
97469f46-2d39-41c3-a960-f20f080053ad,48,9646.42,Mumbai,Groceries,2026-03-27 22:14:16,0
9faaf465-afe1-49e3-b539-6a006722c765,331,4008.22,Pune,Food,2026-03-27 22:34:29,0
47616b03-9248-45be-a757-b8d6726631dc,136,18264.74,Jaipur,Clothing,2026-03-27 22:44:17,0
92c5d3fb-db5d-4575-827b-2f57301e5da2,498,9253.16,Delhi,Groceries,2026-03-27 22:44:48,0
88ddd3e6-13eb-4091-b6bb-f8b3038e4840,213,10622.38,Pune,Groceries,2026-03-27 22:45:49,0
6cd44902-2f1f-4181-a8ae-ac669795795d,341,1144.6,Bangalore,Groceries,2026-03-27 22:49:50,0
a67be65a-ea61-4930-abcb-4c540d919018,82,285.05,Delhi,Food,2026-03-28 01:13:33,0
f4a2544d-2f25-433d-9bc2-ae49365cb638,489,14425.14,Hyderabad,Travel,2026-03-28 02:56:44,1
329b5d2e-c122-410f-87d3-aa3eec6c72f2,286,1453.16,Hyderabad,Food,2026-03-28 03:30:12,0
45c090e9-8905-4183-8ef1-56c19d8c65d1,380,11764.68,Pune,Clothing,2026-03-28 04:33:44,0
85b56b35-050c-47c7-8e60-cb6742fe3279,192,1090.15,Delhi,Food,2026-03-28 08:05:36,0
2aaf5650-9b08-492c-a20b-0cee7d94cf7c,449,9710.77,Mumbai,Clothing,2026-03-28 08:16:18,0
e171582b-9ec7-4199-964d-ce39b047824a,22,475.06,Delhi,Food,2026-03-28 08:16:44,0
afa3153c-ebd4-45cb-a152-424b180b1a8a,157,31820.17,Bangalore,Food,2026-03-28 08:28:41,0
7dc0242f-62be-486b-8789-46719374f923,410,9395.55,Bangalore,Groceries,2026-03-28 08:52:44,0
f6da2faa-d9d1-404c-9662-2d42fa40d7af,60,7768.5,Mumbai,Groceries,2026-03-28 08:56:43,0
e806133c-f6e3-4356-a814-9562da003f16,174,9491.8,Chennai,Groceries,2026-03-28 09:21:06,0
60692251-5fe0-4321-b191-06644ab8115f,499,7953.9,Jaipur,Food,2026-03-28 09:28:24,0
74cc2d9a-4e85-4341-8c0f-06c5300a76e6,40,4211.54,Mumbai,Food,2026-03-28 09:28:57,0
8b9b9fbf-2fdd-4362-8380-186be05cc03e,135,4355.57,Mumbai,Electronics,2026-03-28 10:05:01,0
693b3938-d2cf-4f61-ada9-ee55434a54ac,311,9543.67,Hyderabad,Food,2026-03-28 10:31:26,0
9532caba-7af9-45ff-8ff1-98865a2c41bc,472,8553.72,Bangalore,Food,2026-03-28 10:32:34,0
41db7842-57d8-446b-9ac6-fff46fa88542,121,8304.57,Delhi,Groceries,2026-03-28 10:48:55,0
57311609-1375-4e90-96b3-61e43b6dca0d,200,4047.59,Mumbai,Food,2026-03-28 10:50:44,0
d9a74d36-581a-4085-8088-6f1a4efede13,117,11376.95,Hyderabad,Groceries,2026-03-28 11:17:50,0
3cc3097d-7dc1-49a6-909c-564840768b22,55,10340.69,Delhi,Groceries,2026-03-28 11:25:48,0
25dfc8fa-65c6-4c7b-9c6e-bf5aaab133ba,229,1139.79,Bangalore,Groceries,2026-03-28 11:31:20,0
8edf8ab9-a2ee-4f7c-9ed2-2a09be54356b,75,6230.91,Mumbai,Food,2026-03-28 11:46:38,0
6db6dd4c-d417-4f68-bc2f-ebce81880021,338,9598.12,Hyderabad,Clothing,2026-03-28 11:59:46,0
33c15d26-6e89-4080-b5c8-a1c7dc600884,240,6361.62,Chennai,Groceries,2026-03-28 12:02:03,0
9500caca-e829-497c-afac-a3901d707bc6,401,3483.23,Mumbai,Travel,2026-03-28 12:05:16,0
7a04d8fc-1411-4760-9801-1cfb52fd641f,284,3581.41,Mumbai,Food,2026-03-28 12:40:48,0
e8cda0cc-76da-4ca0-92e8-2f38a2a9d4d8,345,4634.2,Kolkata,Groceries,2026-03-28 13:06:43,0
7e000029-c47f-4b05-851b-5f38c0697f1d,256,18581.91,Bangalore,Clothing,2026-03-28 13:09:19,0
1c45cd81-aadb-42fc-9331-653d1b3684b4,13,11381.42,Chennai,Groceries,2026-03-28 13:37:34,0
01c72a9d-fe12-4c0d-bb1a-1f9f024516b6,149,8263.23,Mumbai,Groceries,2026-03-28 13:54:36,0
7eedcc65-22cb-4720-850c-ddfd1c3dae19,226,2252.1,Bangalore,Food,2026-03-28 14:27:13,0
aa739862-19d2-48f6-8915-8961a19c9d21,279,3938.05,Hyderabad,Food,2026-03-28 14:34:49,0
376788ab-032a-4c06-8f55-b58e061893ec,354,7159.77,Delhi,Clothing,2026-03-28 15:03:41,0
834aa891-6364-47e0-ba20-4f6da0c90906,487,7497.98,Pune,Groceries,2026-03-28 15:27:05,0
301c1059-7213-45e1-9d15-a56c8dbfe865,137,22767.36,Delhi,Clothing,2026-03-28 15:39:02,0
709f770e-db99-42c0-8fdf-03bff06cd00c,34,8587.76,Kolkata,Food,2026-03-28 15:51:04,0
1e1f86f7-95ed-422d-80d1-ff560c789409,304,11232.9,Kolkata,Clothing,2026-03-28 16:11:29,0
d27e5846-4c7f-4cd6-b032-97d2a911610c,73,3996.89,Pune,Food,2026-03-28 16:19:33,0
8d68f317-42f7-4d43-b818-0f1c58a32011,356,4564.19,Bangalore,Food,2026-03-28 16:54:50,0
1f6d5768-677f-4c73-bd9b-faf3d8125123,338,1806.07,Bangalore,Clothing,2026-03-28 17:06:47,0
35b15604-74bf-490f-b021-22937d53a8bb,26,5212.2,Delhi,Groceries,2026-03-28 17:58:59,0
a9053b73-80bb-4ca5-af48-bb77e5d9040d,362,10615.51,Mumbai,Groceries,2026-03-28 18:17:56,0
50d346e8-0e8f-43d4-99ab-20849fd0f410,172,7392.58,Jaipur,Food,2026-03-28 19:33:41,0
efd003d0-19e3-4b65-84d8-9a4545856270,146,3888.08,Kolkata,Food,2026-03-28 19:36:24,0
7a0b29d0-904c-42ef-9e31-93f3c7eeaae2,395,270.87,Jaipur,Clothing,2026-03-28 20:08:02,0
79c3de2a-b423-4204-b8eb-cf0ca9454557,102,10282.03,Jaipur,Clothing,2026-03-28 20:09:00,0
ed57a5c8-9110-4698-8c1e-172a15e9bee4,224,9672.12,Chennai,Food,2026-03-28 20:12:16,0
7d5642dc-5c7e-4a51-adb1-e9168d6aba41,291,1901.65,Bangalore,Clothing,2026-03-28 20:25:08,0
18deabfe-5172-44f0-a285-f766f9d46d34,93,160.11,Mumbai,Groceries,2026-03-28 20:26:42,0
8a9da702-660f-44e6-845d-3231c6f7cc83,51,10599.21,Pune,Groceries,2026-03-28 20:33:20,0
28e49b27-ee34-427a-8958-92eed0ffa971,493,276.48,Bangalore,Clothing,2026-03-28 20:37:37,0
e76adca9-7811-4802-88cc-7cfecf01f944,187,11638.1,Mumbai,Food,2026-03-28 20:47:50,0
dc404104-91af-4892-a40f-f1c4e5ae01ed,355,4815.32,Hyderabad,Clothing,2026-03-28 21:01:02,0
0009abff-42bd-4e68-9417-8c7e61e6a2f9,464,7246.07,Pune,Food,2026-03-28 21:08:28,0
b1443803-4968-4b32-996d-a162e6399b35,190,29117.49,Chennai,Travel,2026-03-28 22:09:03,1
43bc32e7-2e6a-43ed-a8dc-36672fcfaaef,481,44968.68,Hyderabad,Utilities,2026-03-28 22:22:51,1
a8e50e05-f1b7-4d1e-80d5-28282ba17f78,427,11847.91,Delhi,Food,2026-03-28 22:28:07,0
044b13a5-eaff-4333-a8ca-a46dbeec3c0c,113,7441.04,Bangalore,Clothing,2026-03-28 22:29:05,0
3f8a16b8-919a-4591-b3b2-0598a303d14f,374,11776.71,Kolkata,Food,2026-03-28 22:33:18,0
63a4d7cd-88d8-4e79-9b08-4704830b230d,276,9571.37,Mumbai,Electronics,2026-03-28 22:38:33,0
2ba41da8-c820-4c8a-86e0-31408e456886,456,3248.77,Jaipur,Groceries,2026-03-28 23:02:48,0
1b0be11d-670c-4dfb-8b88-146b2c7d5b6b,72,11114.24,Kolkata,Groceries,2026-03-28 23:19:31,0
59e7ea04-1b85-450c-af92-d87c7ccad5d6,131,7088.46,Chennai,Groceries,2026-03-29 00:18:05,1
0c46d8be-bd3f-4354-904b-9abba41425de,148,6377.85,Jaipur,Groceries,2026-03-29 01:19:57,0
be8864ab-fa27-48f8-8312-5cdd722899a2,456,9076.14,Jaipur,Clothing,2026-03-29 01:31:22,0
a769736a-b15c-4203-aca8-070375f13f4c,118,489.99,Hyderabad,Clothing,2026-03-29 02:39:57,0
67f2411b-d332-4361-82ed-78cbb7aff6d5,127,4520.98,Kolkata,Electronics,2026-03-29 03:00:16,1
f4117f54-24c5-4308-b950-80e4f90e9670,127,7391.9,Kolkata,Food,2026-03-29 03:05:44,1
ef0f46ec-4b85-442b-835e-48ae9be1c567,127,11679.21,Kolkata,Travel,2026-03-29 03:16:10,1
4b1e4bcf-8f73-4b58-96ec-d10f6c7df54b,311,3567.72,Bangalore,Entertainment,2026-03-29 05:13:06,1
b7321e2b-d4a4-4bf0-b96a-53053ed1d8f8,180,425.2,Pune,Clothing,2026-03-29 07:48:57,0
6d547e1c-221b-489e-b10f-6f835110c40c,479,4977.17,Pune,Clothing,2026-03-29 07:51:18,0
386e995d-3b01-4893-bd9d-38e36e078bdc,474,575.25,Jaipur,Food,2026-03-29 08:00:07,0
3d16692a-92d5-4d24-8e10-eb230896b2f7,425,3415.26,Pune,Food,2026-03-29 08:39:26,0
d4fbc996-26e0-47c6-915b-fda0b83f0063,368,11229.95,Bangalore,Food,2026-03-29 08:48:45,0
0cfc4e02-351d-49ea-a7d5-959b3d47fe6a,492,950.17,Delhi,Groceries,2026-03-29 09:15:20,0
7210045a-823c-4ef9-8d85-65ce83a9c235,21,4638.33,Bangalore,Food,2026-03-29 09:24:16,0
13551496-0b6e-4982-98a4-61ca8146ef20,209,8185.1,Chennai,Clothing,2026-03-29 09:34:45,0
24f6548d-7273-4998-b4d2-44cd57632be7,37,11586.12,Jaipur,Groceries,2026-03-29 09:36:00,0
1a38aad6-ce53-4ffd-bb13-4f0216de66c9,266,195.94,Kolkata,Groceries,2026-03-29 09:55:27,0
4eba2d22-7c0b-4276-8eee-848008405335,247,6466.86,Kolkata,Food,2026-03-29 10:04:16,0
1720c826-4e36-48a4-994a-04ce23fcb5bd,117,4846.04,Hyderabad,Food,2026-03-29 10:12:21,0
b47a1c5b-b0b3-4015-b510-2852b4746349,347,8350.43,Hyderabad,Food,2026-03-29 11:15:17,0
226cbc6a-7fe5-44b6-abe8-c7562d36226c,295,1288.45,Bangalore,Groceries,2026-03-29 11:35:27,0
dcbc66f5-c9c6-40ea-8336-c1a98abee26b,440,10907.44,Jaipur,Food,2026-03-29 12:07:13,0
d0c31c50-29f3-48cf-8359-a4373d756daf,109,6829.72,Hyderabad,Food,2026-03-29 12:16:02,0
03c71011-784a-4448-8347-2a9a0ec47347,290,4538.26,Bangalore,Groceries,2026-03-29 12:18:29,0
33be8942-e24f-408a-a2b6-a842d2a81922,490,8370.73,Delhi,Clothing,2026-03-29 12:18:54,0
277eb0aa-a247-441d-88ad-0899b630794d,96,4622.87,Delhi,Clothing,2026-03-29 12:51:15,0
c3a7600b-ccfd-41c3-85d1-ef81b5f535fd,76,8180.28,Kolkata,Groceries,2026-03-29 13:27:48,0
fe0060ae-f9f5-4be4-a208-945f04c60509,371,3480.63,Pune,Food,2026-03-29 13:39:56,0
ea7f7f6b-f044-41b6-a4b0-4a656e81a8a3,95,838.62,Mumbai,Clothing,2026-03-29 13:43:01,0
67687c42-b346-4999-a598-bc54eba2a67c,454,10495.2,Kolkata,Food,2026-03-29 13:58:22,0
2904a6d6-e3e7-45ab-9c02-bc2935dbe396,186,10416.74,Chennai,Food,2026-03-29 14:00:58,0
8eda2a9c-1edb-43b8-b2d2-a999ae426772,361,10418.35,Pune,Groceries,2026-03-29 14:02:46,0
4ef605e0-308c-4fb3-849b-3bd602044acf,69,7344.13,Bangalore,Food,2026-03-29 14:05:07,0
8625935f-c734-45b4-9b1a-14b63c2fe50f,64,1928.24,Jaipur,Groceries,2026-03-29 14:05:44,0
e6b875df-d458-41d7-a7f8-c2d4cbcb7fe9,324,1281.38,Delhi,Clothing,2026-03-29 14:08:06,0
79356bae-8101-4ec7-9c93-408a551e766f,412,1892.19,Chennai,Clothing,2026-03-29 14:22:29,0
0575e589-2cf3-48b6-823b-24a40c0ca4d0,266,2928.29,Kolkata,Groceries,2026-03-29 14:35:08,0
a1a3bbdd-94eb-4745-ad50-09cdb5ff2456,338,10829.93,Hyderabad,Clothing,2026-03-29 14:40:13,0
828f479a-51a9-4ff5-8e0b-29857c0591f1,285,34236.81,Mumbai,Clothing,2026-03-29 14:49:19,0
231ab6d3-94a9-46bb-89d8-0111cf8d5623,131,5903.23,Hyderabad,Groceries,2026-03-29 15:00:49,0
fca7e614-10b7-4a01-aea0-e30e96bee52e,218,3581.19,Hyderabad,Food,2026-03-29 15:05:47,0
bef06a7b-1ab6-41e7-ab7c-a609a0e2cffc,349,279.77,Mumbai,Clothing,2026-03-29 15:17:01,0
12e89d10-2871-4733-8bed-db12ad77e82f,318,10962.67,Delhi,Food,2026-03-29 15:40:16,0
fe65b782-57c2-4cfd-b9d5-9f7f1e014975,108,10687.59,Delhi,Groceries,2026-03-29 15:51:10,0
4e495463-f00b-4cdc-b91a-43e1fb2b3c7a,372,5648.41,Mumbai,Groceries,2026-03-29 16:02:18,0
46e53c29-63ce-4666-8b78-9b1fa68a8457,477,2048.34,Hyderabad,Food,2026-03-29 16:38:26,0
03acc634-296d-44cd-831b-011f6f90d9af,193,9447.65,Pune,Groceries,2026-03-29 16:39:27,0
dee2235e-c078-4523-86f7-cab9556b4a52,225,2092.7,Pune,Food,2026-03-29 16:56:00,0
afe0558c-03eb-4741-accd-1c0ea469c801,467,10773.23,Pune,Groceries,2026-03-29 17:12:22,0
e53e5f4c-6c7e-4a2c-867f-358ba48aa108,393,33230.31,Pune,Clothing,2026-03-29 17:51:00,0
82ab23a0-fc86-4110-9c8a-a87202141a68,106,3666.85,Chennai,Utilities,2026-03-29 18:19:58,0
2560f364-f460-4485-a1a7-442fc772e2ba,78,9745.57,Chennai,Groceries,2026-03-29 18:25:10,0
12eee585-9b3f-457d-a360-e30b195f2ccf,484,4070.71,Pune,Clothing,2026-03-29 18:30:51,0
59ad7887-c10e-45e7-bc6c-4b7faee8e33c,342,22493.16,Chennai,Groceries,2026-03-29 19:13:11,0
9631be62-13b4-48db-99bc-e2196fb398f4,99,3927.86,Mumbai,Groceries,2026-03-29 19:30:32,0
2d0d934d-3f51-484f-b47a-5e1a914c6828,313,18845.09,Kolkata,Food,2026-03-29 19:36:45,0
54eb4c91-b784-4e08-b58f-c8fa0614ac41,110,1336.73,Pune,Groceries,2026-03-29 19:56:47,0
65baca06-6fe8-4586-82c1-7b29aa1057f3,377,10604.97,Hyderabad,Food,2026-03-29 19:58:08,0
2d11ebc9-6515-4fc3-92b7-60dfc55c08f7,94,3197.67,Bangalore,Clothing,2026-03-29 20:38:13,0
e6931d49-b54c-4033-8586-143cc3923c7b,455,1945.43,Mumbai,Clothing,2026-03-29 21:26:09,0
6d84414d-f541-41ea-bde9-1c42002c4c22,176,646.72,Mumbai,Groceries,2026-03-29 21:29:01,0
ce1ce79d-79b7-4016-8795-d6606422485d,392,46210.86,Kolkata,Utilities,2026-03-29 22:13:17,1
7a95df83-f7dd-41c3-bc7e-d14060e585ab,329,9076.46,Delhi,Clothing,2026-03-29 22:21:43,0
27d19990-2049-4289-856a-3b28caef3c9e,254,3966.16,Kolkata,Groceries,2026-03-29 22:25:32,0
1c088b33-cf73-4f31-8b18-31ee052a6bca,396,4183.16,Pune,Clothing,2026-03-29 22:25:34,0
6a771a9a-d5fa-4142-9d63-e77a5339d570,182,10896.51,Bangalore,Groceries,2026-03-29 22:32:04,0
901e2eac-1428-4b3b-9fe9-431c4b29822e,427,9426.05,Delhi,Food,2026-03-30 02:12:43,0
04e6132f-fb58-4128-96a0-7fc129a58895,199,10210.8,Delhi,Clothing,2026-03-30 03:59:12,1
8eea815a-1a6f-4482-8ef3-0f13c7ec4955,288,6704.3,Mumbai,Clothing,2026-03-30 03:59:46,0
4d9dbcd1-6bfc-4bea-b865-0ef88f7cce9f,169,6323.01,Delhi,Utilities,2026-03-30 04:06:28,1
56da4c58-7b32-4b5b-9dc3-f61224305fa4,442,961.49,Hyderabad,Food,2026-03-30 05:17:59,0
82bf1c98-87f5-4c66-ac73-476f1314e0eb,212,6415.97,Delhi,Food,2026-03-30 05:44:01,0
18ab202b-df7a-47b0-b044-f29765623354,11,8504.14,Bangalore,Food,2026-03-30 05:59:12,0
f610396b-7df5-4abf-ab79-0d013cf88d20,326,11416.78,Pune,Food,2026-03-30 06:54:47,0
60f34ebc-e1bb-48cd-be3a-9f0769fd28e6,128,3154.23,Hyderabad,Clothing,2026-03-30 08:03:24,0
b424ecf3-6a7c-4cfc-8239-433a4a87e802,82,9984.08,Delhi,Groceries,2026-03-30 08:05:10,0
444122a5-6bd1-4826-a6c2-cbb783c74cbe,44,3728.46,Mumbai,Clothing,2026-03-30 08:34:20,0
e365bcfd-04d2-49f8-ad44-c4f8404f9c86,385,11855.5,Pune,Groceries,2026-03-30 08:36:20,0
d648dd53-fd68-45af-ae35-ee60f5f86392,39,34187.7,Mumbai,Utilities,2026-03-30 08:44:53,1
f8f79639-e6de-4c16-aa6d-ccb6a24565d4,414,4497.85,Mumbai,Food,2026-03-30 09:01:28,0
8db51d32-4692-457e-8980-4b4455d549a2,371,11751.07,Pune,Groceries,2026-03-30 09:05:12,0
b4801175-fa6c-4234-92b9-ad7b9d829658,212,142.76,Delhi,Travel,2026-03-30 09:07:22,0
a008ac20-c272-48e6-bf39-a117f83b1806,298,7194.93,Pune,Groceries,2026-03-30 09:15:10,0
57aed6a1-204d-4e14-80cc-5d0ad6aebc0b,218,9067.24,Hyderabad,Food,2026-03-30 09:37:07,0
82f73861-1adb-48cf-a60c-1638d4a5a81e,106,210.72,Hyderabad,Food,2026-03-30 09:42:33,0
517eb16a-9922-4b37-ad9e-b2d25adea2a4,150,27585.59,Chennai,Food,2026-03-30 10:22:06,0
4b87959f-f0cd-4f05-aa87-855ea38295d3,185,8046.65,Pune,Groceries,2026-03-30 10:25:43,0
bf94abfa-af61-425e-ac68-74df1c63c39b,3,34301.81,Hyderabad,Food,2026-03-30 10:29:31,0
00d74d16-3aad-4ec3-a662-0fa001bab5f5,100,1116.07,Pune,Food,2026-03-30 10:48:09,0
5d4bc01e-31e8-4914-b797-1892e30b7fcc,204,10598.64,Chennai,Groceries,2026-03-30 10:55:26,0
ff2ed8b2-0783-4c62-9d69-b21dd56ca7ea,277,1778.09,Mumbai,Clothing,2026-03-30 11:05:23,0
cb35097a-e5dd-48f1-88a7-38ab0df83e12,399,31941.4,Jaipur,Clothing,2026-03-30 11:33:38,0
052011e3-b35d-450c-b972-39c3edaabee1,221,5569.13,Delhi,Groceries,2026-03-30 11:45:25,0
3e36edc5-95cd-4cb9-888b-9499e2dff5e3,305,1761.88,Delhi,Groceries,2026-03-30 12:30:31,0
a42637dc-3d04-4ca1-be88-364e56e718d1,220,6591.61,Jaipur,Food,2026-03-30 12:30:56,0
24f661b4-568f-44d5-afe9-06ad04aeac4d,50,10215.02,Mumbai,Groceries,2026-03-30 13:05:13,0
5d9e0ef7-0314-4c2b-aa60-23648cd69c96,59,11736.26,Hyderabad,Travel,2026-03-30 13:14:44,0
081f4ced-5e3f-4a2a-9e0a-0b09c2b89fc2,348,7927.67,Chennai,Groceries,2026-03-30 13:44:38,0
50ef5abd-7eef-4275-8e4d-2b97ed121765,29,8068.99,Mumbai,Clothing,2026-03-30 13:56:41,0
58ed7798-9c26-4a1b-9c13-7f717a77a4de,35,10820.75,Hyderabad,Groceries,2026-03-30 13:59:52,0
36672667-afa0-475b-a192-bc540ea8b662,489,1347.08,Pune,Groceries,2026-03-30 14:22:39,0
2e182d78-608b-4dfa-902d-9fe429db1298,396,3877.39,Jaipur,Groceries,2026-03-30 14:31:27,0
2686d5c6-6d59-4de7-9287-c72e39a8ab5e,271,11387.19,Bangalore,Groceries,2026-03-30 14:36:18,0
8aa499b7-76c9-4825-a842-e7f5164679a4,452,1178.69,Hyderabad,Food,2026-03-30 15:18:10,0
dcb9d394-e8ac-44c4-b6b9-824010416cbc,141,9552.69,Pune,Groceries,2026-03-30 15:41:44,0
a1f1c440-3731-4eda-bf66-6f94e46ba2a0,367,7620.05,Pune,Clothing,2026-03-30 15:47:16,0
c93e1531-a87a-40a7-9e1e-57ee88faf505,65,10301.16,Pune,Groceries,2026-03-30 15:47:55,0
f6972fbb-b39b-4eb6-9632-919d7e99a2c2,364,5898.92,Kolkata,Clothing,2026-03-30 16:06:05,0
e04b1533-b905-47b6-b97e-e8301e018646,395,8276.53,Jaipur,Clothing,2026-03-30 16:35:20,0
b69a12af-34cd-4d6f-92bd-d07b07b5c69a,155,4475.02,Chennai,Food,2026-03-30 16:50:14,0
f0861ee8-fa54-4020-8fee-fead55d0591e,267,9144.87,Hyderabad,Groceries,2026-03-30 17:59:43,0
33427ae9-63f4-4f27-a1cc-6a9ab417d58b,426,10201.72,Chennai,Groceries,2026-03-30 18:35:26,0
1200b1ef-6acf-4ffa-88c9-35c29d726910,114,923.37,Hyderabad,Clothing,2026-03-30 18:38:55,0
ffcaf334-4748-4b80-99c1-ab2d7b5926b1,175,11615.46,Mumbai,Clothing,2026-03-30 18:38:58,0
a2ad8e70-97a1-4f27-abbe-c86c5816002d,48,5918.02,Mumbai,Food,2026-03-30 19:04:03,1
307c68e0-3e9a-46d6-8b07-475ae92f924a,112,1553.2,Jaipur,Food,2026-03-30 19:05:19,0
61e3178b-72eb-4e4e-95c4-fab0e97f995d,498,2186.44,Delhi,Groceries,2026-03-30 19:20:54,0
9b08725e-e1ea-40f2-8c52-b95c2146e7b4,310,7981.53,Kolkata,Food,2026-03-30 19:38:45,0
c6406b52-cdef-4ef2-89c3-9ca741b419ca,53,9247.28,Mumbai,Groceries,2026-03-30 19:50:51,0
a6be4e51-5543-4649-9937-16bc60691dab,157,6131.49,Bangalore,Food,2026-03-30 20:51:06,0
109fd8ee-b5a4-4200-98f0-dd23aaf78c67,147,5945.28,Jaipur,Food,2026-03-30 21:04:28,0
aa31aff1-f08d-438c-a506-19695abafeb4,12,9503.51,Mumbai,Food,2026-03-30 21:31:21,0
a61f0b96-e75f-445a-aa1d-3fc65f31273d,104,10597.56,Bangalore,Clothing,2026-03-30 21:59:56,0
4c1d46c4-58ba-41d6-b5f2-cda8e8d7d689,20,11206.04,Hyderabad,Groceries,2026-03-30 22:03:19,0
0b5e044f-545a-4758-84c1-107f3c3d65c2,278,5822.48,Delhi,Food,2026-03-30 22:10:41,0
5b3292fd-1b7d-405e-9d0c-d4059084b6de,228,3987.91,Bangalore,Clothing,2026-03-30 22:20:46,0
6ac34342-f504-47ca-9021-52f52fdd4383,45,19744.81,Bangalore,Entertainment,2026-03-30 22:59:27,1
a2388e95-7992-44c2-9200-630a39b8f052,290,3743.36,Hyderabad,Food,2026-03-31 02:14:32,0
61ace5b8-d359-4650-9467-76aa746aed70,470,818.14,Pune,Food,2026-03-31 02:45:13,0
69e367cc-dd66-471d-8519-d0ebc94fff2e,500,5861.53,Delhi,Food,2026-03-31 08:02:14,0
39b9c13a-56fe-472b-9acb-287dd5949c84,395,5320.3,Jaipur,Clothing,2026-03-31 08:23:08,0
3656a7c1-23ea-4fb3-bda0-d3a565d7a425,365,11397.87,Hyderabad,Food,2026-03-31 08:51:18,0
40e3200c-683b-41bc-8c0a-7983e2e6e895,66,3000.02,Hyderabad,Clothing,2026-03-31 08:57:49,0
139871f9-69ff-4191-ac58-4c167fbaf0b9,102,22143.63,Jaipur,Electronics,2026-03-31 09:04:19,1
bc5fd4dd-d92f-4c1e-9f70-fb2a78bb22a5,294,325.35,Delhi,Groceries,2026-03-31 10:26:44,0
0a042b4e-731c-47d0-8616-7a53e0f58246,481,5235.21,Jaipur,Food,2026-03-31 10:51:09,0
08601833-479d-4cda-b396-ea37f065c817,487,5087.61,Pune,Groceries,2026-03-31 10:56:26,0
548e1f6b-69ce-4e4e-99a6-92c90d700ea4,288,1399.8,Mumbai,Clothing,2026-03-31 11:15:03,0
f8997ba4-b0b7-49e9-8f0c-c9c6dc9a02ea,261,2617.37,Hyderabad,Groceries,2026-03-31 11:28:37,0
86e35e9b-e047-4ecb-b553-8cd3fcc1c48c,380,4377.1,Pune,Food,2026-03-31 11:58:24,0
621ec742-e1bf-4697-bd9a-639f8a28a9ea,465,26685.54,Mumbai,Utilities,2026-03-31 12:02:34,1
203dfc74-ecd0-4b5a-80e2-9c59d30087ae,436,7673.73,Jaipur,Clothing,2026-03-31 12:08:51,0
72be6ac8-3d33-4c19-b576-237c521d56b5,478,4026.52,Pune,Clothing,2026-03-31 12:34:51,0
0814b225-a679-4090-9160-d3056dcd8d43,425,18311.47,Pune,Food,2026-03-31 12:48:19,0
513fe5be-360c-4575-85f5-d6b3f42597f7,69,1926.41,Bangalore,Clothing,2026-03-31 13:04:17,0
7c795dd9-73d1-4f3e-9860-c4f45f70b951,447,8965.7,Hyderabad,Clothing,2026-03-31 13:57:17,0
b7ac67d0-3f52-4ef4-b06f-b4a48c569680,16,780.74,Chennai,Clothing,2026-03-31 13:57:52,0
1abd1a31-85c7-4ead-90cf-dbb1da4dd3c5,353,519.19,Kolkata,Groceries,2026-03-31 14:13:48,0
d7e4527a-6274-4240-8e30-1bcc302fa247,222,7540.05,Chennai,Groceries,2026-03-31 14:24:27,0
10fa62fc-a9b2-4838-adac-4484f2d058ca,51,4419.62,Pune,Clothing,2026-03-31 14:36:21,0
706d887c-952e-4771-8b6c-81b65d8a61fa,62,3517.51,Chennai,Clothing,2026-03-31 14:55:14,0
38e2aae3-633a-491a-927e-be781e2cebca,56,8884.11,Chennai,Clothing,2026-03-31 15:44:10,0
15d48ee8-32bd-48a9-bd51-8fef6889ca28,286,6998.83,Hyderabad,Food,2026-03-31 16:30:36,0
6c03c1b1-3e0e-4022-9aa2-8ce17a80174e,33,3088.9,Kolkata,Food,2026-03-31 16:38:01,0
7ea868b5-00e7-4c85-a14e-434417f6d756,209,47033.46,Chennai,Clothing,2026-03-31 17:01:43,1
7f29c9e7-5601-46a5-b4b6-685dacd4180a,11,364.61,Bangalore,Food,2026-03-31 17:24:20,0
21aa50dd-5838-4bc7-a981-0678db82b67d,168,9747.67,Chennai,Clothing,2026-03-31 17:33:29,0
c1456f26-7a8f-46a2-b88c-d2b020769df3,360,1804.09,Kolkata,Groceries,2026-03-31 17:42:40,0
70d91273-3e6d-4f97-8910-f373527db562,134,5550.06,Jaipur,Clothing,2026-03-31 17:52:20,0
22c486ba-02d8-40a7-bf2c-d98b25d39390,73,10456.02,Mumbai,Food,2026-03-31 18:05:48,0
ecebb138-4d70-4d44-9b49-1ca6b0c3bc62,134,29744.71,Jaipur,Entertainment,2026-03-31 18:19:00,1
d4ec23e8-e37a-4524-a2b5-1013e58ec83e,1,6094.19,Mumbai,Clothing,2026-03-31 18:45:27,1
ee519882-93ef-48c4-a9b1-2582c3545cd8,217,6586.27,Jaipur,Food,2026-03-31 19:28:01,0
341fe701-0633-4388-b57e-1b170d4be935,374,33214.16,Delhi,Clothing,2026-03-31 19:36:29,0
58683a1b-6ccb-4b41-97b2-05e5112458e5,440,8909.65,Jaipur,Food,2026-03-31 19:55:25,0
79f58664-5b41-4b5f-a711-0ce15c771788,489,11481.32,Bangalore,Groceries,2026-03-31 20:24:50,0
11b7664a-fd92-4b6f-b21e-2700e1476a7f,373,5363.0,Chennai,Utilities,2026-03-31 20:27:56,0
6d572692-fb92-4354-b34d-4b136065f5cf,227,10776.9,Mumbai,Electronics,2026-03-31 20:47:12,0
58d6fa81-bc95-4432-b554-7345789d55f9,230,39277.2,Kolkata,Travel,2026-03-31 20:51:59,1
db00ebd5-3d7b-40c9-a6b9-83745e4f2127,200,8261.58,Mumbai,Groceries,2026-03-31 21:10:09,0
cb61756c-070f-47e9-8b55-bdafdf118c67,132,9388.47,Mumbai,Groceries,2026-03-31 22:00:29,0
8cf6f208-7c20-4e52-829e-e93392d8fc8a,364,4781.49,Chennai,Groceries,2026-03-31 22:01:55,1
0e017bad-b369-4c7c-beed-c1ca22409062,92,9280.41,Jaipur,Food,2026-03-31 22:50:18,0
1437ef49-c206-45e1-8dc7-cb060472dba6,72,4704.52,Kolkata,Utilities,2026-03-31 23:33:48,1
